lsoa21,lad24_name,epc_coverage_rate,below_c_rate,lisa_cluster,coverage_local_moran_i,coverage_local_p_sim,coverage_local_p_fdr,coverage_lisa_quadrant,coverage_lisa_cluster,same_cluster_label_as_main
E01004766,Bolton,0.5118012422360249,0.5970873786407767,Not significant,0.051077565869551894,0.387,0.46593888070692197,High-High,Not significant,True
E01004767,Bolton,0.4759671746776084,0.4852216748768473,Not significant,-0.012092352755101942,0.211,0.39069648924122313,Low-High,Not significant,True
E01004768,Bolton,0.2973856209150327,0.6263736263736264,Not significant,0.3690685264526412,0.102,0.29806194690265486,High-High,Not significant,True
E01004769,Bolton,0.3021897810218978,0.6231884057971014,Not significant,0.47282516535138697,0.055,0.22708333333333333,High-High,Not significant,True
E01004770,Bolton,0.3404255319148936,0.7115384615384616,Not significant,0.5562459406992907,0.178,0.3681320754716981,High-High,Not significant,True
E01004771,Bolton,0.3626198083067092,0.7268722466960352,Not significant,0.15012147578744411,0.417,0.47544979079497907,High-High,Not significant,True
E01004772,Bolton,0.3088235294117647,0.2857142857142857,Not significant,-0.7156891849550013,0.098,0.29292504570383915,Low-High,Not significant,True
E01004773,Bolton,0.4463869463869463,0.4856396866840731,Not significant,-0.018297851104958986,0.117,0.3115553745928339,Low-High,Not significant,True
E01004774,Bolton,0.3504736129905277,0.4980694980694981,Not significant,-0.006948377234888986,0.348,0.44836879432624105,High-Low,Not significant,True
E01004775,Bolton,0.6637931034482759,0.1996753246753246,Not significant,0.19671362097816733,0.378,0.4616186252771619,Low-Low,Not significant,True
E01004776,Bolton,0.4478155339805825,0.4010840108401084,Not significant,0.41753274917690514,0.01,0.09396551724137932,Low-Low,Not significant,True
E01004777,Bolton,0.5,0.3661616161616162,Not significant,0.18898361021372193,0.269,0.42747137404580154,Low-Low,Not significant,True
E01004778,Bolton,0.3234750462107209,0.5485714285714286,Not significant,-0.1930730769488801,0.216,0.3945921787709497,High-Low,Not significant,True
E01004779,Bolton,0.3440514469453376,0.4299065420560747,Not significant,0.35999059522204574,0.068,0.24872483221476513,Low-Low,Not significant,True
E01004780,Bolton,0.3834355828220859,0.4053333333333333,Not significant,0.22618393096527406,0.12,0.3134185303514377,Low-Low,Not significant,True
E01004781,Bolton,0.6558237145855194,0.2416,Not significant,0.626626539043466,0.119,0.31280546623794214,Low-Low,Not significant,True
E01004782,Bolton,0.3807890222984562,0.3918918918918919,Not significant,-0.17326490976381412,0.292,0.43010810810810807,Low-High,Not significant,True
E01004783,Bolton,0.3444613050075872,0.5726872246696035,Not significant,-0.2518007704760639,0.16,0.35428667563930016,High-Low,Not significant,True
E01004784,Bolton,0.2608695652173913,0.6893939393939394,Not significant,0.8790840858552533,0.066,0.24636986301369865,High-High,Not significant,True
E01004785,Bolton,0.3046153846153846,0.5454545454545454,Not significant,0.06359837728549102,0.278,0.42857742537313437,High-High,Not significant,True
E01004786,Bolton,0.3430232558139535,0.4745762711864407,Not significant,-0.008076623881759446,0.44,0.48101067378252166,Low-High,Not significant,True
E01004787,Bolton,0.3647214854111406,0.3054545454545455,Not significant,0.31584970412272606,0.328,0.4410197368421052,Low-Low,Not significant,True
E01004788,Bolton,0.2648026315789473,0.6770186335403726,Not significant,0.7247098412259311,0.064,0.2450585480093677,High-High,Not significant,True
E01004789,Bolton,0.3388157894736842,0.7184466019417476,Not significant,1.0341065718699918,0.014,0.11165853658536586,High-High,Not significant,True
E01004790,Bolton,0.3555900621118012,0.6506550218340611,Not significant,0.39827905876134145,0.146,0.33955903271692744,High-High,Not significant,True
E01004791,Bolton,0.3526717557251908,0.5974025974025974,High-High,0.7003333926455172,0.003,0.04541666666666667,High-High,High-High,True
E01004792,Bolton,0.3140625,0.8407960199004975,Not significant,1.9440428007806414,0.014,0.11165853658536586,High-High,Not significant,True
E01004793,Bolton,0.3717579250720461,0.3488372093023256,Not significant,0.2539462650836187,0.278,0.42857742537313437,Low-Low,Not significant,True
E01004794,Bolton,0.2871012482662968,0.4251207729468599,Not significant,0.05025878328821148,0.375,0.4616186252771619,Low-Low,Not significant,True
E01004795,Bolton,0.3400576368876081,0.4491525423728814,Not significant,-0.0768527011131584,0.202,0.386280701754386,Low-High,Not significant,True
E01004796,Bolton,0.4074626865671641,0.5311355311355311,Not significant,-0.05312614524992841,0.3,0.4336870026525199,High-Low,Not significant,True
E01004797,Bolton,0.3636363636363636,0.5,Not significant,-0.004344820402742901,0.396,0.46985486211901306,High-Low,Not significant,True
E01004798,Bolton,0.3583208395802099,0.5815899581589958,Not significant,0.014684824364922713,0.485,0.4977871939736347,High-High,Not significant,True
E01004799,Bolton,0.3447098976109215,0.6435643564356436,Not significant,0.39992784956889443,0.285,0.43010810810810807,High-High,Not significant,True
E01004800,Bolton,0.2696629213483146,0.5486111111111112,Not significant,0.11514470595686657,0.254,0.4198640483383686,High-High,Not significant,True
E01004801,Bolton,0.3117469879518072,0.3381642512077294,Not significant,-0.026716432680025236,0.475,0.4956126356094448,Low-High,Not significant,True
E01004802,Bolton,0.3298153034300791,0.404,Not significant,0.13182801006175832,0.29,0.43010810810810807,Low-Low,Not significant,True
E01004803,Bolton,0.3673184357541899,0.5855513307984791,Not significant,0.17750810770305644,0.272,0.42747137404580154,High-High,Not significant,True
E01004804,Bolton,0.3327868852459016,0.645320197044335,Not significant,0.4935400034238935,0.17,0.3623859191655802,High-High,Not significant,True
E01004805,Bolton,0.3815201192250372,0.453125,Not significant,-0.11800322921492486,0.14,0.3307803468208093,Low-High,Not significant,True
E01004806,Bolton,0.4257575757575758,0.5800711743772242,Not significant,0.37364257449876886,0.029,0.16813829787234041,High-High,Not significant,True
E01004807,Bolton,0.3523316062176165,0.3774509803921568,Not significant,-0.11941293695483181,0.376,0.4616186252771619,Low-High,Not significant,True
E01004808,Bolton,0.3261183261183261,0.5309734513274337,Not significant,0.12969396704959005,0.053,0.2221923076923077,High-High,Not significant,True
E01004809,Bolton,0.4361334867663982,0.5145118733509235,Not significant,0.01589683199909963,0.399,0.47034246575342464,High-High,Not significant,True
E01004810,Bolton,0.2940251572327044,0.6363636363636364,Not significant,0.3871245903703065,0.162,0.35505361930294904,High-High,Not significant,True
E01004811,Bolton,0.5553846153846154,0.5152354570637119,Not significant,-0.01958737895439756,0.364,0.45850539291217257,High-Low,Not significant,True
E01004812,Bolton,0.5976505139500734,0.3611793611793611,Not significant,-0.13631116218350547,0.315,0.43673710904480134,Low-High,Not significant,True
E01004813,Bolton,0.433206106870229,0.6035242290748899,Not significant,0.33232052528821404,0.106,0.3008854166666667,High-High,Not significant,True
E01004814,Bolton,0.4839857651245551,0.5698529411764706,Not significant,0.040617199978790125,0.419,0.4760701876302988,High-High,Not significant,True
E01004815,Bolton,0.3652482269503546,0.6067961165048543,Not significant,0.21863020976430717,0.271,0.42747137404580154,High-High,Not significant,True
E01004816,Bolton,0.2959866220735786,0.7005649717514124,Not significant,0.6274942730656553,0.135,0.3250736377025037,High-High,Not significant,True
E01004817,Bolton,0.8167701863354038,0.3840304182509506,Not significant,0.47740982246705466,0.024,0.14751879699248122,Low-Low,Not significant,True
E01004818,Bolton,0.6457725947521866,0.4514672686230248,Not significant,0.11058561397259768,0.191,0.3762469879518073,Low-Low,Not significant,True
E01004819,Bolton,0.4735099337748344,0.5034965034965035,Not significant,-0.03567181107586189,0.086,0.27409356725146194,High-Low,Not significant,True
E01004820,Bolton,0.3796445880452342,0.5106382978723404,Not significant,-0.04660289348817816,0.196,0.38014234875444847,High-Low,Not significant,True
E01004822,Bolton,0.4309210526315789,0.4045801526717557,Not significant,0.28444786340180694,0.097,0.2915349264705882,Low-Low,Not significant,True
E01004823,Bolton,0.7174418604651163,0.1750405186385737,Not significant,1.4754565550957028,0.039,0.19206325301204819,Low-Low,Not significant,True
E01004824,Bolton,0.3421052631578947,0.6982248520710059,Not significant,-0.806073199999345,0.08,0.2663951120162933,High-Low,Not significant,True
E01004825,Bolton,0.3582089552238806,0.5046296296296297,Not significant,0.018655555750819612,0.253,0.4198640483383686,High-High,Not significant,True
E01004826,Bolton,0.4916666666666666,0.5220338983050847,Not significant,-0.002715602634805237,0.477,0.4968404322949777,High-Low,Not significant,True
E01004827,Bolton,0.3699851411589896,0.5060240963855421,Not significant,0.013648321056776335,0.326,0.4410197368421052,High-High,Not significant,True
E01004828,Bolton,0.3634920634920635,0.5240174672489083,Not significant,-0.003011052309051609,0.495,0.4991369778869779,High-Low,Not significant,True
E01004829,Bolton,0.3692946058091286,0.6966292134831461,Not significant,0.4805580762041407,0.196,0.38014234875444847,High-High,Not significant,True
E01004830,Bolton,0.4607977991746905,0.4805970149253731,Not significant,-0.02517928158159408,0.199,0.38413813459268004,Low-High,Not significant,True
E01004831,Bolton,0.4303405572755417,0.6906474820143885,Not significant,-0.1662744834469536,0.372,0.46112206216830937,High-Low,Not significant,True
E01004832,Bolton,0.4366197183098591,0.5555555555555556,Not significant,0.24696453057935716,0.064,0.2450585480093677,High-High,Not significant,True
E01004833,Bolton,0.3478260869565217,0.59375,Not significant,0.056529466990956505,0.366,0.45984374999999994,High-High,Not significant,True
E01004834,Bolton,0.4476843910806174,0.6130268199233716,Not significant,-0.21514751752835568,0.307,0.43524632670700086,High-Low,Not significant,True
E01004835,Bolton,0.3303571428571428,0.5297297297297298,Not significant,0.004752138368562795,0.476,0.4963392857142857,High-High,Not significant,True
E01004836,Bolton,0.3499170812603648,0.7014218009478673,Not significant,-0.0940551757050778,0.449,0.4832883475971034,High-Low,Not significant,True
E01004837,Bolton,0.2789915966386554,0.5662650602409639,Not significant,0.15344229032607198,0.156,0.35326869806094185,High-High,Not significant,True
E01004838,Bolton,0.3957055214723926,0.5968992248062015,Not significant,0.16384474062833618,0.215,0.39408632286995515,High-High,Not significant,True
E01004839,Bolton,0.5808133472367049,0.229802513464991,Not significant,-0.5597232855503025,0.126,0.31939534883720927,Low-High,Not significant,True
E01004840,Bolton,0.376551724137931,0.4615384615384615,Not significant,-0.10401756471140858,0.039,0.19206325301204819,Low-High,Not significant,True
E01004841,Bolton,0.2952815829528158,0.3659793814432989,Not significant,-0.6738192555954177,0.053,0.2221923076923077,Low-High,Not significant,True
E01004842,Bolton,0.4112021857923497,0.5714285714285714,Not significant,0.34102707970474283,0.073,0.2534076433121019,High-High,Not significant,True
E01004843,Bolton,0.3942307692307692,0.532520325203252,Not significant,0.10293254137905948,0.113,0.3105126050420168,High-High,Not significant,True
E01004844,Bolton,0.3317073170731707,0.5441176470588235,Not significant,-0.02163230167210489,0.443,0.4815857712765958,High-Low,Not significant,True
E01004845,Bolton,0.4671328671328671,0.4191616766467065,Not significant,-0.24749738229690366,0.057,0.23357142857142857,Low-High,Not significant,True
E01004846,Bolton,0.4755102040816326,0.5450643776824035,Not significant,-0.08308630731743949,0.296,0.431721677074041,High-Low,Not significant,True
E01004847,Bolton,0.3533026113671275,0.4695652173913043,Not significant,0.01000290187526088,0.432,0.47984889187374075,Low-Low,Not significant,True
E01004848,Bolton,0.5019206145966709,0.3137755102040816,Not significant,0.1353193771598961,0.368,0.45984374999999994,Low-Low,Not significant,True
E01004849,Bolton,0.3752535496957404,0.6972972972972973,Not significant,-0.4807148147755097,0.217,0.3946551724137931,High-Low,Not significant,True
E01004850,Bolton,0.3445161290322581,0.6254681647940075,Not significant,0.32934766583614994,0.144,0.3368240343347639,High-High,Not significant,True
E01004851,Bolton,0.3968,0.3991935483870967,Not significant,-0.2824431387298439,0.104,0.2993661971830986,Low-High,Not significant,True
E01004852,Bolton,0.390495867768595,0.5873015873015873,Not significant,-0.0890041489959029,0.387,0.46593888070692197,High-Low,Not significant,True
E01004853,Bolton,0.3183673469387755,0.5384615384615384,Not significant,0.13410436841525314,0.105,0.2996073298429319,High-High,Not significant,True
E01004854,Bolton,0.3239740820734341,0.6866666666666666,Not significant,0.34535286954637645,0.206,0.3880299539170507,High-High,Not significant,True
E01004855,Bolton,0.4028892455858748,0.5936254980079682,Not significant,-0.008698255047107138,0.481,0.4977871939736347,High-Low,Not significant,True
E01004856,Bolton,0.5496062992125984,0.329512893982808,Not significant,-0.2881779459793624,0.242,0.4117273673257024,Low-High,Not significant,True
E01004857,Bolton,0.4051204819277108,0.4646840148698885,Not significant,0.037020687483328665,0.311,0.435719794344473,Low-Low,Not significant,True
E01004858,Bolton,0.4382022471910112,0.4230769230769231,Not significant,0.1520567458555102,0.242,0.4117273673257024,Low-Low,Not significant,True
E01004859,Bolton,0.5424460431654676,0.3740053050397878,Not significant,0.21989593484513942,0.273,0.42747137404580154,Low-Low,Not significant,True
E01004860,Bolton,0.381791483113069,0.4538461538461538,Not significant,0.1261333164844856,0.1,0.2967332123411978,Low-Low,Not significant,True
E01004861,Bolton,0.447289156626506,0.2861952861952861,Not significant,0.9554071871990217,0.02,0.1379746835443038,Low-Low,Not significant,True
E01004862,Bolton,0.4719864176570458,0.3453237410071942,Not significant,0.31928626307165675,0.242,0.4117273673257024,Low-Low,Not significant,True
E01004863,Bolton,0.3796875,0.4320987654320987,Not significant,0.34853522372635193,0.015,0.11678571428571428,Low-Low,Not significant,True
E01004864,Bolton,0.3519061583577713,0.5875,Not significant,0.344729701451551,0.08,0.2663951120162933,High-High,Not significant,True
E01004865,Bolton,0.4673913043478261,0.4622093023255814,Not significant,-0.0984721175716393,0.139,0.33032703488372095,Low-High,Not significant,True
E01004866,Bolton,0.4617414248021108,0.2542857142857143,Not significant,0.007192892006296279,0.486,0.49850062735257217,Low-Low,Not significant,True
E01004867,Bolton,0.4254237288135593,0.6135458167330677,Not significant,0.01676605608497586,0.492,0.4991369778869779,High-High,Not significant,True
E01004868,Bolton,0.4322845417236662,0.5822784810126582,Not significant,0.15761303240064048,0.266,0.4251319648093842,High-High,Not significant,True
E01004869,Bolton,0.5929951690821256,0.515274949083503,Not significant,0.023479386598371323,0.367,0.45984374999999994,High-High,Not significant,True
E01004870,Bolton,0.570673712021136,0.7037037037037037,Not significant,-0.7731725160829795,0.058,0.23357142857142857,High-Low,Not significant,True
E01004871,Bolton,0.492063492063492,0.625,Not significant,0.215800563051317,0.249,0.4188425925925926,High-High,Not significant,True
E01004872,Bolton,0.3990228013029316,0.5755102040816327,Not significant,-0.28562975761438075,0.078,0.26186858316221767,High-Low,Not significant,True
E01004873,Bolton,0.2944983818770226,0.478021978021978,Not significant,-0.027257621468252974,0.277,0.42847209082308424,Low-High,Not significant,True
E01004874,Bolton,0.3338368580060423,0.4434389140271493,Not significant,0.13027249426103774,0.188,0.3743970767356882,Low-Low,Not significant,True
E01004875,Bolton,0.3654434250764526,0.5313807531380753,Not significant,-0.02383980761590526,0.385,0.46421460176991153,High-Low,Not significant,True
E01004876,Bolton,0.3499361430395913,0.3503649635036496,Not significant,0.7808831791398094,0.019,0.13332618025751072,Low-Low,Not significant,True
E01004877,Bolton,0.390461997019374,0.3473282442748092,Not significant,-0.23223769922081638,0.255,0.4198640483383686,Low-High,Not significant,True
E01004878,Bolton,0.3412844036697248,0.543010752688172,Not significant,0.06934048751896002,0.311,0.435719794344473,High-High,Not significant,True
E01004879,Bolton,0.3921933085501858,0.3459715639810427,Not significant,-0.25396499968055297,0.271,0.42747137404580154,Low-High,Not significant,True
E01004880,Bolton,0.3813387423935091,0.7340425531914894,Not significant,-0.041393244045022204,0.468,0.49281169665809765,High-Low,Not significant,True
E01004881,Bolton,0.4443021766965428,0.4092219020172911,Not significant,-0.0319330442087098,0.474,0.4955179028132992,Low-High,Not significant,True
E01004882,Bolton,0.365814696485623,0.537117903930131,Not significant,-0.06243636854646651,0.315,0.43673710904480134,High-Low,Not significant,True
E01004883,Bolton,0.4401008827238335,0.3810888252148997,Not significant,0.09698376490919615,0.371,0.4609308510638298,Low-Low,Not significant,True
E01004884,Bolton,0.3548850574712643,0.6275303643724697,Not significant,0.043583132592391674,0.441,0.48101067378252166,High-High,Not significant,True
E01004885,Bolton,0.3169014084507042,0.5666666666666667,Not significant,-0.21355293457315566,0.117,0.3115553745928339,High-Low,Not significant,True
E01004886,Bolton,0.5145161290322581,0.5297805642633229,Not significant,-0.20121674353207017,0.074,0.2547157894736842,High-Low,Not significant,True
E01004887,Bolton,0.3057851239669421,0.4108108108108108,Not significant,0.07131621566786664,0.371,0.4609308510638298,Low-Low,Not significant,True
E01004888,Bolton,0.4335664335664335,0.3951612903225806,Not significant,-0.350704140388944,0.14,0.3307803468208093,Low-High,Not significant,True
E01004889,Bolton,0.3773584905660377,0.4875,Not significant,0.007247408467502677,0.347,0.4481398104265402,Low-Low,Not significant,True
E01004890,Bolton,0.4222873900293255,0.65625,Not significant,-0.135116406767326,0.372,0.46112206216830937,High-Low,Not significant,True
E01004891,Bolton,0.5822102425876011,0.4351851851851852,Not significant,0.26720897232176993,0.041,0.19716176470588234,Low-Low,Not significant,True
E01004892,Bolton,0.3019662921348314,0.6511627906976745,Not significant,-0.10442071560711066,0.381,0.4616186252771619,High-Low,Not significant,True
E01004894,Bolton,0.539906103286385,0.3,Not significant,0.6326471890562945,0.148,0.3412976022566996,Low-Low,Not significant,True
E01004895,Bolton,0.3588039867109635,0.4583333333333333,Not significant,0.08606078971617134,0.203,0.3872870478413069,Low-Low,Not significant,True
E01004896,Bolton,0.2637362637362637,0.8402777777777778,Not significant,1.2383591312747622,0.115,0.31078512396694213,High-High,Not significant,True
E01004897,Bolton,0.3684210526315789,0.6130952380952381,Not significant,-0.2574091200797614,0.209,0.38919703872437356,High-Low,Not significant,True
E01004899,Bolton,0.4223300970873786,0.3716475095785441,Not significant,0.10468865250501713,0.348,0.44836879432624105,Low-Low,Not significant,True
E01004900,Bolton,0.3707865168539326,0.4935064935064935,Not significant,-0.0013063994141949327,0.275,0.4281404174573055,High-Low,Not significant,True
E01004901,Bolton,0.2652005174644243,0.4682926829268293,Not significant,0.14736709790977337,0.023,0.14408045977011494,Low-Low,Not significant,True
E01004902,Bolton,0.438496583143508,0.3922077922077922,Not significant,0.24385623427080283,0.168,0.3604724409448819,Low-Low,Not significant,True
E01004903,Bolton,0.2743055555555556,0.5443037974683544,Not significant,0.04778229376763444,0.374,0.4616186252771619,High-High,Not significant,True
E01004904,Bolton,0.3120759837177748,0.4826086956521739,Not significant,-0.03337526762439541,0.069,0.25070000000000003,Low-High,Not significant,True
E01004905,Bolton,0.3698224852071006,0.568,Not significant,-0.02367547777689114,0.445,0.4818377483443709,High-Low,Not significant,True
E01004906,Bolton,0.4476940382452193,0.3090452261306532,Not significant,-0.3471307548736115,0.189,0.3750182038834951,Low-High,Not significant,True
E01004907,Bolton,0.2977941176470588,0.5123456790123457,Not significant,0.06573260764793197,0.161,0.35428667563930016,High-High,Not significant,True
E01004908,Bolton,0.2915921288014311,0.7852760736196319,Not significant,-0.929130745495876,0.034,0.18530000000000002,High-Low,Not significant,True
E01004909,Bolton,0.3734375,0.401673640167364,Not significant,-0.3678210148987541,0.085,0.27409356725146194,Low-High,Not significant,True
E01004910,Bolton,0.426264800861141,0.3535353535353535,Not significant,-0.3118224051373736,0.175,0.36682692307692305,Low-High,Not significant,True
E01004911,Bolton,0.502770083102493,0.3526170798898072,Not significant,-0.28114251101367443,0.206,0.3880299539170507,Low-High,Not significant,True
E01004912,Bolton,0.304147465437788,0.6060606060606061,Not significant,0.08840876190090345,0.395,0.4696909090909091,High-High,Not significant,True
E01004913,Bolton,0.3205619412515964,0.4223107569721115,Not significant,-0.09619046960702576,0.312,0.43637296834901623,Low-High,Not significant,True
E01004914,Bolton,0.2857142857142857,0.581081081081081,Not significant,0.17062797344167668,0.27,0.42747137404580154,High-High,Not significant,True
E01004915,Bolton,0.2716981132075471,0.7430555555555556,Not significant,-0.06090781031562242,0.468,0.49281169665809765,High-Low,Not significant,True
E01004916,Bolton,0.3702064896755162,0.5139442231075697,Not significant,0.047887311516974757,0.198,0.383112426035503,High-High,Not significant,True
E01004917,Bolton,0.3267223382045929,0.3674121405750798,Not significant,-0.07269884448714285,0.376,0.4616186252771619,Low-High,Not significant,True
E01004918,Bolton,0.259765625,0.631578947368421,Not significant,-0.5720988480091083,0.139,0.33032703488372095,High-Low,Not significant,True
E01004919,Bolton,0.3564814814814814,0.7878787878787878,Not significant,0.8446667870682496,0.086,0.27409356725146194,High-High,Not significant,True
E01004920,Bolton,0.3343373493975903,0.6621621621621622,Not significant,0.334781250371381,0.261,0.4233482142857143,High-High,Not significant,True
E01004921,Bolton,0.4,0.6853146853146853,Not significant,0.8570541962982806,0.065,0.24636986301369865,High-High,Not significant,True
E01004922,Bolton,0.4892412231030577,0.4537037037037037,Not significant,-0.12615230560030524,0.066,0.24636986301369865,Low-High,Not significant,True
E01004923,Bolton,0.4748427672955975,0.6125827814569537,Not significant,-0.03472317273228215,0.443,0.4815857712765958,High-Low,Not significant,True
E01004924,Bolton,0.3059581320450886,0.6052631578947368,Not significant,0.5427728940870176,0.012,0.10272251308900524,High-High,Not significant,True
E01004925,Bolton,0.4097331240188383,0.6819923371647509,Not significant,0.8991315847246207,0.017,0.12691780821917809,High-High,Not significant,True
E01004926,Bolton,0.2955854126679462,0.474025974025974,Not significant,-0.008525732242091804,0.469,0.49281169665809765,Low-High,Not significant,True
E01004927,Bolton,0.5280685061845861,0.2468468468468468,Not significant,0.5768884130245885,0.159,0.35428667563930016,Low-Low,Not significant,True
E01004928,Bolton,0.5349854227405247,0.547683923705722,Not significant,-0.16860258010447518,0.142,0.3345389048991354,High-Low,Not significant,True
E01004929,Bolton,0.4977698483496878,0.2222222222222222,Not significant,0.18871888142328586,0.391,0.46816654492330173,Low-Low,Not significant,True
E01004930,Bolton,0.2746031746031746,0.7456647398843931,Not significant,-0.6681821485378512,0.155,0.35246870653685675,High-Low,Not significant,True
E01004931,Bolton,0.3718120805369127,0.3574007220216607,Not significant,0.06050147930675819,0.432,0.47984889187374075,Low-Low,Not significant,True
E01004932,Bolton,0.4612188365650969,0.5045045045045045,Not significant,-0.034487525576243856,0.114,0.31078512396694213,High-Low,Not significant,True
E01004933,Bolton,0.3119584055459272,0.4777777777777778,Not significant,0.05812403654669773,0.06,0.2386861313868613,Low-Low,Not significant,True
E01004934,Bolton,0.3411552346570397,0.2804232804232804,Not significant,-0.12302586190294366,0.405,0.47096372688477955,Low-High,Not significant,True
E01004935,Bolton,0.3578104138851802,0.4738805970149253,Not significant,0.06618622978632986,0.11,0.30743589743589744,Low-Low,Not significant,True
E01004936,Bolton,0.6969397828232972,0.2875354107648725,Not significant,0.7796464641231313,0.093,0.28474719101123597,Low-Low,Not significant,True
E01004937,Bolton,0.3354735152487961,0.4354066985645933,Not significant,0.12831954527068085,0.173,0.3654457364341085,Low-Low,Not significant,True
E01004938,Bolton,0.340764331210191,0.4485981308411215,Not significant,0.10945173316982848,0.216,0.3945921787709497,Low-Low,Not significant,True
E01004939,Bolton,0.3734265734265734,0.3408239700374532,Not significant,0.30824118686065877,0.249,0.4188425925925926,Low-Low,Not significant,True
E01004940,Bolton,0.2980132450331126,0.6166666666666667,Not significant,-0.39464392285465844,0.1,0.2967332123411978,High-Low,Not significant,True
E01004941,Bury,0.3796296296296296,0.3797909407665505,Not significant,-0.22705507721164542,0.179,0.3681320754716981,Low-High,Not significant,True
E01004942,Bury,0.5359375,0.4868804664723032,Not significant,-0.010428226735825791,0.239,0.4117273673257024,Low-High,Not significant,True
E01004943,Bury,0.4873239436619718,0.5722543352601156,Not significant,0.16069361380766234,0.159,0.35428667563930016,High-High,Not significant,True
E01004944,Bury,0.3507936507936507,0.5701357466063348,Not significant,-0.03775931968330946,0.419,0.4760701876302988,High-Low,Not significant,True
E01004945,Bury,0.3161094224924012,0.6538461538461539,Not significant,-0.0003091658581659965,0.483,0.4977871939736347,High-Low,Not significant,True
E01004946,Bury,0.3552123552123552,0.1992753623188405,Not significant,-0.25803448968150033,0.453,0.4854741661216482,Low-High,Not significant,True
E01004947,Bury,0.4704992435703479,0.6237942122186495,Not significant,0.25072706198881584,0.305,0.43524632670700086,High-High,Not significant,True
E01004948,Bury,0.4756242568370987,0.5575,Not significant,0.007834693784206634,0.46,0.4883766233766234,High-High,Not significant,True
E01004949,Bury,0.2586206896551724,0.7,Not significant,0.8478550972581935,0.056,0.23005025125628142,High-High,Not significant,True
E01004950,Bury,0.2750809061488673,0.488235294117647,Not significant,-0.02036016580705733,0.018,0.13022123893805307,Low-High,Not significant,True
E01004951,Bury,0.3066255778120185,0.7587939698492462,Not significant,0.8033853118605919,0.096,0.2895940959409594,High-High,Not significant,True
E01004952,Bury,0.2552845528455285,0.8089171974522293,Not significant,0.970356051336409,0.156,0.35326869806094185,High-High,Not significant,True
E01004953,Bury,0.2940251572327044,0.5133689839572193,Not significant,0.07807715829716215,0.037,0.1878726708074534,High-High,Not significant,True
E01004954,Bury,0.3730650154798761,0.5601659751037344,Not significant,0.07849673756821879,0.307,0.43524632670700086,High-High,Not significant,True
E01004955,Bury,0.3967391304347826,0.5068493150684932,Not significant,0.012198029909478297,0.431,0.47984889187374075,High-High,Not significant,True
E01004956,Bury,0.441890166028097,0.5115606936416185,Not significant,0.03974102248321342,0.143,0.33544476327116207,High-High,Not significant,True
E01004957,Bury,0.5094816687737042,0.5632754342431762,Not significant,0.06506813270347833,0.339,0.4459090909090909,High-High,Not significant,True
E01004958,Bury,0.4614264919941775,0.5331230283911672,Not significant,0.021575163041679276,0.423,0.4777670572019297,High-High,Not significant,True
E01004959,Bury,0.4254445964432284,0.617363344051447,Not significant,-0.12238752063302773,0.359,0.4560722610722611,High-Low,Not significant,True
E01004960,Bury,0.7653374233128835,0.4268537074148296,Not significant,-0.1356340272096927,0.197,0.38162914691943134,Low-High,Not significant,True
E01004961,Bury,0.4215530903328051,0.7744360902255639,Not significant,0.6145357372476433,0.336,0.4453102336825141,High-High,Not significant,True
E01004962,Bury,0.3885578069129916,0.5214723926380368,Not significant,0.07207725679871477,0.215,0.39408632286995515,High-High,Not significant,True
E01004963,Bury,0.434971098265896,0.4518272425249169,Not significant,-0.1425340868424874,0.055,0.22708333333333333,Low-High,Not significant,True
E01004964,Bury,0.4457687723480333,0.5641711229946524,Not significant,0.2572405020152855,0.046,0.20719008264462807,High-High,Not significant,True
E01004965,Bury,0.3116370808678501,0.5632911392405063,Not significant,0.32229318073372665,0.061,0.24090579710144927,High-High,Not significant,True
E01004966,Bury,0.4647302904564315,0.5446428571428571,Not significant,0.22268920497001987,0.029,0.16813829787234041,High-High,Not significant,True
E01004968,Bury,0.258957654723127,0.7169811320754716,Not significant,0.34047745579562466,0.288,0.43010810810810807,High-High,Not significant,True
E01004969,Bury,0.3946629213483146,0.6903914590747331,Not significant,-0.40864425576780516,0.185,0.3738875154511743,High-Low,Not significant,True
E01004970,Bury,0.3107438016528925,0.6595744680851063,Not significant,0.4755230633365608,0.09,0.2808206106870229,High-High,Not significant,True
E01004971,Bury,0.2733333333333333,0.7073170731707317,Not significant,0.5920221643537761,0.188,0.3743970767356882,High-High,Not significant,True
E01004972,Bury,0.5140845070422535,0.5171232876712328,Not significant,0.1457220805888568,0.005,0.06437007874015749,High-High,Not significant,True
E01004973,Bury,0.3794162826420891,0.6396761133603239,Not significant,0.4919598925786875,0.098,0.29292504570383915,High-High,Not significant,True
E01004974,Bury,0.324459234608985,0.7538461538461538,Not significant,0.11380714500075863,0.437,0.47984889187374075,High-High,Not significant,True
E01004975,Bury,0.4603381014304291,0.5028248587570622,Not significant,0.02206977066825987,0.17,0.3623859191655802,High-High,Not significant,True
E01004976,Bury,0.4458398744113029,0.6408450704225352,Not significant,0.5416291198427464,0.103,0.29806194690265486,High-High,Not significant,True
E01004977,Bury,0.4103535353535353,0.4246153846153846,Not significant,-0.27100669231822383,0.061,0.24090579710144927,Low-High,Not significant,True
E01004978,Bury,0.3727272727272727,0.7195121951219512,Not significant,0.5094119705934105,0.204,0.3873867595818815,High-High,Not significant,True
E01004979,Bury,0.4784546805349183,0.5403726708074534,Not significant,0.15650165544966332,0.065,0.24636986301369865,High-High,Not significant,True
E01004980,Bury,0.4114906832298137,0.6528301886792452,Not significant,0.198745478607178,0.335,0.4453048780487805,High-High,Not significant,True
E01004981,Bury,0.3810289389067524,0.6624472573839663,Not significant,0.3184522256624206,0.246,0.4159358841778697,High-High,Not significant,True
E01004982,Bury,0.4488549618320611,0.4693877551020408,Not significant,-0.03460192041717525,0.358,0.4551555209953343,Low-High,Not significant,True
E01004983,Bury,0.4162257495590828,0.5805084745762712,Not significant,0.1001439274279424,0.399,0.47034246575342464,High-High,Not significant,True
E01004984,Bury,0.3426573426573426,0.6071428571428571,Not significant,0.1789773367648917,0.302,0.4350396475770925,High-High,Not significant,True
E01004985,Bury,0.3181818181818182,0.6084656084656085,Not significant,0.22782348471645963,0.162,0.35505361930294904,High-High,Not significant,True
E01004986,Bury,0.4981729598051157,0.4767726161369193,Not significant,-0.05402189864134831,0.049,0.21421122994652408,Low-High,Not significant,True
E01004987,Bury,0.543247344461305,0.3575418994413408,Low-High,-1.092687416850772,0.003,0.04541666666666667,Low-High,Low-High,True
E01004988,Bury,0.4003189792663477,0.5856573705179283,Not significant,0.30900864991776883,0.062,0.24367788461538462,High-High,Not significant,True
E01004989,Bury,0.3462214411247803,0.6548223350253807,Not significant,0.551296268534289,0.077,0.26065217391304346,High-High,Not significant,True
E01004990,Bury,0.431578947368421,0.5853658536585366,Not significant,-0.10361652841128559,0.341,0.445909090909091,High-Low,Not significant,True
E01004991,Bury,0.6711635750421585,0.2964824120603015,Not significant,0.10474289263241533,0.424,0.4777670572019297,Low-Low,Not significant,True
E01004992,Bury,0.4227129337539432,0.6305970149253731,Not significant,0.0702049156403731,0.411,0.47322887323943663,High-High,Not significant,True
E01004993,Bury,0.4736842105263157,0.4173441734417344,Not significant,-0.15690925735582156,0.257,0.4206156156156156,Low-High,Not significant,True
E01004994,Bury,0.4233038348082595,0.3867595818815331,Not significant,0.056642848146947825,0.425,0.47856404958677684,Low-Low,Not significant,True
E01004995,Bury,0.250384024577573,0.5705521472392638,Not significant,0.15662084364623535,0.175,0.36682692307692305,High-High,Not significant,True
E01004996,Bury,0.4788918205804749,0.4407713498622589,Not significant,0.07198886336000342,0.322,0.43945742904841406,Low-Low,Not significant,True
E01004997,Bury,0.3483870967741935,0.5694444444444444,Not significant,-0.1275658444643955,0.29,0.43010810810810807,High-Low,Not significant,True
E01004998,Bury,0.3721244925575101,0.4763636363636364,Not significant,-0.02544589768374306,0.284,0.43010810810810807,Low-High,Not significant,True
E01004999,Bury,0.2771285475792988,0.5120481927710844,Not significant,0.0021306497826871383,0.474,0.4955179028132992,High-High,Not significant,True
E01005000,Bury,0.2534013605442177,0.6040268456375839,Not significant,0.2937386605051768,0.118,0.3116801292407108,High-High,Not significant,True
E01005002,Bury,0.2961240310077519,0.5654450261780105,Not significant,0.13633474774295068,0.194,0.37941387559808615,High-High,Not significant,True
E01005003,Bury,0.4948604992657856,0.5637982195845698,Not significant,-0.0034767769597971944,0.496,0.4991369778869779,High-Low,Not significant,True
E01005004,Bury,0.568075117370892,0.3347107438016529,Not significant,-0.30288103870197836,0.238,0.4104746835443038,Low-High,Not significant,True
E01005005,Bury,0.315112540192926,0.673469387755102,Not significant,0.45025090031741666,0.103,0.29806194690265486,High-High,Not significant,True
E01005006,Bury,0.4913151364764268,0.3585858585858585,Not significant,-0.5824071876490206,0.026,0.15458181818181818,Low-High,Not significant,True
E01005007,Bury,0.3671428571428571,0.7159533073929961,Not significant,0.7728164674831146,0.043,0.20144699140401143,High-High,Not significant,True
E01005008,Bury,0.494204425711275,0.4008528784648187,Not significant,-0.11297612033569927,0.311,0.435719794344473,Low-High,Not significant,True
E01005009,Bury,0.5069605568445475,0.4988558352402746,Not significant,0.008763661495181615,0.255,0.4198640483383686,High-High,Not significant,True
E01005010,Bury,0.2924961715160796,0.675392670157068,Not significant,0.22471315513745432,0.254,0.4198640483383686,High-High,Not significant,True
E01005011,Bury,0.3243697478991597,0.7253886010362695,Not significant,0.7485193125933458,0.111,0.3086479591836735,High-High,Not significant,True
E01005012,Bury,0.5,0.4020618556701031,Not significant,-0.36120952471779993,0.046,0.20719008264462807,Low-High,Not significant,True
E01005013,Bury,0.4847590953785644,0.5111561866125761,Not significant,0.035701752445630036,0.27,0.42747137404580154,High-High,Not significant,True
E01005014,Bury,0.5164690382081687,0.5510204081632653,Not significant,0.2655147557461043,0.062,0.24367788461538462,High-High,Not significant,True
E01005015,Bury,0.4672489082969432,0.5607476635514018,Not significant,0.1582855231997921,0.255,0.4198640483383686,High-High,Not significant,True
E01005016,Bury,0.3856942496493689,0.6836363636363636,Not significant,0.5491047346534844,0.18,0.3692597239648683,High-High,Not significant,True
E01005017,Bury,0.3462532299741602,0.4962686567164179,Not significant,0.013115762907734911,0.046,0.20719008264462807,High-High,Not significant,True
E01005018,Bury,0.4398340248962655,0.5094339622641509,Not significant,0.09240805099468458,0.03,0.17031249999999998,High-High,Not significant,True
E01005019,Bury,0.3514376996805112,0.6727272727272727,Not significant,0.65012052601642,0.05,0.21569920844327176,High-High,Not significant,True
E01005021,Bury,0.2714285714285714,0.7280701754385965,Not significant,1.00157608636117,0.036,0.18745222929936303,High-High,Not significant,True
E01005022,Bury,0.3748031496062992,0.6218487394957983,Not significant,0.47646370649586395,0.037,0.1878726708074534,High-High,Not significant,True
E01005023,Bury,0.3479853479853479,0.5526315789473685,Not significant,0.2954432113054159,0.081,0.26754545454545453,High-High,Not significant,True
E01005024,Bury,0.6193806193806194,0.3290322580645161,Not significant,-0.06257358478119583,0.418,0.4759261838440111,Low-High,Not significant,True
E01005025,Bury,0.388038942976356,0.5197132616487455,Not significant,-0.023306528970788522,0.38,0.4616186252771619,High-Low,Not significant,True
E01005026,Bury,0.366306027820711,0.4261603375527426,Not significant,0.3061940134361067,0.109,0.30726724137931033,Low-Low,Not significant,True
E01005027,Bury,0.6822157434402333,0.4807692307692308,Not significant,-0.00039968429947375865,0.494,0.4991369778869779,Low-High,Not significant,True
E01005028,Bury,0.4640287769784172,0.2971576227390181,Not significant,0.1734890798731635,0.366,0.45984374999999994,Low-Low,Not significant,True
E01005029,Bury,0.4119496855345912,0.648854961832061,Not significant,-0.4378547009056003,0.182,0.3719625,High-Low,Not significant,True
E01005030,Bury,0.5329949238578681,0.2904761904761905,Not significant,0.2499893201654009,0.337,0.4453102336825141,Low-Low,Not significant,True
E01005031,Bury,0.4362204724409448,0.4187725631768953,Not significant,-0.1297016880504727,0.287,0.43010810810810807,Low-High,Not significant,True
E01005032,Bury,0.7048300536672629,0.2766497461928934,Not significant,0.2727923228343737,0.309,0.435719794344473,Low-Low,Not significant,True
E01005033,Bury,0.6050420168067226,0.5,Not significant,0.006051392473453459,0.333,0.44445306122448985,High-High,Not significant,True
E01005034,Bury,0.4257703081232493,0.5230263157894737,Not significant,0.08868908081458686,0.081,0.26754545454545453,High-High,Not significant,True
E01005035,Bury,0.3736600306278713,0.6352459016393442,Not significant,-0.23470604110510845,0.228,0.4030054054054054,High-Low,Not significant,True
E01005036,Bury,0.585981308411215,0.3413078149920255,Not significant,-0.5382525815841573,0.049,0.21421122994652408,Low-High,Not significant,True
E01005037,Bury,0.3639240506329114,0.6826086956521739,Not significant,-0.015774126324649293,0.497,0.4991369778869779,High-Low,Not significant,True
E01005038,Bury,0.2695984703632887,0.5673758865248227,Not significant,-0.13438686293413712,0.279,0.42857742537313437,High-Low,Not significant,True
E01005039,Bury,0.4723032069970845,0.5493827160493827,Not significant,0.24264849405486205,0.033,0.1822804054054054,High-High,Not significant,True
E01005040,Bury,0.4217391304347826,0.5773195876288659,Not significant,0.174185133700329,0.281,0.42857742537313437,High-High,Not significant,True
E01005041,Bury,0.4182509505703422,0.7090909090909091,Not significant,0.541051989955972,0.184,0.37371428571428567,High-High,Not significant,True
E01005042,Bury,0.4185667752442997,0.669260700389105,Not significant,0.9059056875655147,0.02,0.1379746835443038,High-High,Not significant,True
E01005043,Bury,0.3612244897959183,0.7401129943502824,Not significant,0.6410883386464952,0.113,0.3105126050420168,High-High,Not significant,True
E01005044,Bury,0.44,0.8229665071770335,Not significant,1.1714563542208698,0.112,0.30932432432432433,High-High,Not significant,True
E01005045,Bury,0.477961432506887,0.5504322766570605,Not significant,0.04150240414650857,0.407,0.47127832861189795,High-High,Not significant,True
E01005046,Bury,0.3875739644970414,0.5877862595419847,Not significant,0.5060184381758858,0.013,0.1084438775510204,High-High,Not significant,True
E01005047,Bury,0.3372881355932203,0.592964824120603,Not significant,0.5346035555122914,0.004,0.0558974358974359,High-High,Not significant,True
E01005048,Bury,0.2928679817905918,0.6424870466321243,Not significant,0.8989232103608579,0.007,0.07839041095890412,High-High,Not significant,True
E01005049,Bury,0.3178807947019867,0.7,Not significant,0.6359514583383419,0.103,0.29806194690265486,High-High,Not significant,True
E01005050,Bury,0.3223915592028136,0.5890909090909091,Not significant,0.3444492798407624,0.072,0.2520770877944325,High-High,Not significant,True
E01005051,Bury,0.3672883787661406,0.46875,Not significant,-0.13179350986849864,0.012,0.10272251308900524,Low-High,Not significant,True
E01005052,Bury,0.2547008547008547,0.7785234899328859,Not significant,0.6833482590986569,0.224,0.39938931297709923,High-High,Not significant,True
E01005053,Bury,0.3496062992125984,0.581081081081081,Not significant,0.28276627159576345,0.115,0.31078512396694213,High-High,Not significant,True
E01005054,Bury,0.3716312056737588,0.549618320610687,Not significant,0.16994407998161823,0.064,0.2450585480093677,High-High,Not significant,True
E01005055,Bury,0.313893653516295,0.8087431693989071,Not significant,1.5293285495899427,0.034,0.18530000000000002,High-High,Not significant,True
E01005056,Bury,0.3087248322147651,0.7608695652173914,Not significant,1.6121352585585027,0.007,0.07839041095890412,High-High,Not significant,True
E01005057,Bury,0.4038748137108793,0.5313653136531366,Not significant,0.22882589913609155,0.038,0.18942073170731705,High-High,Not significant,True
E01005058,Bury,0.2707070707070707,0.7388059701492538,Not significant,1.2700184617176737,0.021,0.1390080971659919,High-High,Not significant,True
E01005059,Bury,0.3905817174515235,0.3687943262411347,Not significant,0.07415119350692874,0.405,0.47096372688477955,Low-Low,Not significant,True
E01005060,Bury,0.3877551020408163,0.5543859649122806,Not significant,-0.12018216260276934,0.23,0.40522629310344827,High-Low,Not significant,True
E01005061,Manchester,0.4969418960244648,0.0738461538461538,Low-Low,4.150429750367059,0.001,0.023695652173913045,Low-Low,Low-Low,True
E01005063,Manchester,0.5616797900262467,0.1915887850467289,Low-Low,3.8110421496251337,0.001,0.023695652173913045,Low-Low,Low-Low,True
E01005065,Manchester,0.8194271481942715,0.1170212765957446,Low-Low,5.012672523456309,0.001,0.023695652173913045,Low-Low,Low-Low,True
E01005066,Manchester,0.6542239685658153,0.1441441441441441,Low-Low,4.447277084364531,0.001,0.023695652173913045,Low-Low,Low-Low,True
E01005067,Manchester,0.5796019900497512,0.1437768240343347,Not significant,2.792564224336082,0.007,0.07839041095890412,Low-Low,Not significant,True
E01005068,Manchester,0.6449375866851595,0.3139784946236559,Not significant,1.1423441356856008,0.007,0.07839041095890412,Low-Low,Not significant,True
E01005069,Manchester,0.2896341463414634,0.4789473684210526,Not significant,0.05206558319752379,0.051,0.21771540469973888,Low-Low,Not significant,True
E01005070,Manchester,0.6745635910224439,0.3364140480591497,Not significant,0.7629044743076231,0.03,0.17031249999999998,Low-Low,Not significant,True
E01005071,Manchester,0.5529891304347826,0.4004914004914005,Not significant,0.2581969682804618,0.169,0.36166884816753925,Low-Low,Not significant,True
E01005072,Manchester,0.5948777648428405,0.2700587084148728,Not significant,0.6667395715486831,0.167,0.3602176781002639,Low-Low,Not significant,True
E01005073,Manchester,0.4075286415711948,0.5783132530120482,Not significant,-0.22071118768579223,0.118,0.3116801292407108,High-Low,Not significant,True
E01005074,Manchester,0.5069984447900466,0.3312883435582822,Not significant,0.8668608195923968,0.01,0.09396551724137932,Low-Low,Not significant,True
E01005075,Manchester,0.563338301043219,0.3174603174603174,Not significant,0.45615480506286066,0.156,0.35326869806094185,Low-Low,Not significant,True
E01005076,Manchester,0.7243243243243244,0.4720149253731343,Not significant,-0.00933597425631125,0.445,0.4818377483443709,Low-High,Not significant,True
E01005077,Manchester,0.3343949044585987,0.2952380952380952,Not significant,0.3788153751946876,0.28,0.42857742537313437,Low-Low,Not significant,True
E01005078,Manchester,0.6225961538461539,0.4034749034749035,Not significant,0.181058600968988,0.25,0.4196611909650924,Low-Low,Not significant,True
E01005079,Manchester,0.3738170347003154,0.4050632911392405,Not significant,0.34050993558018694,0.088,0.2782978723404255,Low-Low,Not significant,True
E01005081,Manchester,0.2690815006468305,0.1971153846153846,Not significant,1.236715640270881,0.025,0.15308988764044945,Low-Low,Not significant,True
E01005082,Manchester,0.3793103448275862,0.2902097902097902,Not significant,0.3633702361417628,0.274,0.42747137404580154,Low-Low,Not significant,True
E01005083,Manchester,0.662839248434238,0.5055118110236221,Not significant,-0.04787639970138549,0.038,0.18942073170731705,High-Low,Not significant,True
E01005084,Manchester,0.3628938156359393,0.292604501607717,Not significant,0.8525999963304655,0.023,0.14408045977011494,Low-Low,Not significant,True
E01005085,Manchester,0.6889632107023411,0.4101941747572815,Not significant,0.033101659615368914,0.444,0.4818377483443709,Low-Low,Not significant,True
E01005086,Manchester,0.7250712250712251,0.3889980353634578,Not significant,0.3266267141603779,0.157,0.35406206896551723,Low-Low,Not significant,True
E01005087,Manchester,0.7534246575342466,0.4148760330578512,Not significant,0.11852043674523202,0.282,0.42970177073625343,Low-Low,Not significant,True
E01005088,Manchester,0.781292984869326,0.3943661971830985,Not significant,0.31720778293521623,0.132,0.3240540540540541,Low-Low,Not significant,True
E01005089,Manchester,0.6705035971223021,0.4549356223175965,Not significant,0.14531224300110362,0.06,0.2386861313868613,Low-Low,Not significant,True
E01005090,Manchester,0.7552204176334106,0.2196620583717358,Not significant,1.3952141029889549,0.026,0.15458181818181818,Low-Low,Not significant,True
E01005091,Manchester,0.7126567844925884,0.4832,Not significant,0.04316917616755415,0.053,0.2221923076923077,Low-Low,Not significant,True
E01005092,Manchester,0.5977011494252874,0.5555555555555556,Not significant,-0.06724141117851198,0.351,0.44940093970242756,High-Low,Not significant,True
E01005093,Manchester,0.5741556534508077,0.5882352941176471,Not significant,0.5416767881636805,0.003,0.04541666666666667,High-High,High-High,False
E01005094,Manchester,0.5873493975903614,0.6897435897435897,Not significant,-0.3535785826804302,0.219,0.3965282392026578,High-Low,Not significant,True
E01005097,Manchester,0.5509259259259259,0.7058823529411765,Not significant,-0.36115020192665265,0.285,0.43010810810810807,High-Low,Not significant,True
E01005098,Manchester,0.3624511082138201,0.4352517985611511,Not significant,0.1069401435560297,0.242,0.4117273673257024,Low-Low,Not significant,True
E01005099,Manchester,0.4558610709117221,0.3873015873015873,Not significant,-0.1683443071000373,0.255,0.4198640483383686,Low-High,Not significant,True
E01005100,Manchester,0.3546423135464231,0.4678111587982833,Not significant,0.06869028527043886,0.149,0.3431197183098591,Low-Low,Not significant,True
E01005101,Manchester,0.419753086419753,0.4738562091503268,Not significant,0.01969096349629886,0.348,0.44836879432624105,Low-Low,Not significant,True
E01005102,Manchester,0.3993610223642173,0.624,Not significant,-0.6222575653866442,0.11,0.30743589743589744,High-Low,Not significant,True
E01005103,Manchester,0.4732558139534883,0.4152334152334152,Not significant,0.1695671559616294,0.206,0.3880299539170507,Low-Low,Not significant,True
E01005104,Manchester,0.4505494505494505,0.2411924119241192,Not significant,-0.2849557701828001,0.298,0.43270870337477796,Low-High,Not significant,True
E01005105,Manchester,0.5548672566371682,0.087719298245614,Not significant,3.892266378446119,0.001,0.023695652173913045,Low-Low,Low-Low,False
E01005106,Manchester,0.5788888888888889,0.4261036468330134,Low-Low,0.8721276618256625,0.001,0.023695652173913045,Low-Low,Low-Low,True
E01005107,Manchester,0.668010752688172,0.1368209255533199,Not significant,2.0716185257489945,0.012,0.10272251308900524,Low-Low,Not significant,True
E01005111,Manchester,0.59375,0.3905817174515235,Not significant,0.1686540343899084,0.292,0.43010810810810807,Low-Low,Not significant,True
E01005112,Manchester,0.4748520710059171,0.5358255451713395,Not significant,-0.05255786006895598,0.321,0.4391924686192469,High-Low,Not significant,True
E01005113,Manchester,0.5603448275862069,0.3582417582417582,Not significant,0.5122408136130524,0.049,0.21421122994652408,Low-Low,Not significant,True
E01005114,Manchester,0.407361963190184,0.4939759036144578,Not significant,-0.0006787455556846818,0.41,0.4724101479915433,High-Low,Not significant,True
E01005115,Manchester,0.4974424552429667,0.3804627249357326,Not significant,0.5307564766555906,0.042,0.19962209302325581,Low-Low,Not significant,True
E01005116,Manchester,0.5292929292929293,0.2080152671755725,Not significant,0.9655688061343685,0.093,0.28474719101123597,Low-Low,Not significant,True
E01005117,Manchester,0.6491769547325102,0.3645007923930269,Not significant,0.42931342977197884,0.054,0.2246564885496183,Low-Low,Not significant,True
E01005118,Manchester,0.4421052631578947,0.8857142857142857,Not significant,0.6842174660377922,0.254,0.4198640483383686,High-High,Not significant,True
E01005119,Manchester,0.3850746268656716,0.4418604651162791,Not significant,0.0613190683783419,0.328,0.4410197368421052,Low-Low,Not significant,True
E01005120,Manchester,0.4593373493975903,0.4721311475409836,Not significant,-0.09083527028249185,0.034,0.18530000000000002,Low-High,Not significant,True
E01005121,Manchester,0.3637873754152824,0.4063926940639269,Not significant,0.02272493297194712,0.464,0.4919844357976654,Low-Low,Not significant,True
E01005122,Manchester,0.3709428129829984,0.4708333333333333,Not significant,-0.0794688360606028,0.072,0.2520770877944325,Low-High,Not significant,True
E01005123,Manchester,0.3567921440261866,0.3256880733944954,Not significant,0.3984071599800988,0.21,0.3901704545454545,Low-Low,Not significant,True
E01005124,Manchester,0.3710879284649776,0.2289156626506024,Not significant,0.2532485948813819,0.36,0.45627906976744187,Low-Low,Not significant,True
E01005125,Manchester,0.4429967426710097,0.4595588235294117,Not significant,0.07620154899273003,0.192,0.37730769230769234,Low-Low,Not significant,True
E01005126,Manchester,0.4017412935323383,0.4767801857585139,Not significant,-0.007204976607242596,0.43,0.47984889187374075,Low-High,Not significant,True
E01005129,Manchester,0.6139088729016786,0.291015625,Low-Low,2.3415578286278875,0.001,0.023695652173913045,Low-Low,Low-Low,True
E01005130,Manchester,0.5891156462585034,0.0900692840646651,Low-Low,4.8858626739867095,0.001,0.023695652173913045,Low-Low,Low-Low,True
E01005132,Manchester,0.4851367419738406,0.1740196078431372,Low-Low,3.2503586079517524,0.001,0.023695652173913045,Low-Low,Low-Low,True
E01005135,Manchester,0.3875379939209726,0.4823529411764706,Not significant,0.0034566016674326006,0.454,0.4854741661216482,Low-Low,Not significant,True
E01005136,Manchester,0.367479674796748,0.6769911504424779,Not significant,-0.7271003640071176,0.084,0.2725,High-Low,Not significant,True
E01005138,Manchester,0.4542713567839196,0.1991150442477876,Not significant,0.5990099971915451,0.223,0.3984754098360656,Low-Low,Not significant,True
E01005139,Manchester,0.3924380704041721,0.4916943521594684,Not significant,0.003936367821796179,0.136,0.3260410557184751,Low-Low,Not significant,True
E01005141,Manchester,0.4364779874213836,0.3112391930835735,Not significant,0.2126005700037968,0.323,0.43972106577851794,Low-Low,Not significant,True
E01005142,Manchester,0.5120910384068279,0.2277777777777777,Not significant,0.14315737178430596,0.417,0.47544979079497907,Low-Low,Not significant,True
E01005143,Manchester,0.4417721518987342,0.6246418338108882,Not significant,-0.54421016467393,0.1,0.2967332123411978,High-Low,Not significant,True
E01005145,Manchester,0.5122897800776197,0.4696969696969697,Not significant,-0.011634235275959021,0.438,0.48030181086519114,Low-High,Not significant,True
E01005147,Manchester,0.4899777282850779,0.209090909090909,Low-Low,1.9963507680352695,0.001,0.023695652173913045,Low-Low,Low-Low,True
E01005149,Manchester,0.4071146245059288,0.8252427184466019,Not significant,0.12004227735519263,0.437,0.47984889187374075,High-High,Not significant,True
E01005150,Manchester,0.7141162514827996,0.5830564784053156,High-High,0.5664899667696379,0.003,0.04541666666666667,High-High,High-High,True
E01005151,Manchester,0.4744318181818182,0.7095808383233533,Not significant,1.1370146392122062,0.019,0.13332618025751072,High-High,Not significant,True
E01005152,Manchester,0.3576271186440678,0.7725118483412322,Not significant,1.4736197944484353,0.018,0.13022123893805307,High-High,Not significant,True
E01005153,Manchester,0.5537084398976982,0.6374133949191686,Not significant,0.7442083125960693,0.018,0.13022123893805307,High-High,Not significant,True
E01005154,Manchester,0.549618320610687,0.625,Not significant,0.5480749418067026,0.044,0.20207865168539324,High-High,Not significant,True
E01005155,Manchester,0.4238805970149253,0.6619718309859155,Not significant,0.9989350599935938,0.012,0.10272251308900524,High-High,Not significant,True
E01005156,Manchester,0.3942307692307692,0.7276422764227642,Not significant,-0.2835346321570995,0.333,0.44445306122448985,High-Low,Not significant,True
E01005157,Manchester,0.2971619365609348,0.7584269662921348,Not significant,0.46574382791729635,0.194,0.37941387559808615,High-High,Not significant,True
E01005158,Manchester,0.5158045977011494,0.4596100278551532,Not significant,-0.05684948904410428,0.24,0.4117273673257024,Low-High,Not significant,True
E01005159,Manchester,0.4210526315789473,0.6909722222222222,Not significant,0.9092575530472559,0.041,0.19716176470588234,High-High,Not significant,True
E01005160,Manchester,0.4340425531914894,0.4869281045751634,Not significant,-0.014594883124273155,0.069,0.25070000000000003,Low-High,Not significant,True
E01005161,Manchester,0.3839150227617602,0.7351778656126482,Not significant,0.047920652520573134,0.473,0.49542280589365784,High-High,Not significant,True
E01005162,Manchester,0.4832317073170731,0.4511041009463722,Not significant,-0.12488845559698027,0.091,0.2823244781783681,Low-High,Not significant,True
E01005163,Manchester,0.4082568807339449,0.6554307116104869,Not significant,0.46276613877032474,0.116,0.3115553745928339,High-High,Not significant,True
E01005164,Manchester,0.5522959183673469,0.6096997690531177,Not significant,-0.037880121043676294,0.439,0.48075351640991293,High-Low,Not significant,True
E01005165,Manchester,0.6444695259593679,0.4658493870402802,Not significant,-0.035628293864664144,0.285,0.43010810810810807,Low-High,Not significant,True
E01005166,Manchester,0.6434659090909091,0.673289183222958,Not significant,0.8300942196528983,0.041,0.19716176470588234,High-High,Not significant,True
E01005167,Manchester,0.5142857142857142,0.5339506172839507,Not significant,0.115471786765576,0.12,0.3134185303514377,High-High,Not significant,True
E01005168,Manchester,0.3422562141491396,0.5977653631284916,Not significant,0.007574253733890172,0.487,0.498675,High-High,Not significant,True
E01005169,Manchester,0.5134228187919463,0.349673202614379,Not significant,-0.09564600495677697,0.382,0.4616186252771619,Low-High,Not significant,True
E01005170,Manchester,0.3816925734024179,0.6968325791855203,Not significant,-0.62232726177475,0.161,0.35428667563930016,High-Low,Not significant,True
E01005171,Manchester,0.4572649572649572,0.573208722741433,Not significant,0.08904175208303317,0.322,0.43945742904841406,High-High,Not significant,True
E01005172,Manchester,0.5188442211055276,0.4600484261501211,Not significant,0.000826283465926918,0.498,0.49922133660331086,Low-Low,Not significant,True
E01005173,Manchester,0.4979253112033195,0.3777777777777777,Not significant,0.239148463753928,0.175,0.36682692307692305,Low-Low,Not significant,True
E01005174,Manchester,0.3683360258481422,0.6228070175438597,Not significant,0.07604845941249117,0.435,0.47984889187374075,High-High,Not significant,True
E01005175,Manchester,0.4055636896046852,0.5234657039711191,Not significant,0.047024277717175274,0.259,0.4221984047856431,High-High,Not significant,True
E01005176,Manchester,0.6339285714285714,0.5070422535211268,Not significant,0.002087514927948686,0.469,0.49281169665809765,High-High,Not significant,True
E01005177,Manchester,0.3419354838709677,0.5471698113207547,Not significant,-0.16249853849917617,0.209,0.38919703872437356,High-Low,Not significant,True
E01005178,Manchester,0.4214765100671141,0.4840764331210191,Not significant,0.0230016039442242,0.132,0.3240540540540541,Low-Low,Not significant,True
E01005179,Manchester,0.6375545851528385,0.4897260273972603,Not significant,0.002229763930230105,0.389,0.4669713656387665,Low-Low,Not significant,True
E01005180,Manchester,0.2660550458715596,0.2955665024630542,Not significant,0.018832112322153035,0.49,0.4991369778869779,Low-Low,Not significant,True
E01005181,Manchester,0.5036390101892285,0.4710982658959537,Not significant,0.031104535560170232,0.293,0.4303401969561325,Low-Low,Not significant,True
E01005182,Manchester,0.267515923566879,0.4047619047619047,Not significant,0.2032891521782776,0.216,0.3945921787709497,Low-Low,Not significant,True
E01005183,Manchester,0.3343605546995377,0.3225806451612903,Not significant,0.39788053381215693,0.177,0.3681320754716981,Low-Low,Not significant,True
E01005184,Manchester,0.758043758043758,0.365025466893039,Not significant,0.15698533664270217,0.315,0.43673710904480134,Low-Low,Not significant,True
E01005185,Manchester,0.7749510763209393,0.5555555555555556,Not significant,-0.04270049248173443,0.407,0.47127832861189795,High-Low,Not significant,True
E01005186,Manchester,0.5485714285714286,0.2048611111111111,Not significant,1.6846223532619369,0.004,0.0558974358974359,Low-Low,Not significant,True
E01005187,Manchester,0.5645933014354066,0.6483050847457628,Not significant,-0.36628281024589115,0.269,0.42747137404580154,High-Low,Not significant,True
E01005188,Manchester,0.4938271604938271,0.5972222222222222,Not significant,-0.07084037633964112,0.399,0.47034246575342464,High-Low,Not significant,True
E01005189,Manchester,0.4375,0.3114285714285714,Not significant,0.26085005382819965,0.29,0.43010810810810807,Low-Low,Not significant,True
E01005190,Manchester,0.4845580404685836,0.6087912087912087,Not significant,-0.44380177257440545,0.09,0.2808206106870229,High-Low,Not significant,True
E01005191,Manchester,0.6343001261034048,0.4831013916500994,Not significant,-0.019093993226252753,0.241,0.4117273673257024,Low-High,Not significant,True
E01005192,Manchester,0.4794117647058823,0.6226993865030674,Not significant,0.254184530246206,0.22,0.39701986754966884,High-High,Not significant,True
E01005193,Manchester,0.5421836228287841,0.6086956521739131,Not significant,0.40064078042291035,0.094,0.2862011173184357,High-High,Not significant,True
E01005195,Manchester,0.5376712328767124,0.3949044585987261,Not significant,0.3003618571183154,0.118,0.3116801292407108,Low-Low,Not significant,True
E01005197,Manchester,0.5353107344632768,0.5883905013192612,Not significant,-0.0665917776728394,0.398,0.47034246575342464,High-Low,Not significant,True
E01005198,Manchester,0.4781382228490832,0.3185840707964602,Not significant,-0.340326185244356,0.221,0.3979460352422907,Low-High,Not significant,True
E01005199,Manchester,0.5264900662251656,0.6918238993710691,Not significant,1.3735948288325057,0.009,0.0913975155279503,High-High,Not significant,True
E01005200,Manchester,0.4609781477627471,0.4469525959367946,Not significant,-0.07142510291226879,0.209,0.38919703872437356,Low-High,Not significant,True
E01005201,Manchester,0.7053571428571429,0.5515370705244123,Not significant,-0.25913662131373044,0.041,0.19716176470588234,High-Low,Not significant,True
E01005202,Manchester,0.4807467911318553,0.470873786407767,Not significant,0.04473677849452588,0.166,0.35900793650793655,Low-Low,Not significant,True
E01005203,Manchester,0.465034965034965,0.2531328320802005,Not significant,1.0485449857299844,0.019,0.13332618025751072,Low-Low,Not significant,True
E01005205,Manchester,0.5589919816723941,0.3811475409836065,Not significant,0.1603045829928785,0.308,0.43524632670700086,Low-Low,Not significant,True
E01005206,Manchester,0.4544198895027624,0.4924012158054711,Not significant,0.0015488384934675599,0.179,0.3681320754716981,Low-Low,Not significant,True
E01005207,Manchester,0.5892169448010269,0.6405228758169934,Not significant,-0.32936045759370863,0.224,0.39938931297709923,High-Low,Not significant,True
E01005208,Manchester,0.6176203451407811,0.1911764705882352,Low-Low,3.2962677394111135,0.001,0.023695652173913045,Low-Low,Low-Low,True
E01005210,Manchester,0.6569506726457399,0.2866894197952218,Low-Low,2.6514587303375765,0.001,0.023695652173913045,Low-Low,Low-Low,True
E01005212,Manchester,0.5815789473684211,0.0678733031674208,Low-Low,3.997627169599091,0.002,0.03516129032258065,Low-Low,Low-Low,True
E01005213,Manchester,0.5629820051413882,0.3272450532724505,Low-Low,1.74224015730651,0.001,0.023695652173913045,Low-Low,Low-Low,True
E01005214,Manchester,0.6180344478216818,0.1344262295081967,Not significant,2.608717748590768,0.009,0.0913975155279503,Low-Low,Not significant,True
E01005215,Manchester,0.4640883977900552,0.431547619047619,Not significant,-0.2784097396664194,0.064,0.2450585480093677,Low-High,Not significant,True
E01005216,Manchester,0.3818181818181818,0.8138528138528138,Not significant,0.7622773615043726,0.127,0.3204398148148148,High-High,Not significant,True
E01005217,Manchester,0.3658536585365853,0.6509803921568628,Not significant,0.7637651248750205,0.01,0.09396551724137932,High-High,Not significant,True
E01005218,Manchester,0.5707472178060413,0.5376044568245125,High-High,0.3193803857348613,0.002,0.03516129032258065,High-High,High-High,True
E01005219,Manchester,0.673866090712743,0.6698717948717948,Not significant,0.9669921509951983,0.02,0.1379746835443038,High-High,Not significant,True
E01005220,Manchester,0.4791946308724832,0.7899159663865546,Not significant,1.2196834307991602,0.067,0.2478393665158371,High-High,Not significant,True
E01005221,Manchester,0.5574712643678161,0.6783505154639176,High-High,1.2043958403913855,0.004,0.0558974358974359,High-High,Not significant,False
E01005222,Manchester,0.5126234906695939,0.5460385438972163,Not significant,0.20754090266648165,0.039,0.19206325301204819,High-High,Not significant,True
E01005223,Manchester,0.4250411861614497,0.5852713178294574,Not significant,0.22262343414835764,0.158,0.35428667563930016,High-High,Not significant,True
E01005224,Manchester,0.6276315789473684,0.5220125786163522,Not significant,0.03739764829372126,0.299,0.4330070859167404,High-High,Not significant,True
E01005225,Manchester,0.5542590431738623,0.5221052631578947,Not significant,-0.10258334707867955,0.108,0.30603119584055455,High-Low,Not significant,True
E01005226,Manchester,0.6462196861626248,0.6600441501103753,Not significant,0.21508677332778542,0.325,0.4410197368421052,High-High,Not significant,True
E01005227,Manchester,0.5614035087719298,0.5721153846153846,Not significant,-0.1252326483739765,0.335,0.4453048780487805,High-Low,Not significant,True
E01005228,Manchester,0.4266517357222844,0.3569553805774278,Not significant,0.1865394050861453,0.301,0.4347482332155477,Low-Low,Not significant,True
E01005229,Manchester,0.3184818481848185,0.7461139896373057,Not significant,-0.46572573017154023,0.263,0.4248425196850394,High-Low,Not significant,True
E01005230,Manchester,0.7178477690288714,0.5904936014625228,Not significant,-0.11620605015915021,0.32,0.43855825649622804,High-Low,Not significant,True
E01005231,Manchester,0.82689556509299,0.444636678200692,Not significant,-0.06120970445612202,0.328,0.4410197368421052,Low-High,Not significant,True
E01005232,Manchester,0.4348441926345609,0.3973941368078176,Not significant,0.44644047293203776,0.014,0.11165853658536586,Low-Low,Not significant,True
E01005233,Manchester,0.579415501905972,0.6381578947368421,Not significant,0.28293187348411014,0.275,0.4281404174573055,High-High,Not significant,True
E01005234,Manchester,0.522273425499232,0.6205882352941177,Not significant,0.5674443798313273,0.031,0.17477586206896553,High-High,Not significant,True
E01005235,Manchester,0.641958041958042,0.4183006535947712,Not significant,0.10365712620042646,0.302,0.4350396475770925,Low-Low,Not significant,True
E01005236,Manchester,0.7148997134670487,0.6513026052104208,Not significant,0.4055500347499514,0.175,0.36682692307692305,High-High,Not significant,True
E01005237,Manchester,0.4866412213740458,0.6941176470588235,Not significant,0.7838162257255012,0.032,0.17856655290102388,High-High,Not significant,True
E01005238,Manchester,0.4656357388316151,0.7084870848708487,High-High,1.5015213092577955,0.002,0.03516129032258065,High-High,High-High,True
E01005239,Manchester,0.4144,0.1814671814671814,Not significant,1.8722806331037,0.018,0.13022123893805307,Low-Low,Not significant,True
E01005243,Manchester,0.5612959719789843,0.1981279251170047,Low-Low,2.2255048461250286,0.001,0.023695652173913045,Low-Low,Low-Low,True
E01005244,Manchester,0.6297662976629766,0.5625,Not significant,-0.38191541712468674,0.006,0.0732089552238806,High-Low,Not significant,True
E01005245,Manchester,0.5679916317991632,0.1307550644567219,Not significant,2.2562274836665677,0.005,0.06437007874015749,Low-Low,Not significant,True
E01005246,Manchester,0.6772486772486772,0.376953125,Not significant,0.7887128972155223,0.017,0.12691780821917809,Low-Low,Not significant,True
E01005247,Manchester,0.3418940609951846,0.6431924882629108,Not significant,-0.10671599465098504,0.393,0.46833454810495634,High-Low,Not significant,True
E01005248,Manchester,0.2636986301369863,0.5909090909090909,Not significant,-0.3354517554354406,0.14,0.3307803468208093,High-Low,Not significant,True
E01005249,Manchester,0.372787610619469,0.2640949554896142,Not significant,0.26628079134549537,0.29,0.43010810810810807,Low-Low,Not significant,True
E01005250,Manchester,0.4021024967148489,0.284313725490196,Not significant,0.14112296766280172,0.399,0.47034246575342464,Low-Low,Not significant,True
E01005251,Manchester,0.3800623052959501,0.4795081967213114,Not significant,0.02912011858070377,0.185,0.3738875154511743,Low-Low,Not significant,True
E01005252,Manchester,0.3932291666666667,0.3940397350993377,Not significant,0.4695143595206609,0.019,0.13332618025751072,Low-Low,Not significant,True
E01005253,Manchester,0.3565768621236133,0.4755555555555555,Not significant,-0.03283088070549853,0.25,0.4196611909650924,Low-High,Not significant,True
E01005254,Manchester,0.3684210526315789,0.5945945945945946,Not significant,0.29236311630643375,0.126,0.31939534883720927,High-High,Not significant,True
E01005255,Manchester,0.4103225806451613,0.4748427672955975,Not significant,-0.052779187599079846,0.109,0.30726724137931033,Low-High,Not significant,True
E01005256,Manchester,0.5243088655862727,0.1836363636363636,Not significant,0.5765759112263256,0.204,0.3873867595818815,Low-Low,Not significant,True
E01005257,Manchester,0.3535980148883375,0.4631578947368421,Not significant,0.161400567786301,0.001,0.023695652173913045,Low-Low,Low-Low,False
E01005258,Manchester,0.4582798459563543,0.4677871148459384,Not significant,0.0492329590685691,0.246,0.4159358841778697,Low-Low,Not significant,True
E01005259,Manchester,0.4531043593130779,0.4577259475218659,Not significant,0.06538048676107741,0.29,0.43010810810810807,Low-Low,Not significant,True
E01005260,Manchester,0.404040404040404,0.6791666666666667,Not significant,0.46923650936917216,0.161,0.35428667563930016,High-High,Not significant,True
E01005261,Manchester,0.4287833827893175,0.643598615916955,Not significant,-0.5437562135726953,0.127,0.3204398148148148,High-Low,Not significant,True
E01005262,Manchester,0.5834305717619603,0.282,Not significant,0.283796980309176,0.306,0.43524632670700086,Low-Low,Not significant,True
E01005263,Manchester,0.5828144458281445,0.2777777777777778,Not significant,0.0061292040046426405,0.496,0.4991369778869779,Low-Low,Not significant,True
E01005264,Manchester,0.8587662337662337,0.3213610586011342,Not significant,-0.32530584348234765,0.234,0.4078784648187634,Low-High,Not significant,True
E01005265,Manchester,0.6357039187227866,0.5182648401826484,Not significant,-0.07677632074857904,0.159,0.35428667563930016,High-Low,Not significant,True
E01005266,Manchester,0.6067146282973621,0.4505928853754941,Not significant,0.139977712655862,0.133,0.3250736377025037,Low-Low,Not significant,True
E01005267,Manchester,0.4015384615384615,0.6245210727969349,Not significant,-0.3788828489749624,0.138,0.3298684210526316,High-Low,Not significant,True
E01005268,Manchester,0.4827906976744186,0.441233140655106,Not significant,0.12022730101083667,0.169,0.36166884816753925,Low-Low,Not significant,True
E01005269,Manchester,0.2813008130081301,0.6242774566473989,Not significant,-0.24413797660437508,0.205,0.3880299539170507,High-Low,Not significant,True
E01005270,Manchester,0.3833819241982507,0.3726235741444867,Not significant,0.15220077784347563,0.322,0.43945742904841406,Low-Low,Not significant,True
E01005271,Manchester,0.9274193548387096,0.4591304347826087,Not significant,-0.016682277449404828,0.424,0.4777670572019297,Low-High,Not significant,True
E01005272,Manchester,0.3619631901840491,0.2203389830508474,Not significant,0.9275394778006336,0.12,0.3134185303514377,Low-Low,Not significant,True
E01005273,Manchester,0.657672849915683,0.5358974358974359,Not significant,0.03247245627910236,0.406,0.47127832861189795,High-High,Not significant,True
E01005274,Manchester,0.4461979913916786,0.5755627009646302,Not significant,-0.08707015884739751,0.316,0.43673710904480134,High-Low,Not significant,True
E01005275,Manchester,0.6625155666251556,0.5375939849624061,Not significant,0.02714202950242846,0.424,0.4777670572019297,High-High,Not significant,True
E01005276,Manchester,0.577922077922078,0.4775280898876404,Not significant,-0.02270990321955739,0.321,0.4391924686192469,Low-High,Not significant,True
E01005277,Manchester,0.561941251596424,0.5045454545454545,Not significant,0.0034673193521379767,0.451,0.48448423127463863,High-High,Not significant,True
E01005278,Manchester,0.4841121495327102,0.6216216216216216,Not significant,-0.4442757789128035,0.094,0.2862011173184357,High-Low,Not significant,True
E01005279,Manchester,0.4070904645476773,0.3393393393393393,Not significant,0.08734827347090834,0.401,0.47096372688477955,Low-Low,Not significant,True
E01005280,Manchester,0.4126394052044609,0.6261261261261262,Not significant,0.5165420853428428,0.091,0.2823244781783681,High-High,Not significant,True
E01005281,Manchester,0.6275992438563327,0.5030120481927711,Not significant,0.005215523401475867,0.404,0.47096372688477955,High-High,Not significant,True
E01005284,Manchester,0.8547400611620795,0.4901610017889087,Not significant,0.006557087116295924,0.184,0.37371428571428567,Low-Low,Not significant,True
E01005285,Manchester,0.5029469548133595,0.328125,Not significant,-0.29343608384503683,0.32,0.43855825649622804,Low-High,Not significant,True
E01005286,Manchester,0.6214099216710183,0.5105042016806722,Not significant,0.006330358661174094,0.434,0.47984889187374075,High-High,Not significant,True
E01005287,Manchester,0.573820395738204,0.5729442970822282,Not significant,0.30636484782980183,0.08,0.2663951120162933,High-High,Not significant,True
E01005288,Manchester,0.6375739644970414,0.5614849187935035,Not significant,-0.02809577540574136,0.442,0.48145902731512324,High-Low,Not significant,True
E01005289,Manchester,0.7243589743589743,0.3185840707964602,Not significant,0.34739080169857234,0.246,0.4159358841778697,Low-Low,Not significant,True
E01005290,Manchester,0.6145985401459854,0.346793349168646,Not significant,0.0958892902901666,0.407,0.47127832861189795,Low-Low,Not significant,True
E01005291,Manchester,0.6754772393538914,0.3782608695652174,Not significant,0.6048720654245838,0.003,0.04541666666666667,Low-Low,Low-Low,False
E01005292,Manchester,0.6701492537313433,0.2917594654788418,Not significant,-0.12547659593587093,0.398,0.47034246575342464,Low-High,Not significant,True
E01005293,Manchester,0.3235867446393762,0.4578313253012048,Not significant,0.21145493381149666,0.019,0.13332618025751072,Low-Low,Not significant,True
E01005294,Manchester,0.3887147335423197,0.3790322580645161,Not significant,0.20980150701826605,0.292,0.43010810810810807,Low-Low,Not significant,True
E01005295,Manchester,0.5223097112860893,0.3500837520938023,Not significant,0.09791150631582475,0.379,0.4616186252771619,Low-Low,Not significant,True
E01005296,Manchester,0.4025356576862123,0.547244094488189,High-High,0.3002147155176414,0.003,0.04541666666666667,High-High,High-High,True
E01005297,Manchester,0.5670538542766631,0.5865921787709497,Not significant,0.24261003120077176,0.115,0.31078512396694213,High-High,Not significant,True
E01005298,Manchester,0.4871794871794871,0.7105263157894737,Not significant,0.5634403922817819,0.176,0.3675095785440613,High-High,Not significant,True
E01005299,Manchester,0.3860294117647059,0.7238095238095238,Not significant,1.172336377732749,0.048,0.21268292682926832,High-High,Not significant,True
E01005300,Manchester,0.34375,0.6848484848484848,Not significant,0.14336042195044488,0.402,0.47096372688477955,High-High,Not significant,True
E01005301,Manchester,0.4889267461669506,0.6794425087108014,Not significant,0.7684592720926531,0.03,0.17031249999999998,High-High,Not significant,True
E01005302,Manchester,0.6527363184079602,0.3689024390243902,Not significant,0.1659273626500622,0.294,0.4303401969561325,Low-Low,Not significant,True
E01005304,Manchester,0.6821589205397302,0.5384615384615384,Not significant,0.030505291881815454,0.391,0.46816654492330173,High-High,Not significant,True
E01005305,Manchester,0.4224872231686541,0.5604838709677419,Not significant,0.08226948599666777,0.264,0.4248425196850394,High-High,Not significant,True
E01005306,Manchester,0.4168975069252078,0.5448504983388704,Not significant,0.03267678622172614,0.388,0.4667991169977925,High-High,Not significant,True
E01005307,Manchester,0.4915730337078651,0.5142857142857142,Not significant,0.0265359502851473,0.297,0.43202402135231316,High-High,Not significant,True
E01005308,Manchester,0.3925686591276252,0.48559670781893,Not significant,0.0032301839603027455,0.439,0.48075351640991293,Low-Low,Not significant,True
E01005309,Manchester,0.8115789473684211,0.4215304798962386,Not significant,-0.1739010336203778,0.123,0.3167007874015748,Low-High,Not significant,True
E01005310,Manchester,0.5792163543441227,0.5794117647058824,Not significant,0.2467832640577858,0.147,0.339950495049505,High-High,Not significant,True
E01005311,Manchester,0.529500756429652,0.6114285714285714,Not significant,0.4982705614700853,0.037,0.1878726708074534,High-High,Not significant,True
E01005312,Manchester,0.7227414330218068,0.5452586206896551,Not significant,0.09678677737675052,0.286,0.43010810810810807,High-High,Not significant,True
E01005313,Manchester,0.6179401993355482,0.3494623655913978,Low-Low,1.038476713504174,0.001,0.023695652173913045,Low-Low,Low-Low,True
E01005314,Manchester,0.5911949685534591,0.2952127659574468,Not significant,1.6328254283404127,0.015,0.11678571428571428,Low-Low,Not significant,True
E01005315,Manchester,0.5953259532595326,0.1838842975206611,Not significant,2.1151939085538882,0.017,0.12691780821917809,Low-Low,Not significant,True
E01005316,Manchester,0.5594202898550724,0.310880829015544,Not significant,0.8445141513819968,0.012,0.10272251308900524,Low-Low,Not significant,True
E01005317,Manchester,0.5588235294117647,0.2475633528265107,Not significant,0.02655277754975245,0.483,0.4977871939736347,Low-Low,Not significant,True
E01005318,Manchester,0.5477707006369427,0.2720930232558139,Low-Low,1.7512679096697978,0.001,0.023695652173913045,Low-Low,Low-Low,True
E01005319,Manchester,0.5888268156424581,0.2239089184060721,Not significant,1.7666617575625445,0.011,0.0993646408839779,Low-Low,Not significant,True
E01005320,Oldham,0.4391371340523883,0.5578947368421052,Not significant,-0.19361236921163386,0.16,0.35428667563930016,High-Low,Not significant,True
E01005321,Oldham,0.394524959742351,0.5673469387755102,Not significant,0.08807514431437638,0.306,0.43524632670700086,High-High,Not significant,True
E01005322,Oldham,0.5988805970149254,0.3987538940809969,Not significant,0.3406382597500615,0.102,0.29806194690265486,Low-Low,Not significant,True
E01005323,Oldham,0.4586709886547812,0.4734982332155477,Not significant,0.08509768439050595,0.055,0.22708333333333333,Low-Low,Not significant,True
E01005324,Oldham,0.5689404934687954,0.2346938775510204,Not significant,1.494893934228999,0.021,0.1390080971659919,Low-Low,Not significant,True
E01005325,Oldham,0.60546875,0.164516129032258,Not significant,0.7324160512641836,0.207,0.3890172413793103,Low-Low,Not significant,True
E01005326,Oldham,0.2535971223021582,0.7304964539007093,Not significant,0.44089339315300535,0.287,0.43010810810810807,High-High,Not significant,True
E01005327,Oldham,0.5115384615384615,0.3283208020050125,Not significant,0.17388046278005145,0.36,0.45627906976744187,Low-Low,Not significant,True
E01005329,Oldham,0.3117088607594936,0.3959390862944162,Not significant,0.32066456754826556,0.145,0.33819543509272465,Low-Low,Not significant,True
E01005330,Oldham,0.6268011527377522,0.3172413793103448,Not significant,0.2775279009818252,0.161,0.35428667563930016,Low-Low,Not significant,True
E01005331,Oldham,0.3170731707317073,0.5625,Not significant,-0.28340748912933805,0.072,0.2520770877944325,High-Low,Not significant,True
E01005332,Oldham,0.4265450861195542,0.4584323040380047,Not significant,-0.052561128023135034,0.212,0.39210407239819006,Low-High,Not significant,True
E01005333,Oldham,0.2894211576846307,0.5586206896551724,Not significant,-0.1877960656694563,0.183,0.37260896637608965,High-Low,Not significant,True
E01005334,Oldham,0.2833935018050541,0.464968152866242,Not significant,-0.019063266213830723,0.39,0.46782831988261186,Low-High,Not significant,True
E01005335,Oldham,0.3265682656826568,0.6384180790960452,Not significant,-0.06715804043712024,0.433,0.47984889187374075,High-Low,Not significant,True
E01005336,Oldham,0.2782193958664546,0.6857142857142857,Not significant,0.2822241508627701,0.328,0.4410197368421052,High-High,Not significant,True
E01005337,Oldham,0.4619289340101523,0.5741758241758241,Not significant,0.02549433410894249,0.46,0.4883766233766234,High-High,Not significant,True
E01005338,Oldham,0.431011826544021,0.5121951219512195,Not significant,-0.01921411397349799,0.347,0.4481398104265402,High-Low,Not significant,True
E01005339,Oldham,0.3554817275747508,0.7102803738317757,Not significant,0.7123212751010176,0.064,0.2450585480093677,High-High,Not significant,True
E01005340,Oldham,0.3728,0.5150214592274678,Not significant,0.04211349419845117,0.236,0.4096178343949044,High-High,Not significant,True
E01005341,Oldham,0.3473861720067454,0.6796116504854369,Not significant,0.5975714473313144,0.155,0.35246870653685675,High-High,Not significant,True
E01005342,Oldham,0.5027548209366391,0.2602739726027397,Not significant,0.6142426958720411,0.161,0.35428667563930016,Low-Low,Not significant,True
E01005343,Oldham,0.3486238532110092,0.5894736842105263,Not significant,0.22230696508173314,0.229,0.40433585313174947,High-High,Not significant,True
E01005344,Oldham,0.4432989690721649,0.5319767441860465,Not significant,-0.05451991216787007,0.316,0.43673710904480134,High-Low,Not significant,True
E01005345,Oldham,0.3257328990228013,0.635,Not significant,0.004205269036559727,0.492,0.4991369778869779,High-High,Not significant,True
E01005346,Oldham,0.3033333333333333,0.7197802197802198,Not significant,0.5058082131903247,0.166,0.35900793650793655,High-High,Not significant,True
E01005347,Oldham,0.3542435424354243,0.5520833333333334,Not significant,0.2008834049398027,0.052,0.22025906735751294,High-High,Not significant,True
E01005348,Oldham,0.4350736278447122,0.2861538461538461,Not significant,0.7594047874113824,0.124,0.3177742946708464,Low-Low,Not significant,True
E01005349,Oldham,0.4531516183986371,0.6052631578947368,Not significant,-0.5074660038329175,0.086,0.27409356725146194,High-Low,Not significant,True
E01005350,Oldham,0.4295112781954887,0.212253829321663,Not significant,1.165330328010922,0.036,0.18745222929936303,Low-Low,Not significant,True
E01005351,Oldham,0.2980972515856236,0.574468085106383,Not significant,-0.11707181170241712,0.289,0.43010810810810807,High-Low,Not significant,True
E01005352,Oldham,0.463519313304721,0.3379629629629629,Not significant,0.27746689275907993,0.312,0.43637296834901623,Low-Low,Not significant,True
E01005353,Oldham,0.6372549019607843,0.2461538461538461,Not significant,0.7104105104211137,0.134,0.3250736377025037,Low-Low,Not significant,True
E01005354,Oldham,0.4178321678321678,0.4476987447698745,Not significant,0.05064886771430772,0.323,0.43972106577851794,Low-Low,Not significant,True
E01005355,Oldham,0.3964686998394863,0.7165991902834008,Not significant,-0.34309247935341497,0.308,0.43524632670700086,High-Low,Not significant,True
E01005356,Oldham,0.4031936127744511,0.4207920792079208,Not significant,0.039092570605802915,0.424,0.4777670572019297,Low-Low,Not significant,True
E01005357,Oldham,0.2634146341463415,0.6481481481481481,Not significant,0.21544252802223465,0.294,0.4303401969561325,High-High,Not significant,True
E01005358,Oldham,0.4078212290502793,0.4554794520547945,Not significant,-0.17312347253879418,0.041,0.19716176470588234,Low-High,Not significant,True
E01005359,Oldham,0.3069828722002635,0.6223175965665236,Not significant,0.16719446801716673,0.297,0.43202402135231316,High-High,Not significant,True
E01005360,Oldham,0.3661971830985915,0.4145299145299145,Not significant,-0.24246036558511325,0.134,0.3250736377025037,Low-High,Not significant,True
E01005361,Oldham,0.3116531165311653,0.6391304347826087,Not significant,0.07990469129428672,0.404,0.47096372688477955,High-High,Not significant,True
E01005362,Oldham,0.2914572864321608,0.7011494252873564,Not significant,0.497000664566182,0.147,0.339950495049505,High-High,Not significant,True
E01005363,Oldham,0.4893111638954869,0.4611650485436893,Not significant,-0.06820405576547497,0.227,0.4021072589382449,Low-High,Not significant,True
E01005364,Oldham,0.3164739884393063,0.6894977168949772,Not significant,0.2579937477792588,0.324,0.4403491271820449,High-High,Not significant,True
E01005365,Oldham,0.3366013071895425,0.558252427184466,Not significant,0.0842541201136962,0.297,0.43202402135231316,High-High,Not significant,True
E01005366,Oldham,0.4355909694555113,0.375,Not significant,-0.35711704493950625,0.139,0.33032703488372095,Low-High,Not significant,True
E01005367,Oldham,0.3093145869947276,0.5113636363636364,Not significant,0.051553058926847244,0.082,0.26867735470941884,High-High,Not significant,True
E01005368,Oldham,0.4729194187582562,0.547486033519553,Not significant,0.1770834143418614,0.103,0.29806194690265486,High-High,Not significant,True
E01005369,Oldham,0.5507246376811594,0.4078947368421052,Not significant,0.07210876938577256,0.38,0.4616186252771619,Low-Low,Not significant,True
E01005370,Oldham,0.628463476070529,0.3627254509018036,Not significant,0.3438589027055873,0.136,0.3260410557184751,Low-Low,Not significant,True
E01005371,Oldham,0.5058043117744611,0.4885245901639344,Not significant,-0.005712390528715921,0.273,0.42747137404580154,Low-High,Not significant,True
E01005372,Oldham,0.348314606741573,0.6559139784946236,Not significant,-0.09552016192200988,0.41,0.4724101479915433,High-Low,Not significant,True
E01005373,Oldham,0.2946954813359528,0.66,Not significant,0.4728239804946238,0.188,0.3743970767356882,High-High,Not significant,True
E01005374,Oldham,0.4919093851132686,0.4802631578947368,Not significant,-0.03884520752686153,0.117,0.3115553745928339,Low-High,Not significant,True
E01005375,Oldham,0.2531055900621118,0.6319018404907976,Not significant,0.4644296937775673,0.094,0.2862011173184357,High-High,Not significant,True
E01005376,Oldham,0.43006993006993,0.4146341463414634,Not significant,0.02043832756731189,0.467,0.49281169665809765,Low-Low,Not significant,True
E01005377,Oldham,0.4628751974723539,0.2866894197952218,Not significant,-0.11884289028578535,0.405,0.47096372688477955,Low-High,Not significant,True
E01005378,Oldham,0.416289592760181,0.6195652173913043,Not significant,-0.15082874240591299,0.318,0.43838954468802704,High-Low,Not significant,True
E01005379,Oldham,0.5590062111801242,0.5518518518518518,Not significant,-0.055003135750634785,0.374,0.4616186252771619,High-Low,Not significant,True
E01005380,Oldham,0.2887189292543021,0.5231788079470199,Not significant,0.0042247275737426,0.489,0.4987616968184654,High-High,Not significant,True
E01005381,Oldham,0.5006587615283268,0.25,Not significant,0.1461532383564496,0.406,0.47127832861189795,Low-Low,Not significant,True
E01005382,Oldham,0.4287901990811638,0.4964285714285714,Not significant,0.001461130071891096,0.426,0.47935994494150036,High-High,Not significant,True
E01005383,Oldham,0.3545197740112994,0.5697211155378487,Not significant,-0.03623993475865928,0.427,0.47984889187374075,High-Low,Not significant,True
E01005386,Oldham,0.4489164086687306,0.2655172413793103,Not significant,0.761282835771099,0.053,0.2221923076923077,Low-Low,Not significant,True
E01005387,Oldham,0.378125,0.6363636363636364,Not significant,0.3186502605615524,0.262,0.4241287128712871,High-High,Not significant,True
E01005388,Oldham,0.3230769230769231,0.6137566137566137,Not significant,0.27148997324871643,0.168,0.3604724409448819,High-High,Not significant,True
E01005389,Oldham,0.4839948783610755,0.41005291005291,Not significant,-0.06082587263522686,0.378,0.4616186252771619,Low-High,Not significant,True
E01005390,Oldham,0.2873563218390804,0.6057142857142858,Not significant,0.08844852393835635,0.396,0.46985486211901306,High-High,Not significant,True
E01005391,Oldham,0.2896341463414634,0.6526315789473685,Not significant,0.43071721102855076,0.121,0.31452305246422896,High-High,Not significant,True
E01005392,Oldham,0.5655940594059405,0.3741794310722101,Not significant,-0.14073951532104884,0.33,0.44261689909762103,Low-High,Not significant,True
E01005393,Oldham,0.287593984962406,0.5490196078431373,Not significant,0.1302754155710532,0.191,0.3762469879518073,High-High,Not significant,True
E01005394,Oldham,0.3302180685358255,0.5943396226415094,Not significant,0.09520887209256468,0.337,0.4453102336825141,High-High,Not significant,True
E01005395,Oldham,0.2921348314606741,0.6813186813186813,Not significant,0.018070627072505858,0.488,0.498675,High-High,Not significant,True
E01005396,Oldham,0.3396880415944541,0.5153061224489796,Not significant,0.1156903862408879,0.044,0.20207865168539324,High-High,Not significant,True
E01005397,Oldham,0.4869281045751634,0.436241610738255,Not significant,0.06469388587851133,0.292,0.43010810810810807,Low-Low,Not significant,True
E01005398,Oldham,0.4050445103857567,0.6263736263736264,Not significant,-0.19935497496299834,0.292,0.43010810810810807,High-Low,Not significant,True
E01005399,Oldham,0.410689170182841,0.4931506849315068,Not significant,-0.0007851885066556889,0.128,0.32098159509202456,High-Low,Not significant,True
E01005400,Oldham,0.4422110552763819,0.3693181818181818,Not significant,0.17001627454004914,0.32,0.43855825649622804,Low-Low,Not significant,True
E01005401,Oldham,0.3142437591776799,0.4579439252336448,Not significant,-0.06049716560985053,0.252,0.4198640483383686,Low-High,Not significant,True
E01005402,Oldham,0.4154078549848942,0.5272727272727272,Not significant,-0.08463099241304482,0.161,0.35428667563930016,High-Low,Not significant,True
E01005403,Oldham,0.3988439306358382,0.3478260869565217,Not significant,-0.16509457931532287,0.287,0.43010810810810807,Low-High,Not significant,True
E01005406,Oldham,0.3111111111111111,0.6978021978021978,Not significant,0.513305528830545,0.189,0.3750182038834951,High-High,Not significant,True
E01005407,Oldham,0.340878828229028,0.48828125,Not significant,-0.013722748580671667,0.097,0.2915349264705882,Low-High,Not significant,True
E01005408,Oldham,0.3808988764044944,0.4041297935103244,Not significant,-0.375376774282117,0.103,0.29806194690265486,Low-High,Not significant,True
E01005409,Oldham,0.3348484848484848,0.7375565610859729,Not significant,-0.24904468494896945,0.349,0.44859669811320757,High-Low,Not significant,True
E01005410,Oldham,0.2692307692307692,0.5833333333333334,Not significant,0.44615828776881916,0.048,0.21268292682926832,High-High,Not significant,True
E01005411,Oldham,0.389945652173913,0.4808362369337979,Not significant,-0.04681362416659009,0.082,0.26867735470941884,Low-High,Not significant,True
E01005412,Oldham,0.3770491803278688,0.568561872909699,Not significant,0.09991980973326814,0.35,0.4491758241758242,High-High,Not significant,True
E01005413,Oldham,0.2772585669781931,0.601123595505618,Not significant,0.07978475108587575,0.379,0.4616186252771619,High-High,Not significant,True
E01005414,Oldham,0.3482142857142857,0.6923076923076923,Not significant,0.3709761716886956,0.257,0.4206156156156156,High-High,Not significant,True
E01005415,Oldham,0.322265625,0.6545454545454545,Not significant,0.758322003139891,0.132,0.3240540540540541,High-High,Not significant,True
E01005416,Oldham,0.3824404761904761,0.5486381322957199,Not significant,0.18296665734491696,0.07,0.2515384615384616,High-High,Not significant,True
E01005417,Oldham,0.3110419906687403,0.71,Not significant,0.4444746724416643,0.135,0.3250736377025037,High-High,Not significant,True
E01005418,Oldham,0.2725752508361204,0.6380368098159509,Not significant,0.5762292159305675,0.086,0.27409356725146194,High-High,Not significant,True
E01005419,Oldham,0.3608562691131498,0.5423728813559322,Not significant,0.1034342648134216,0.259,0.4221984047856431,High-High,Not significant,True
E01005420,Oldham,0.3766756032171581,0.5373665480427047,Not significant,0.14284043853956,0.126,0.31939534883720927,High-High,Not significant,True
E01005421,Oldham,0.4656290531776913,0.5376044568245125,Not significant,-0.00561110220297181,0.485,0.4977871939736347,High-Low,Not significant,True
E01005422,Oldham,0.48565965583174,0.6968503937007874,Not significant,-0.47194194015831825,0.244,0.41469854469854467,High-Low,Not significant,True
E01005427,Oldham,0.2789783889980353,0.6197183098591549,Not significant,0.193719212406144,0.274,0.42747137404580154,High-High,Not significant,True
E01005428,Oldham,0.4867424242424242,0.7626459143968871,Not significant,0.3287709939915883,0.272,0.42747137404580154,High-High,Not significant,True
E01005429,Oldham,0.3354978354978355,0.6,Not significant,0.6950062494897061,0.002,0.03516129032258065,High-High,High-High,False
E01005430,Oldham,0.3969359331476323,0.6666666666666666,Not significant,0.8970348759883088,0.028,0.16467625899280575,High-High,Not significant,True
E01005431,Oldham,0.4698275862068966,0.6666666666666666,Not significant,0.7726429602190754,0.047,0.21111263736263736,High-High,Not significant,True
E01005432,Oldham,0.5028901734104047,0.3419540229885057,Not significant,-0.12026605697745359,0.373,0.4616186252771619,Low-High,Not significant,True
E01005433,Oldham,0.5219251336898396,0.3852459016393442,Not significant,0.3855190484728537,0.077,0.26065217391304346,Low-Low,Not significant,True
E01005434,Oldham,0.6338383838383839,0.3864541832669322,Not significant,-0.1588787939919659,0.211,0.39069648924122313,Low-High,Not significant,True
E01005435,Oldham,0.3346774193548387,0.7168674698795181,Not significant,0.31237100711371935,0.289,0.43010810810810807,High-High,Not significant,True
E01005436,Oldham,0.3488372093023256,0.6333333333333333,Not significant,0.34757410336382055,0.176,0.3675095785440613,High-High,Not significant,True
E01005437,Oldham,0.3235294117647059,0.6988636363636364,Not significant,0.6980666938664268,0.112,0.30932432432432433,High-High,Not significant,True
E01005438,Oldham,0.4685942173479561,0.5425531914893617,Not significant,-0.03522810666690938,0.379,0.4616186252771619,High-Low,Not significant,True
E01005439,Oldham,0.3993855606758832,0.6461538461538462,Not significant,0.5629194068064541,0.112,0.30932432432432433,High-High,Not significant,True
E01005440,Oldham,0.4021571648690292,0.318007662835249,Not significant,0.13168860830761436,0.372,0.46112206216830937,Low-Low,Not significant,True
E01005441,Oldham,0.3928095872170439,0.3864406779661017,Not significant,-0.44618521920792215,0.076,0.25941544885177453,Low-High,Not significant,True
E01005442,Oldham,0.2512908777969019,0.5958904109589042,Not significant,0.07047775403236371,0.435,0.47984889187374075,High-High,Not significant,True
E01005444,Oldham,0.3661119515885023,0.5826446280991735,Not significant,0.09810115723421493,0.383,0.46248522895125554,High-High,Not significant,True
E01005445,Oldham,0.5332326283987915,0.6005665722379604,Not significant,0.08704762921393792,0.364,0.45850539291217257,High-High,Not significant,True
E01005446,Oldham,0.4249578414839797,0.5476190476190477,Not significant,0.005943268201433998,0.498,0.49922133660331086,High-High,Not significant,True
E01005447,Oldham,0.5,0.3972222222222222,Not significant,-0.1510604402071432,0.256,0.4206156156156156,Low-High,Not significant,True
E01005448,Oldham,0.5074224021592443,0.4069148936170212,Not significant,-0.05179180236326503,0.392,0.46816654492330173,Low-High,Not significant,True
E01005449,Oldham,0.5110132158590308,0.3362068965517241,Not significant,-0.36096017504141126,0.145,0.33819543509272465,Low-High,Not significant,True
E01005450,Oldham,0.4499252615844544,0.6112956810631229,Not significant,0.22608389367421103,0.304,0.43524632670700086,High-High,Not significant,True
E01005451,Oldham,0.4032258064516129,0.465,Not significant,-0.07385806260506945,0.159,0.35428667563930016,Low-High,Not significant,True
E01005453,Oldham,0.4075235109717868,0.3653846153846153,Not significant,-0.26862593234332427,0.238,0.4104746835443038,Low-High,Not significant,True
E01005454,Oldham,0.3117338003502627,0.5112359550561798,Not significant,0.004578577892788735,0.466,0.492508080155139,High-High,Not significant,True
E01005455,Oldham,0.3344316309719934,0.5911330049261084,Not significant,-0.11894707594732776,0.338,0.4453102336825141,High-Low,Not significant,True
E01005456,Oldham,0.4862385321100917,0.4959568733153638,Not significant,-0.00181353815674461,0.416,0.47530398322851153,High-Low,Not significant,True
E01005459,Oldham,0.3970893970893971,0.3036649214659686,Not significant,0.38483844521699073,0.233,0.40700320512820515,Low-Low,Not significant,True
E01005460,Oldham,0.323960880195599,0.5132075471698113,Not significant,-0.07918236365320004,0.093,0.28474719101123597,High-Low,Not significant,True
E01005461,Oldham,0.3540587219343696,0.6097560975609756,Not significant,0.06056371966828532,0.451,0.48448423127463863,High-High,Not significant,True
E01005462,Oldham,0.4203821656050955,0.553030303030303,Not significant,0.02421392614244209,0.429,0.47984889187374075,High-High,Not significant,True
E01005463,Oldham,0.3326810176125244,0.3588235294117647,Not significant,0.5203513192280996,0.063,0.2450585480093677,Low-Low,Not significant,True
E01005464,Rochdale,0.447289156626506,0.3973063973063973,Not significant,0.05716408196626894,0.408,0.4717680339462517,Low-Low,Not significant,True
E01005465,Rochdale,0.6075471698113207,0.3250517598343685,Not significant,0.7231212156416648,0.042,0.19962209302325581,Low-Low,Not significant,True
E01005466,Rochdale,0.7053045186640472,0.1852367688022284,Not significant,0.990733688646318,0.164,0.3570439414114514,Low-Low,Not significant,True
E01005467,Rochdale,0.5679903730445247,0.3389830508474576,Not significant,0.34937326152574094,0.209,0.38919703872437356,Low-Low,Not significant,True
E01005468,Rochdale,0.40625,0.3076923076923077,Not significant,0.1927799333225052,0.344,0.4474463007159904,Low-Low,Not significant,True
E01005469,Rochdale,0.3513119533527696,0.6639004149377593,Not significant,-0.5156503760146603,0.132,0.3240540540540541,High-Low,Not significant,True
E01005470,Rochdale,0.3424657534246575,0.6285714285714286,Not significant,0.14137352770802275,0.389,0.4669713656387665,High-High,Not significant,True
E01005471,Rochdale,0.3725834797891036,0.6367924528301887,Not significant,0.0350198844506511,0.453,0.4854741661216482,High-High,Not significant,True
E01005472,Rochdale,0.5311077389984825,0.4771428571428571,Not significant,0.017622793830612275,0.338,0.4453102336825141,Low-Low,Not significant,True
E01005473,Rochdale,0.4339250493096647,0.5454545454545454,Not significant,-0.07410228025360353,0.313,0.43673710904480134,High-Low,Not significant,True
E01005474,Rochdale,0.3920335429769392,0.6737967914438503,Not significant,-0.005220926524381467,0.497,0.4991369778869779,High-Low,Not significant,True
E01005475,Rochdale,0.4504201680672269,0.4888059701492537,Not significant,-0.007379997908869314,0.266,0.4251319648093842,Low-High,Not significant,True
E01005476,Rochdale,0.3938223938223938,0.4117647058823529,Not significant,0.299192903313058,0.052,0.22025906735751294,Low-Low,Not significant,True
E01005477,Rochdale,0.5447058823529412,0.4557235421166307,Not significant,0.08046790596733831,0.255,0.4198640483383686,Low-Low,Not significant,True
E01005478,Rochdale,0.3462686567164179,0.5603448275862069,Not significant,-0.17051922647533116,0.13,0.3240540540540541,High-Low,Not significant,True
E01005479,Rochdale,0.3821656050955414,0.4666666666666667,Not significant,0.04983297562660495,0.26,0.4233482142857143,Low-Low,Not significant,True
E01005480,Rochdale,0.5899581589958159,0.2978723404255319,Not significant,-0.13534012086743263,0.369,0.45984374999999994,Low-High,Not significant,True
E01005481,Rochdale,0.4974358974358974,0.3333333333333333,Not significant,0.0018577517379044176,0.492,0.4991369778869779,Low-Low,Not significant,True
E01005482,Rochdale,0.9944008958566628,0.2376126126126126,Not significant,0.19700312463990702,0.342,0.445909090909091,Low-Low,Not significant,True
E01005483,Rochdale,0.5107142857142857,0.5559440559440559,Not significant,-0.0418431738145426,0.416,0.47530398322851153,High-Low,Not significant,True
E01005484,Rochdale,0.6520618556701031,0.2826086956521739,Not significant,0.10092269949583908,0.441,0.48101067378252166,Low-Low,Not significant,True
E01005485,Rochdale,0.5393759286775631,0.5785123966942148,Not significant,-0.1288913932110128,0.291,0.43010810810810807,High-Low,Not significant,True
E01005486,Rochdale,0.51,0.4836601307189542,Not significant,0.003001185274182654,0.461,0.48912070084360804,Low-Low,Not significant,True
E01005487,Rochdale,0.4948630136986301,0.6262975778546713,Not significant,-0.0838612370058827,0.413,0.4748628691983122,High-Low,Not significant,True
E01005488,Rochdale,0.3219178082191781,0.5159574468085106,Not significant,0.04553787276033505,0.206,0.3880299539170507,High-High,Not significant,True
E01005489,Rochdale,0.2984189723320158,0.5827814569536424,Not significant,0.006055518627683213,0.489,0.4987616968184654,High-High,Not significant,True
E01005490,Rochdale,0.4562647754137116,0.4922279792746113,Not significant,0.0010308000402336156,0.315,0.43673710904480134,Low-Low,Not significant,True
E01005491,Rochdale,0.4405286343612334,0.5,Not significant,0.014327161055831128,0.245,0.4159358841778697,High-High,Not significant,True
E01005492,Rochdale,0.3284789644012945,0.6896551724137931,Not significant,-0.00800170191431428,0.491,0.4991369778869779,High-Low,Not significant,True
E01005493,Rochdale,0.3701117318435754,0.5018867924528302,Not significant,0.016404067687304236,0.241,0.4117273673257024,High-High,Not significant,True
E01005494,Rochdale,0.4123422159887798,0.4659863945578231,Not significant,-0.04174891321312333,0.266,0.4251319648093842,Low-High,Not significant,True
E01005495,Rochdale,0.3662374821173104,0.515625,Not significant,-0.008019844411554285,0.449,0.4832883475971034,High-Low,Not significant,True
E01005496,Rochdale,0.5705765407554672,0.4494773519163763,Not significant,-0.06855416379786036,0.295,0.43103217158176943,Low-High,Not significant,True
E01005497,Rochdale,0.5588235294117647,0.2727272727272727,Not significant,0.38789105070426766,0.281,0.42857742537313437,Low-Low,Not significant,True
E01005498,Rochdale,0.3703703703703703,0.5363636363636364,Not significant,-0.02911926402295691,0.404,0.47096372688477955,High-Low,Not significant,True
E01005499,Rochdale,0.363103953147877,0.6209677419354839,Not significant,-0.009196989355187694,0.495,0.4991369778869779,High-Low,Not significant,True
E01005500,Rochdale,0.3835403726708074,0.5870445344129555,Not significant,-0.08945830170934908,0.369,0.45984374999999994,High-Low,Not significant,True
E01005501,Rochdale,0.5939698492462312,0.3350253807106599,Not significant,0.3373867166691305,0.2,0.3847058823529412,Low-Low,Not significant,True
E01005502,Rochdale,0.5367647058823529,0.5671232876712329,Not significant,-0.2677295220469424,0.135,0.3250736377025037,High-Low,Not significant,True
E01005503,Rochdale,0.2613636363636363,0.5217391304347826,Not significant,-0.10557983630302185,0.131,0.3240540540540541,High-Low,Not significant,True
E01005504,Rochdale,0.452112676056338,0.3582554517133956,Not significant,0.29658297480038953,0.221,0.3979460352422907,Low-Low,Not significant,True
E01005505,Rochdale,0.3111342351716961,0.4548494983277591,Not significant,0.16049176840048412,0.029,0.16813829787234041,Low-Low,Not significant,True
E01005506,Rochdale,0.3680981595092024,0.4416666666666666,Not significant,0.09607438535952167,0.264,0.4248425196850394,Low-Low,Not significant,True
E01005507,Rochdale,0.375381485249237,0.4444444444444444,Not significant,0.15936904334266588,0.078,0.26186858316221767,Low-Low,Not significant,True
E01005508,Rochdale,0.4258555133079847,0.3184523809523809,Not significant,0.2824860856363152,0.217,0.3946551724137931,Low-Low,Not significant,True
E01005509,Rochdale,0.49375866851595,0.2780898876404494,Not significant,1.0886296216155957,0.067,0.2478393665158371,Low-Low,Not significant,True
E01005511,Rochdale,0.2749490835030549,0.5185185185185185,Not significant,0.05463406869333903,0.211,0.39069648924122313,High-High,Not significant,True
E01005512,Rochdale,0.4509803921568627,0.4548494983277591,Not significant,-0.02600650466366538,0.429,0.47984889187374075,Low-High,Not significant,True
E01005513,Rochdale,0.6133122028526149,0.627906976744186,Not significant,-0.09304283948687883,0.414,0.47515756302521006,High-Low,Not significant,True
E01005514,Rochdale,0.4814340588988476,0.4787234042553192,Not significant,0.003625082992813094,0.441,0.48101067378252166,Low-Low,Not significant,True
E01005515,Rochdale,0.6213450292397661,0.4447058823529412,Not significant,0.04610005498365136,0.382,0.4616186252771619,Low-Low,Not significant,True
E01005516,Rochdale,0.2758620689655172,0.6875,Not significant,0.18854738760583,0.403,0.47096372688477955,High-High,Not significant,True
E01005517,Rochdale,0.3090062111801242,0.5829145728643216,Not significant,0.17435259806827968,0.281,0.42857742537313437,High-High,Not significant,True
E01005518,Rochdale,0.3869047619047619,0.4846153846153846,Not significant,0.0006237862734518369,0.492,0.4991369778869779,Low-Low,Not significant,True
E01005519,Rochdale,0.3107890499194847,0.538860103626943,Not significant,-0.06602611866662275,0.317,0.4377491554054054,High-Low,Not significant,True
E01005520,Rochdale,0.3503105590062111,0.5602836879432624,Not significant,-0.03711619868231346,0.435,0.47984889187374075,High-Low,Not significant,True
E01005521,Rochdale,0.3684992570579495,0.5524193548387096,Not significant,0.02078353675733371,0.421,0.4773474341192787,High-High,Not significant,True
E01005522,Rochdale,0.5110533159947984,0.4529262086513995,Not significant,0.0025231983104209332,0.478,0.4968404322949777,Low-Low,Not significant,True
E01005523,Rochdale,0.4634448574969021,0.3609625668449198,Not significant,-0.09773209821483027,0.369,0.45984374999999994,Low-High,Not significant,True
E01005524,Rochdale,0.3802588996763754,0.4978723404255319,Not significant,-0.028117436977055727,0.011,0.0993646408839779,High-Low,Not significant,True
E01005525,Rochdale,0.5239206534422404,0.2739420935412027,Not significant,0.7374770257453789,0.152,0.3475804195804196,Low-Low,Not significant,True
E01005526,Rochdale,0.6767676767676768,0.1641791044776119,Not significant,1.7748458972132415,0.001,0.023695652173913045,Low-Low,Low-Low,False
E01005527,Rochdale,0.7427184466019418,0.0947712418300653,Low-Low,4.452435937519512,0.001,0.023695652173913045,Low-Low,Low-Low,True
E01005528,Rochdale,0.405688622754491,0.4538745387453874,Not significant,0.278095944891178,0.003,0.04541666666666667,Low-Low,Low-Low,False
E01005529,Rochdale,0.4416107382550335,0.1884498480243161,Not significant,2.1466945850313484,0.003,0.04541666666666667,Low-Low,Low-Low,False
E01005530,Rochdale,0.2839116719242902,0.6666666666666666,Not significant,-0.33829592288207233,0.261,0.4233482142857143,High-Low,Not significant,True
E01005531,Rochdale,0.345631067961165,0.4269662921348314,Not significant,0.16480395101272657,0.179,0.3681320754716981,Low-Low,Not significant,True
E01005532,Rochdale,0.4289985052316891,0.2264808362369338,Not significant,-0.3488907858135263,0.29,0.43010810810810807,Low-High,Not significant,True
E01005533,Rochdale,0.3952618453865336,0.4668769716088328,Not significant,-0.01677100173967953,0.377,0.4616186252771619,Low-High,Not significant,True
E01005534,Rochdale,0.4308681672025723,0.3358208955223881,Not significant,0.1470260684981763,0.381,0.4616186252771619,Low-Low,Not significant,True
E01005535,Rochdale,0.4639016897081413,0.4271523178807947,Not significant,0.28485189493573443,0.038,0.18942073170731705,Low-Low,Not significant,True
E01005536,Rochdale,0.5594713656387665,0.3727034120734908,Not significant,0.24202998758038788,0.234,0.4078784648187634,Low-Low,Not significant,True
E01005537,Rochdale,0.2767857142857143,0.535483870967742,Not significant,0.03738398645040523,0.369,0.45984374999999994,High-High,Not significant,True
E01005538,Rochdale,0.4010600706713781,0.3744493392070485,Not significant,0.14689187617976796,0.324,0.4403491271820449,Low-Low,Not significant,True
E01005539,Rochdale,0.4812593703148425,0.4143302180685358,Not significant,0.1784523648020537,0.206,0.3880299539170507,Low-Low,Not significant,True
E01005540,Rochdale,0.6474576271186441,0.2460732984293193,Not significant,0.06364080461123818,0.47,0.4932284980744544,Low-Low,Not significant,True
E01005541,Rochdale,0.3703170028818444,0.5719844357976653,Not significant,-0.3802010617656894,0.048,0.21268292682926832,High-Low,Not significant,True
E01005542,Rochdale,0.4757142857142857,0.3093093093093093,Not significant,0.2555454888976719,0.276,0.4281404174573055,Low-Low,Not significant,True
E01005543,Rochdale,0.2879377431906614,0.6148648648648649,Not significant,-0.15427356734950579,0.258,0.4214085914085914,High-Low,Not significant,True
E01005544,Rochdale,0.325938566552901,0.675392670157068,Not significant,0.1769954042447077,0.337,0.4453102336825141,High-High,Not significant,True
E01005545,Rochdale,0.3132780082987552,0.5894039735099338,Not significant,0.2455880955518175,0.183,0.37260896637608965,High-High,Not significant,True
E01005546,Rochdale,0.3241491085899514,0.38,Not significant,0.34174643123271314,0.071,0.2518112798264642,Low-Low,Not significant,True
E01005547,Rochdale,0.461118690313779,0.4201183431952662,Not significant,0.0023025704083715287,0.497,0.4991369778869779,Low-Low,Not significant,True
E01005548,Rochdale,0.4125200642054574,0.3035019455252918,Not significant,0.19118004016209614,0.354,0.4511223694466095,Low-Low,Not significant,True
E01005549,Rochdale,0.2847457627118644,0.7380952380952381,Not significant,0.12324200536555498,0.392,0.46816654492330173,High-High,Not significant,True
E01005550,Rochdale,0.3225283630470016,0.7437185929648241,Not significant,0.4112244280097047,0.277,0.42847209082308424,High-High,Not significant,True
E01005551,Rochdale,0.5579710144927537,0.1017316017316017,Low-Low,4.274727340063382,0.001,0.023695652173913045,Low-Low,Low-Low,True
E01005552,Rochdale,0.5444319460067492,0.1983471074380165,Not significant,2.707931780252221,0.002,0.03516129032258065,Low-Low,Low-Low,False
E01005553,Rochdale,0.4395318595578673,0.2958579881656805,Low-Low,1.7462920890947409,0.001,0.023695652173913045,Low-Low,Low-Low,True
E01005554,Rochdale,0.4805936073059361,0.1947743467933491,Not significant,1.8398828446724942,0.003,0.04541666666666667,Low-Low,Low-Low,False
E01005555,Rochdale,0.3187613843351548,0.52,Not significant,-0.029719058455670487,0.319,0.43855825649622804,High-Low,Not significant,True
E01005556,Rochdale,0.4111747851002865,0.519163763066202,Not significant,0.016916830754861015,0.43,0.47984889187374075,High-High,Not significant,True
E01005558,Rochdale,0.3627311522048364,0.5333333333333333,Not significant,0.04809040893856677,0.335,0.4453048780487805,High-High,Not significant,True
E01005559,Rochdale,0.4706766917293233,0.3514376996805112,Not significant,-0.10048881912132111,0.423,0.4777670572019297,Low-High,Not significant,True
E01005560,Rochdale,0.3589001447178003,0.6370967741935484,Not significant,-0.05880810631681607,0.445,0.4818377483443709,High-Low,Not significant,True
E01005561,Rochdale,0.386748844375963,0.450199203187251,Not significant,-0.10483894627093882,0.19,0.3756348246674728,Low-High,Not significant,True
E01005562,Rochdale,0.3465491923641703,0.5,Not significant,0.01929964230421439,0.19,0.3756348246674728,High-High,Not significant,True
E01005563,Rochdale,0.4893917963224894,0.5115606936416185,Not significant,-0.061668143971924626,0.102,0.29806194690265486,High-Low,Not significant,True
E01005564,Rochdale,0.5991847826086957,0.3809523809523809,Not significant,0.03731183828823686,0.456,0.4863405088062623,Low-Low,Not significant,True
E01005565,Rochdale,0.3264540337711069,0.3620689655172414,Not significant,0.2732713506644848,0.251,0.4198640483383686,Low-Low,Not significant,True
E01005566,Rochdale,0.4444444444444444,0.3831521739130434,Not significant,0.20696516722570002,0.251,0.4198640483383686,Low-Low,Not significant,True
E01005567,Rochdale,0.3353960396039604,0.3726937269372694,Not significant,0.2823827514034137,0.144,0.3368240343347639,Low-Low,Not significant,True
E01005568,Rochdale,0.4073506891271056,0.2781954887218045,Not significant,0.795456692215197,0.106,0.3008854166666667,Low-Low,Not significant,True
E01005569,Rochdale,0.3728549141965678,0.3598326359832636,Not significant,0.4385519584313148,0.127,0.3204398148148148,Low-Low,Not significant,True
E01005570,Rochdale,0.3276740237691001,0.6321243523316062,Not significant,0.20176286332876234,0.299,0.4330070859167404,High-High,Not significant,True
E01005571,Rochdale,0.3328748280605227,0.4917355371900826,Not significant,-0.0034404242174314492,0.179,0.3681320754716981,Low-High,Not significant,True
E01005572,Rochdale,0.2950558213716108,0.6432432432432432,Not significant,0.23317141831564758,0.327,0.4410197368421052,High-High,Not significant,True
E01005573,Rochdale,0.3108348134991119,0.5142857142857142,Not significant,0.06612739027929529,0.132,0.3240540540540541,High-High,Not significant,True
E01005574,Rochdale,0.2929292929292929,0.4975369458128079,Not significant,0.009653188988470007,0.132,0.3240540540540541,High-High,Not significant,True
E01005575,Rochdale,0.3763157894736842,0.534965034965035,Not significant,0.14702788754243423,0.096,0.2895940959409594,High-High,Not significant,True
E01005576,Rochdale,0.3161764705882353,0.6453488372093024,Not significant,0.5339729766040117,0.116,0.3115553745928339,High-High,Not significant,True
E01005577,Rochdale,0.3796296296296296,0.6463414634146342,Not significant,0.3670067260422105,0.219,0.3965282392026578,High-High,Not significant,True
E01005578,Rochdale,0.4349514563106796,0.3705357142857143,Not significant,0.234646057551568,0.249,0.4188425925925926,Low-Low,Not significant,True
E01005579,Rochdale,0.4735883424408014,0.5038461538461538,Not significant,-0.027416496454378207,0.176,0.3675095785440613,High-Low,Not significant,True
E01005580,Rochdale,0.4602076124567474,0.575187969924812,Not significant,-0.2153742686715854,0.166,0.35900793650793655,High-Low,Not significant,True
E01005581,Rochdale,0.4944444444444444,0.4129213483146067,Not significant,0.011009583380247647,0.494,0.4991369778869779,Low-Low,Not significant,True
E01005583,Rochdale,0.425,0.3981900452488687,Not significant,0.1468149373413138,0.307,0.43524632670700086,Low-Low,Not significant,True
E01005585,Rochdale,0.488,0.4713114754098361,Not significant,0.09119066047639958,0.026,0.15458181818181818,Low-Low,Not significant,True
E01005586,Rochdale,0.5949367088607594,0.2978723404255319,Not significant,0.6495102458319181,0.126,0.31939534883720927,Low-Low,Not significant,True
E01005587,Rochdale,0.2737864077669903,0.4964539007092198,Not significant,0.00700650490255233,0.237,0.41004761904761905,High-High,Not significant,True
E01005588,Rochdale,0.4969604863221885,0.4464831804281345,Not significant,0.012005482358632694,0.468,0.49281169665809765,Low-Low,Not significant,True
E01005589,Rochdale,0.4714881780250348,0.5250737463126843,Not significant,0.025420745668297905,0.364,0.45850539291217257,High-High,Not significant,True
E01005590,Rochdale,0.3828264758497317,0.5607476635514018,Not significant,-0.10039763772095812,0.254,0.4198640483383686,High-Low,Not significant,True
E01005591,Rochdale,0.4442748091603053,0.5017182130584192,Not significant,-0.001961047767727694,0.472,0.49469230769230765,High-Low,Not significant,True
E01005592,Rochdale,0.4533551554828151,0.4151624548736462,Not significant,-0.14438564591779027,0.213,0.39262119503945886,Low-High,Not significant,True
E01005593,Rochdale,0.4435590969455511,0.2035928143712574,Not significant,1.3581156412040334,0.084,0.2725,Low-Low,Not significant,True
E01005594,Rochdale,0.327212020033389,0.5,Not significant,-0.031007151738409174,0.022,0.14330677290836652,High-Low,Not significant,True
E01005595,Rochdale,0.5073627844712182,0.2269129287598944,Not significant,1.3403591907973043,0.066,0.24636986301369865,Low-Low,Not significant,True
E01005596,Rochdale,0.402200488997555,0.4224924012158054,Not significant,0.1704623815727648,0.077,0.26065217391304346,Low-Low,Not significant,True
E01005597,Rochdale,0.3216444981862152,0.3120300751879699,Not significant,0.28470751745755785,0.29,0.43010810810810807,Low-Low,Not significant,True
E01005598,Rochdale,0.311046511627907,0.5514018691588785,Not significant,-0.18144160503883286,0.17,0.3623859191655802,High-Low,Not significant,True
E01005599,Salford,0.4971363115693012,0.380184331797235,Not significant,0.26677554970256606,0.141,0.3326623376623376,Low-Low,Not significant,True
E01005600,Salford,0.618510158013544,0.2463503649635036,Not significant,-0.12052890584085417,0.456,0.4863405088062623,Low-High,Not significant,True
E01005601,Salford,0.4483775811209439,0.4671052631578947,Not significant,0.08537467535168827,0.131,0.3240540540540541,Low-Low,Not significant,True
E01005602,Salford,0.581081081081081,0.5,Not significant,-0.007466284943084101,0.375,0.4616186252771619,High-Low,Not significant,True
E01005603,Salford,0.5539280958721704,0.5024038461538461,Not significant,-0.02590866472605736,0.122,0.3151184834123223,High-Low,Not significant,True
E01005604,Salford,0.3988995873452545,0.4275862068965517,Not significant,-0.10839748599376632,0.31,0.435719794344473,Low-High,Not significant,True
E01005605,Salford,0.5345997286295794,0.4720812182741117,Not significant,-0.025338396698762748,0.283,0.43010810810810807,Low-High,Not significant,True
E01005611,Salford,0.6177311725452812,0.3317901234567901,Low-Low,1.380772906428279,0.001,0.023695652173913045,Low-Low,Low-Low,True
E01005612,Salford,0.6628787878787878,0.1142857142857142,Not significant,2.1610779465343017,0.003,0.04541666666666667,Low-Low,Low-Low,False
E01005613,Salford,0.6033966033966034,0.4155629139072848,Low-Low,0.5568163078741083,0.002,0.03516129032258065,Low-Low,Low-Low,True
E01005614,Salford,0.4579288025889967,0.4734982332155477,Not significant,0.1336738935875472,0.043,0.20144699140401143,Low-Low,Not significant,True
E01005615,Salford,0.7485380116959064,0.64453125,Not significant,-1.1982720641117508,0.021,0.1390080971659919,High-Low,Not significant,True
E01005616,Salford,0.3436988543371522,0.4952380952380952,Not significant,0.0047525852216980064,0.261,0.4233482142857143,High-High,Not significant,True
E01005617,Salford,0.3228476821192053,0.7025641025641025,Not significant,-0.3212178417262122,0.34,0.445909090909091,High-Low,Not significant,True
E01005618,Salford,0.4306010928961749,0.5076142131979695,Not significant,-0.01895799857425566,0.307,0.43524632670700086,High-Low,Not significant,True
E01005619,Salford,0.3898635477582846,0.635,Not significant,-0.34075953143782783,0.235,0.40874999999999995,High-Low,Not significant,True
E01005620,Salford,0.4131679389312977,0.418013856812933,Not significant,-0.01674414426975368,0.478,0.4968404322949777,Low-High,Not significant,True
E01005621,Salford,0.5051020408163265,0.351010101010101,Not significant,-0.3540152777856731,0.14,0.3307803468208093,Low-High,Not significant,True
E01005622,Salford,0.5097451274362819,0.6970588235294117,Not significant,0.833913140043201,0.074,0.2547157894736842,High-High,Not significant,True
E01005623,Salford,0.3597560975609756,0.8248587570621468,Not significant,-0.16110589548442583,0.437,0.47984889187374075,High-Low,Not significant,True
E01005624,Salford,0.5769230769230769,0.4452380952380952,Not significant,-0.12245391123443636,0.164,0.3570439414114514,Low-High,Not significant,True
E01005625,Salford,0.3514851485148514,0.539906103286385,Not significant,0.03554898585417996,0.397,0.47034246575342464,High-High,Not significant,True
E01005626,Salford,0.2591876208897485,0.6716417910447762,Not significant,0.33917129025872894,0.222,0.3984754098360656,High-High,Not significant,True
E01005627,Salford,0.2817796610169492,0.6015037593984962,Not significant,0.10942528552663071,0.344,0.4474463007159904,High-High,Not significant,True
E01005628,Salford,0.4947049924357035,0.5779816513761468,Not significant,0.1328775114521271,0.327,0.4410197368421052,High-High,Not significant,True
E01005629,Salford,0.491044776119403,0.4741641337386018,Not significant,-0.09376221189939499,0.016,0.1222429906542056,Low-High,Not significant,True
E01005630,Salford,0.4080370942812983,0.5946969696969697,Not significant,-0.1858887754085206,0.281,0.42857742537313437,High-Low,Not significant,True
E01005631,Salford,0.7603068072866731,0.4451450189155107,Not significant,0.12499396861423089,0.213,0.39262119503945886,Low-Low,Not significant,True
E01005632,Salford,0.4973118279569892,0.3063063063063063,Not significant,0.14788355571354714,0.374,0.4616186252771619,Low-Low,Not significant,True
E01005633,Salford,0.3394039735099338,0.3560975609756097,Not significant,-0.21981887881579518,0.281,0.42857742537313437,Low-High,Not significant,True
E01005634,Salford,0.3468468468468468,0.6233766233766234,Not significant,-0.30041201279392327,0.233,0.40700320512820515,High-Low,Not significant,True
E01005635,Salford,0.5323529411764706,0.6270718232044199,Not significant,-0.49908842325622416,0.058,0.23357142857142857,High-Low,Not significant,True
E01005636,Salford,0.4559659090909091,0.3738317757009345,Not significant,0.11001819698547252,0.362,0.45810371517027865,Low-Low,Not significant,True
E01005637,Salford,0.5030395136778115,0.525679758308157,Not significant,0.017164252443905875,0.428,0.47984889187374075,High-High,Not significant,True
E01005638,Salford,0.5657084188911704,0.3865698729582577,Not significant,0.37167459440177314,0.084,0.2725,Low-Low,Not significant,True
E01005639,Salford,0.3996478873239437,0.2158590308370044,Not significant,-0.5042657816496784,0.305,0.43524632670700086,Low-High,Not significant,True
E01005640,Salford,0.3622641509433962,0.4635416666666667,Not significant,-0.0010782068568423056,0.479,0.49693210659898474,Low-High,Not significant,True
E01005641,Salford,0.4126213592233009,0.5176470588235295,Not significant,-0.039752537209204256,0.304,0.43524632670700086,High-Low,Not significant,True
E01005642,Salford,0.2761341222879684,0.4714285714285714,Not significant,-0.04918665048440305,0.188,0.3743970767356882,Low-High,Not significant,True
E01005643,Salford,0.3398496240601504,0.6460176991150443,Not significant,-0.18897949749604598,0.268,0.4270760233918129,High-Low,Not significant,True
E01005644,Salford,0.3601973684210526,0.5525114155251142,Not significant,0.08144061152026744,0.339,0.4459090909090909,High-High,Not significant,True
E01005645,Salford,0.2690355329949238,0.5849056603773585,Not significant,-0.003545119177060532,0.488,0.498675,High-Low,Not significant,True
E01005646,Salford,0.5370705244122965,0.3838383838383838,Not significant,-0.030313918188203247,0.45,0.48404605263157896,Low-High,Not significant,True
E01005647,Salford,0.5576923076923077,0.4482758620689655,Not significant,-0.1726652683813559,0.072,0.2520770877944325,Low-High,Not significant,True
E01005648,Salford,0.50390625,0.4534883720930232,Not significant,0.09596085541333953,0.16,0.35428667563930016,Low-Low,Not significant,True
E01005649,Salford,0.5255023183925811,0.4735294117647058,Not significant,0.007248232666516289,0.449,0.4832883475971034,Low-Low,Not significant,True
E01005650,Salford,0.6439873417721519,0.3882063882063882,Not significant,0.2833258438384115,0.096,0.2895940959409594,Low-Low,Not significant,True
E01005651,Salford,0.4548736462093863,0.4841269841269841,Not significant,0.037818674092475114,0.069,0.25070000000000003,Low-Low,Not significant,True
E01005652,Salford,0.4586994727592267,0.3908045977011494,Not significant,0.456971755019341,0.088,0.2782978723404255,Low-Low,Not significant,True
E01005653,Salford,0.657672849915683,0.5102564102564102,Not significant,-0.1298149309572721,0.011,0.0993646408839779,High-Low,Not significant,True
E01005654,Salford,0.6898047722342733,0.3663522012578616,Not significant,0.8475499731415703,0.005,0.06437007874015749,Low-Low,Not significant,True
E01005656,Salford,0.6047486033519553,0.4688221709006928,Not significant,0.10533690413694792,0.092,0.28381132075471693,Low-Low,Not significant,True
E01005657,Salford,0.5740987983978638,0.513953488372093,Not significant,-0.10368610667158239,0.038,0.18942073170731705,High-Low,Not significant,True
E01005659,Salford,0.5771065182829889,0.3002754820936639,Not significant,0.7978681573361126,0.051,0.21771540469973888,Low-Low,Not significant,True
E01005660,Salford,0.4836065573770491,0.2401129943502825,Low-Low,1.8268254468058998,0.002,0.03516129032258065,Low-Low,Low-Low,True
E01005661,Salford,0.4116094986807387,0.3237179487179487,Low-Low,1.321423835597405,0.002,0.03516129032258065,Low-Low,Low-Low,True
E01005662,Salford,0.4716981132075472,0.35,Not significant,0.26919114002208705,0.248,0.41845201238390095,Low-Low,Not significant,True
E01005663,Salford,0.4955223880597015,0.2469879518072289,Not significant,1.416089185844303,0.005,0.06437007874015749,Low-Low,Not significant,True
E01005664,Salford,0.5112903225806451,0.3312302839116719,Not significant,1.1927407492758535,0.002,0.03516129032258065,Low-Low,Low-Low,False
E01005665,Salford,0.5453431372549019,0.1280898876404494,Low-Low,2.8844586379013366,0.002,0.03516129032258065,Low-Low,Low-Low,True
E01005667,Salford,0.7218992248062015,0.1248322147651006,Low-Low,5.298363898182218,0.001,0.023695652173913045,Low-Low,Low-Low,True
E01005670,Salford,0.4388753056234719,0.2729805013927576,Not significant,0.4825735850775188,0.18,0.3692597239648683,Low-Low,Not significant,True
E01005671,Salford,0.4742404227212681,0.3955431754874652,Not significant,0.1259548401610072,0.328,0.4410197368421052,Low-Low,Not significant,True
E01005672,Salford,0.4533551554828151,0.6678700361010831,Not significant,-0.5428815793935812,0.117,0.3115553745928339,High-Low,Not significant,True
E01005673,Salford,0.3823975720789074,0.4365079365079365,Not significant,0.25673484094075494,0.021,0.1390080971659919,Low-Low,Not significant,True
E01005674,Salford,0.382636655948553,0.453781512605042,Not significant,-0.002456785210043763,0.484,0.4977871939736347,Low-High,Not significant,True
E01005676,Salford,0.2730560578661845,0.5165562913907285,Not significant,0.10746282049316833,0.078,0.26186858316221767,High-High,Not significant,True
E01005677,Salford,0.3406754772393539,0.5818965517241379,Not significant,-0.12914803176591275,0.228,0.4030054054054054,High-Low,Not significant,True
E01005678,Salford,0.386748844375963,0.3266932270916334,Not significant,0.6273994492107576,0.065,0.24636986301369865,Low-Low,Not significant,True
E01005679,Salford,0.6012084592145015,0.3442211055276382,Not significant,0.9201003458980738,0.032,0.17856655290102388,Low-Low,Not significant,True
E01005680,Salford,0.4590163934426229,0.4285714285714285,Low-Low,0.355248536526345,0.002,0.03516129032258065,Low-Low,Low-Low,True
E01005681,Salford,0.5890909090909091,0.1697530864197531,Low-Low,3.290779923236015,0.001,0.023695652173913045,Low-Low,Low-Low,True
E01005682,Salford,0.4078549848942598,0.0543209876543209,Low-Low,4.275644574061854,0.002,0.03516129032258065,Low-Low,Low-Low,True
E01005683,Salford,0.8658399098083427,0.0677083333333333,Not significant,2.494071336651824,0.022,0.14330677290836652,Low-Low,Not significant,True
E01005686,Salford,0.4794952681388013,0.5361842105263158,Not significant,-0.04593270661901213,0.337,0.4453102336825141,High-Low,Not significant,True
E01005687,Salford,0.4408866995073892,0.5418994413407822,Not significant,-0.006883000203353103,0.459,0.4882661027976578,High-Low,Not significant,True
E01005688,Salford,0.3266871165644172,0.4788732394366197,Not significant,-0.0010086261336847977,0.495,0.4991369778869779,Low-High,Not significant,True
E01005689,Salford,0.7575757575757576,0.2125,Not significant,-0.5282092769203591,0.303,0.43524632670700086,Low-High,Not significant,True
E01005690,Salford,0.3858381502890173,0.5543071161048689,Not significant,-0.042030123733647846,0.405,0.47096372688477955,High-Low,Not significant,True
E01005691,Salford,0.362555720653789,0.5204918032786885,Not significant,-0.05271593113357748,0.215,0.39408632286995515,High-Low,Not significant,True
E01005692,Salford,0.552054794520548,0.2803970223325062,Not significant,-0.1312150503055909,0.394,0.46918426802622,Low-High,Not significant,True
E01005693,Salford,0.3492063492063492,0.5954545454545455,Not significant,0.07852544183107867,0.428,0.47984889187374075,High-High,Not significant,True
E01005694,Salford,0.4499274310595065,0.4290322580645161,Not significant,0.09361737890929094,0.252,0.4198640483383686,Low-Low,Not significant,True
E01005695,Salford,0.2859424920127795,0.5698324022346368,Not significant,0.01798838527575862,0.438,0.48030181086519114,High-High,Not significant,True
E01005696,Salford,0.5049226441631505,0.3760445682451253,Not significant,-0.1714914732505741,0.27,0.42747137404580154,Low-High,Not significant,True
E01005697,Salford,0.3215926493108729,0.6666666666666666,Not significant,0.19262458557495665,0.35,0.4491758241758242,High-High,Not significant,True
E01005698,Salford,0.5309278350515464,0.3300970873786408,Not significant,0.10040455078761773,0.424,0.4777670572019297,Low-Low,Not significant,True
E01005699,Salford,0.2733245729303548,0.6105769230769231,Not significant,-0.3541535638044383,0.179,0.3681320754716981,High-Low,Not significant,True
E01005700,Salford,0.4229007633587786,0.5126353790613718,Not significant,-0.010688896157625992,0.417,0.47544979079497907,High-Low,Not significant,True
E01005701,Salford,0.3016759776536313,0.5092592592592593,Not significant,-0.016389064097661693,0.334,0.4453048780487805,High-Low,Not significant,True
E01005702,Salford,0.5328083989501312,0.2085385878489326,Not significant,1.2760315488754594,0.013,0.1084438775510204,Low-Low,Not significant,True
E01005703,Salford,0.5318302387267905,0.2518703241895262,Not significant,1.6565771212573137,0.004,0.0558974358974359,Low-Low,Not significant,True
E01005704,Salford,0.398981324278438,0.4936170212765957,Not significant,-0.004838194919835861,0.015,0.11678571428571428,High-Low,Not significant,True
E01005706,Salford,0.4231354642313546,0.460431654676259,Not significant,0.1963651154572071,0.008,0.0872,Low-Low,Not significant,True
E01005707,Salford,0.485006518904824,0.2553763440860215,Not significant,1.234928873403702,0.027,0.1593682310469314,Low-Low,Not significant,True
E01005708,Salford,0.5925414364640884,0.3473193473193473,Not significant,0.8278754366442185,0.012,0.10272251308900524,Low-Low,Not significant,True
E01005709,Salford,0.4571428571428571,0.2083333333333333,Not significant,2.2455748973338503,0.007,0.07839041095890412,Low-Low,Not significant,True
E01005710,Salford,0.7431629013079667,0.2048,Not significant,1.56221077764681,0.023,0.14408045977011494,Low-Low,Not significant,True
E01005711,Salford,0.3996815286624204,0.50199203187251,Not significant,-0.04489142221474374,0.026,0.15458181818181818,High-Low,Not significant,True
E01005712,Salford,0.5563463819691578,0.371002132196162,Not significant,0.3997637990558266,0.105,0.2996073298429319,Low-Low,Not significant,True
E01005713,Salford,0.3557142857142857,0.5100401606425703,Not significant,-0.07612163135033037,0.042,0.19962209302325581,High-Low,Not significant,True
E01005714,Salford,0.4549356223175965,0.2987421383647798,Not significant,0.03657408005398808,0.482,0.4977871939736347,Low-Low,Not significant,True
E01005715,Salford,0.3817701453104359,0.5397923875432526,Not significant,-0.14564719398870496,0.117,0.3115553745928339,High-Low,Not significant,True
E01005716,Salford,0.2952522255192878,0.4070351758793969,Not significant,0.21842966587874652,0.223,0.3984754098360656,Low-Low,Not significant,True
E01005717,Salford,0.3428571428571428,0.3177083333333333,Not significant,-0.022967340315440173,0.491,0.4991369778869779,Low-High,Not significant,True
E01005718,Salford,0.480503144654088,0.4240837696335078,Not significant,0.2787158695524981,0.043,0.20144699140401143,Low-Low,Not significant,True
E01005719,Salford,0.6271018793273986,0.2728706624605678,Not significant,0.09045707282011922,0.445,0.4818377483443709,Low-Low,Not significant,True
E01005721,Salford,0.4591836734693877,0.3527777777777778,Not significant,0.02760213205215365,0.478,0.4968404322949777,Low-Low,Not significant,True
E01005722,Salford,0.6150943396226415,0.3824130879345603,Not significant,0.15448996809066595,0.279,0.42857742537313437,Low-Low,Not significant,True
E01005723,Salford,0.558282208588957,0.2637362637362637,Low-Low,1.68927432753415,0.001,0.023695652173913045,Low-Low,Low-Low,True
E01005724,Salford,0.3789308176100629,0.4854771784232365,Not significant,0.0006827095042445934,0.475,0.4956126356094448,Low-Low,Not significant,True
E01005725,Salford,0.3734290843806104,0.2740384615384615,Not significant,-0.40321162010751976,0.255,0.4198640483383686,Low-High,Not significant,True
E01005726,Salford,0.4016260162601626,0.582995951417004,Not significant,-0.17849868229811353,0.202,0.386280701754386,High-Low,Not significant,True
E01005727,Salford,0.5169753086419753,0.5343283582089552,Not significant,-0.049922740037052514,0.331,0.44286824877250414,High-Low,Not significant,True
E01005728,Salford,0.316688567674113,0.5020746887966805,Not significant,-0.021043412350357484,0.166,0.35900793650793655,High-Low,Not significant,True
E01005729,Salford,0.4600515463917525,0.2296918767507002,Not significant,0.3240200559013182,0.338,0.4453102336825141,Low-Low,Not significant,True
E01005730,Salford,0.4383561643835616,0.446875,Not significant,0.12976273409482408,0.115,0.31078512396694213,Low-Low,Not significant,True
E01005731,Salford,0.3820998278829604,0.2882882882882883,Not significant,0.3245600499867756,0.308,0.43524632670700086,Low-Low,Not significant,True
E01005732,Salford,0.3315018315018315,0.3370165745856354,Not significant,0.1411103432795338,0.363,0.45850539291217257,Low-Low,Not significant,True
E01005733,Salford,0.5292929292929293,0.5954198473282443,Not significant,-0.2379741963626071,0.271,0.42747137404580154,High-Low,Not significant,True
E01005734,Salford,0.3792,0.5021097046413502,Not significant,-0.017821114075664207,0.305,0.43524632670700086,High-Low,Not significant,True
E01005736,Salford,0.3472,0.4930875576036866,Not significant,-0.0003656684278271912,0.231,0.40611290322580645,High-Low,Not significant,True
E01005737,Salford,0.3485617597292724,0.529126213592233,Not significant,-0.07618412259352508,0.128,0.32098159509202456,High-Low,Not significant,True
E01005738,Salford,0.3596597812879708,0.4324324324324324,Not significant,0.08132726413171737,0.264,0.4248425196850394,Low-Low,Not significant,True
E01005739,Salford,0.4240102171136654,0.2981927710843373,Not significant,-0.22095961741182707,0.37,0.46038812785388133,Low-High,Not significant,True
E01005740,Salford,0.3504273504273504,0.4430894308943089,Not significant,0.06406868054365772,0.342,0.445909090909091,Low-Low,Not significant,True
E01005741,Salford,0.3596491228070175,0.4878048780487805,Not significant,-0.003618937246887725,0.407,0.47127832861189795,Low-High,Not significant,True
E01005742,Salford,0.3493975903614458,0.5732758620689655,Not significant,0.21759438153516694,0.191,0.3762469879518073,High-High,Not significant,True
E01005743,Stockport,0.3150442477876106,0.7584269662921348,Not significant,0.11847818460942627,0.414,0.47515756302521006,High-High,Not significant,True
E01005744,Stockport,0.3693009118541033,0.4156378600823045,Not significant,0.012648251568139826,0.456,0.4863405088062623,Low-Low,Not significant,True
E01005745,Stockport,0.2993311036789298,0.6703910614525139,Not significant,0.31247274342927955,0.233,0.40700320512820515,High-High,Not significant,True
E01005746,Stockport,0.3885350318471338,0.4098360655737705,Not significant,-0.3811653598673926,0.038,0.18942073170731705,Low-High,Not significant,True
E01005747,Stockport,0.2925170068027211,0.7034883720930233,Not significant,1.3156854182798692,0.011,0.0993646408839779,High-High,Not significant,True
E01005748,Stockport,0.297583081570997,0.7208121827411168,Not significant,1.3411872425000726,0.007,0.07839041095890412,High-High,Not significant,True
E01005749,Stockport,0.3155006858710562,0.5260869565217391,Not significant,0.008954171178385388,0.454,0.4854741661216482,High-High,Not significant,True
E01005750,Stockport,0.3319027181688126,0.7068965517241379,Not significant,1.2492281412716848,0.009,0.0913975155279503,High-High,Not significant,True
E01005751,Stockport,0.3658536585365853,0.7288888888888889,Not significant,0.08878173207877817,0.46,0.4883766233766234,High-High,Not significant,True
E01005752,Stockport,0.4215530903328051,0.3796992481203007,Not significant,-0.12286045323569089,0.346,0.4475553797468354,Low-High,Not significant,True
E01005753,Stockport,0.2735166425470333,0.4338624338624338,Not significant,0.30658840398225384,0.06,0.2386861313868613,Low-Low,Not significant,True
E01005754,Stockport,0.2664092664092664,0.3297101449275362,Not significant,0.0955400983479946,0.434,0.47984889187374075,Low-Low,Not significant,True
E01005755,Stockport,0.2990264255910987,0.5255813953488372,Not significant,0.10494095711687322,0.07,0.2515384615384616,High-High,Not significant,True
E01005756,Stockport,0.4365384615384615,0.1365638766519823,Not significant,0.3216371551850881,0.397,0.47034246575342464,Low-Low,Not significant,True
E01005757,Stockport,0.3837689133425034,0.6989247311827957,Not significant,0.4577668411496712,0.174,0.36682692307692305,High-High,Not significant,True
E01005759,Stockport,0.3796423658872077,0.5,Not significant,0.01826852714843898,0.106,0.3008854166666667,High-High,Not significant,True
E01005760,Stockport,0.4971623155505107,0.6187214611872146,Not significant,0.5315708863861257,0.036,0.18745222929936303,High-High,Not significant,True
E01005761,Stockport,0.3596330275229358,0.6479591836734694,Not significant,-0.37939267869334975,0.209,0.38919703872437356,High-Low,Not significant,True
E01005762,Stockport,0.40125,0.1869158878504672,Low-High,-1.7348612731336783,0.002,0.03516129032258065,Low-High,Low-High,True
E01005763,Stockport,0.3150470219435736,0.5174129353233831,Not significant,-0.05993164786290902,0.207,0.3890172413793103,High-Low,Not significant,True
E01005764,Stockport,0.3963963963963964,0.7954545454545454,Not significant,0.3312994747748142,0.32,0.43855825649622804,High-High,Not significant,True
E01005765,Stockport,0.303886925795053,0.7790697674418605,Not significant,1.679695231731705,0.006,0.0732089552238806,High-High,Not significant,True
E01005766,Stockport,0.550561797752809,0.4671201814058957,Not significant,0.056982129658877875,0.202,0.386280701754386,Low-Low,Not significant,True
E01005767,Stockport,0.3233830845771144,0.7230769230769231,Not significant,0.5550212774003456,0.148,0.3412976022566996,High-High,Not significant,True
E01005768,Stockport,0.4229249011857707,0.4392523364485981,Not significant,-0.1625786553333548,0.09,0.2808206106870229,Low-High,Not significant,True
E01005769,Stockport,0.5400254129606099,0.5505882352941176,Not significant,0.22043921031129576,0.033,0.1822804054054054,High-High,Not significant,True
E01005770,Stockport,0.3930817610062893,0.472,Not significant,-0.04962316840206662,0.257,0.4206156156156156,Low-High,Not significant,True
E01005771,Stockport,0.3487544483985765,0.6581632653061225,Not significant,-0.08205434545007438,0.434,0.47984889187374075,High-Low,Not significant,True
E01005772,Stockport,0.3327495621716287,0.6736842105263158,Not significant,0.7965122116154694,0.03,0.17031249999999998,High-High,Not significant,True
E01005773,Stockport,0.3507692307692308,0.5964912280701754,Not significant,0.18161531491470276,0.258,0.4214085914085914,High-High,Not significant,True
E01005774,Stockport,0.3178082191780822,0.4094827586206896,Not significant,-0.275276318590087,0.114,0.31078512396694213,Low-High,Not significant,True
E01005775,Stockport,0.3643410852713178,0.6638297872340425,Not significant,0.0824862879575991,0.408,0.4717680339462517,High-High,Not significant,True
E01005776,Stockport,0.3554119547657512,0.5954545454545455,Not significant,0.5033686499583172,0.023,0.14408045977011494,High-High,Not significant,True
E01005777,Stockport,0.326271186440678,0.7142857142857143,Not significant,0.6775644707207542,0.086,0.27409356725146194,High-High,Not significant,True
E01005778,Stockport,0.4328358208955223,0.735632183908046,Not significant,1.113748217598876,0.014,0.11165853658536586,High-High,Not significant,True
E01005779,Stockport,0.3100511073253833,0.7142857142857143,Not significant,0.5945969693580634,0.173,0.3654457364341085,High-High,Not significant,True
E01005780,Stockport,0.3256637168141593,0.657608695652174,Not significant,0.21434840397059843,0.342,0.445909090909091,High-High,Not significant,True
E01005781,Stockport,0.4453038674033149,0.4764267990074441,Not significant,-0.030237795502846762,0.192,0.37730769230769234,Low-High,Not significant,True
E01005782,Stockport,0.3390705679862306,0.5888324873096447,Not significant,-0.02637623832589978,0.458,0.48783713355048863,High-Low,Not significant,True
E01005783,Stockport,0.2561643835616438,0.5614973262032086,Not significant,0.15305395872892974,0.215,0.39408632286995515,High-High,Not significant,True
E01005784,Stockport,0.2802197802197802,0.5751633986928104,Not significant,0.27318571343289805,0.058,0.23357142857142857,High-High,Not significant,True
E01005785,Stockport,0.2959028831562974,0.7487179487179487,Not significant,0.6574224331418412,0.188,0.3743970767356882,High-High,Not significant,True
E01005786,Stockport,0.4349442379182156,0.3789173789173789,Not significant,-0.4691802917727522,0.056,0.23005025125628142,Low-High,Not significant,True
E01005787,Stockport,0.28125,0.6296296296296297,Not significant,-0.028297718008888875,0.467,0.49281169665809765,High-Low,Not significant,True
E01005788,Stockport,0.3446054750402576,0.5841121495327103,Not significant,0.3512936050859917,0.037,0.1878726708074534,High-High,Not significant,True
E01005789,Stockport,0.3688524590163934,0.5407407407407407,Not significant,0.15029719784547863,0.122,0.3151184834123223,High-High,Not significant,True
E01005790,Stockport,0.2829076620825147,0.3125,Not significant,-0.530220206776531,0.164,0.3570439414114514,Low-High,Not significant,True
E01005791,Stockport,0.2959501557632398,0.6736842105263158,Not significant,0.7108274564591708,0.054,0.2246564885496183,High-High,Not significant,True
E01005792,Stockport,0.2910321489001692,0.6802325581395349,Not significant,0.7923526135842783,0.036,0.18745222929936303,High-High,Not significant,True
E01005793,Stockport,0.3365231259968102,0.4976303317535545,Not significant,0.018800093368119927,0.05,0.21569920844327176,High-High,Not significant,True
E01005794,Stockport,0.2754491017964072,0.644927536231884,Not significant,0.9701895920546246,0.004,0.0558974358974359,High-High,Not significant,True
E01005795,Stockport,0.2873345935727788,0.6513157894736842,Not significant,0.8572495739984463,0.026,0.15458181818181818,High-High,Not significant,True
E01005797,Stockport,0.4625550660792951,0.707936507936508,Not significant,0.7317255253733388,0.105,0.2996073298429319,High-High,Not significant,True
E01005798,Stockport,0.4640198511166253,0.5909090909090909,Not significant,0.44494416214340543,0.01,0.09396551724137932,High-High,Not significant,True
E01005799,Stockport,0.2732474964234621,0.4345549738219895,Not significant,-0.014190551091968375,0.485,0.4977871939736347,Low-High,Not significant,True
E01005800,Stockport,0.3502906976744186,0.6182572614107884,Not significant,0.10431810773132517,0.381,0.4616186252771619,High-High,Not significant,True
E01005801,Stockport,0.4703910614525139,0.4156769596199525,Low-High,-0.44961066369677655,0.002,0.03516129032258065,Low-High,Low-High,True
E01005802,Stockport,0.31,0.8118279569892473,Not significant,0.8510741746671217,0.22,0.39701986754966884,High-High,Not significant,True
E01005803,Stockport,0.3153456998313659,0.6898395721925134,Not significant,0.8266506549794937,0.039,0.19206325301204819,High-High,Not significant,True
E01005804,Stockport,0.3354838709677419,0.7435897435897436,Not significant,1.0278451960979778,0.078,0.26186858316221767,High-High,Not significant,True
E01005805,Stockport,0.2959183673469387,0.6551724137931034,Not significant,0.9320403013124219,0.009,0.0913975155279503,High-High,Not significant,True
E01005806,Stockport,0.2911646586345381,0.6482758620689655,High-High,1.109375841148757,0.002,0.03516129032258065,High-High,High-High,True
E01005807,Stockport,0.2715654952076677,0.7294117647058823,Not significant,1.3192618508487983,0.012,0.10272251308900524,High-High,Not significant,True
E01005808,Stockport,0.2973484848484848,0.802547770700637,Not significant,1.938545312013835,0.011,0.0993646408839779,High-High,Not significant,True
E01005809,Stockport,0.33,0.6484848484848484,High-High,1.2272709484401403,0.001,0.023695652173913045,High-High,High-High,True
E01005810,Stockport,0.3580060422960725,0.679324894514768,Not significant,1.016087694397128,0.015,0.11678571428571428,High-High,Not significant,True
E01005811,Stockport,0.3227344992050874,0.5320197044334976,Not significant,0.27755090400045507,0.014,0.11165853658536586,High-High,Not significant,True
E01005812,Stockport,0.3006263048016701,0.6944444444444444,High-High,1.2078354774647748,0.004,0.0558974358974359,High-High,Not significant,False
E01005813,Stockport,0.3216666666666666,0.6735751295336787,Not significant,0.742225603754289,0.045,0.204375,High-High,Not significant,True
E01005814,Stockport,0.2878228782287823,0.6474358974358975,Not significant,0.6400749776960878,0.061,0.24090579710144927,High-High,Not significant,True
E01005815,Stockport,0.2847341337907376,0.7289156626506024,Not significant,1.2741635369580637,0.011,0.0993646408839779,High-High,Not significant,True
E01005816,Stockport,0.4356435643564356,0.7564935064935064,High-High,2.0582938081525026,0.001,0.023695652173913045,High-High,High-High,True
E01005817,Stockport,0.4335347432024169,0.7909407665505227,Not significant,1.4820703637301944,0.024,0.14751879699248122,High-High,Not significant,True
E01005818,Stockport,0.3618181818181818,0.6984924623115578,High-High,1.9476694982213156,0.001,0.023695652173913045,High-High,High-High,True
E01005819,Stockport,0.2872503840245776,0.8021390374331551,Not significant,1.679272198351513,0.015,0.11678571428571428,High-High,Not significant,True
E01005820,Stockport,0.3442367601246106,0.8099547511312217,High-High,2.605539590926156,0.001,0.023695652173913045,High-High,High-High,True
E01005821,Stockport,0.3303303303303303,0.7136363636363636,Not significant,0.9878139425991094,0.007,0.07839041095890412,High-High,Not significant,True
E01005822,Stockport,0.651252408477842,0.3505917159763314,Not significant,-0.5295865575942503,0.035,0.18700980392156866,Low-High,Not significant,True
E01005823,Stockport,0.3243626062322946,0.5414847161572053,High-High,0.38723385337326177,0.001,0.023695652173913045,High-High,High-High,True
E01005824,Stockport,0.3425774877650897,0.680952380952381,Not significant,0.6054975387676816,0.068,0.24872483221476513,High-High,Not significant,True
E01005825,Stockport,0.4313984168865435,0.5412844036697247,Not significant,0.16605719798937674,0.102,0.29806194690265486,High-High,Not significant,True
E01005826,Stockport,0.3428120063191153,0.2903225806451613,Not significant,-0.268246650103139,0.316,0.43673710904480134,Low-High,Not significant,True
E01005827,Stockport,0.3152173913043478,0.5474137931034483,Not significant,0.1533184363761022,0.138,0.3298684210526316,High-High,Not significant,True
E01005828,Stockport,0.4419014084507042,0.4820717131474104,Not significant,-0.00014233818572537176,0.5,0.5,Low-High,Not significant,True
E01005829,Stockport,0.2787878787878788,0.5507246376811594,Not significant,0.10239442192352514,0.227,0.4021072589382449,High-High,Not significant,True
E01005830,Stockport,0.4879089615931721,0.5189504373177842,Not significant,0.08938184943921124,0.082,0.26867735470941884,High-High,Not significant,True
E01005831,Stockport,0.3985294117647059,0.7416974169741697,Not significant,0.35253476786538335,0.307,0.43524632670700086,High-High,Not significant,True
E01005832,Stockport,0.3522012578616352,0.6339285714285714,Not significant,0.2502761934187336,0.257,0.4206156156156156,High-High,Not significant,True
E01005833,Stockport,0.3268398268398268,0.4304635761589404,Not significant,-0.07828386604228142,0.36,0.45627906976744187,Low-High,Not significant,True
E01005834,Stockport,0.3322784810126582,0.4,Not significant,-0.43708656818642616,0.031,0.17477586206896553,Low-High,Not significant,True
E01005836,Stockport,0.3486997635933806,0.5966101694915255,Not significant,0.34299157024206844,0.074,0.2547157894736842,High-High,Not significant,True
E01005837,Stockport,0.3172932330827068,0.6303317535545023,Not significant,0.42873608618204856,0.125,0.31883775351014043,High-High,Not significant,True
E01005838,Stockport,0.5672645739910314,0.6245059288537549,Not significant,0.2487688250998167,0.241,0.4117273673257024,High-High,Not significant,True
E01005840,Stockport,0.4576271186440678,0.5612535612535613,Not significant,0.27571609093814997,0.067,0.2478393665158371,High-High,Not significant,True
E01005841,Stockport,0.3545310015898251,0.4798206278026906,Low-High,-0.08275561373151955,0.004,0.0558974358974359,Low-High,Not significant,False
E01005842,Stockport,0.3003048780487805,0.7106598984771574,Not significant,0.8649862407593452,0.037,0.1878726708074534,High-High,Not significant,True
E01005843,Stockport,0.3036912751677852,0.7016574585635359,Not significant,0.04440419228254366,0.479,0.49693210659898474,High-High,Not significant,True
E01005844,Stockport,0.3315018315018315,0.56353591160221,Not significant,0.34174078397429597,0.004,0.0558974358974359,High-High,Not significant,True
E01005845,Stockport,0.3181076672104405,0.7230769230769231,Not significant,0.5684919634085634,0.21,0.3901704545454545,High-High,Not significant,True
E01005846,Stockport,0.3187702265372168,0.6192893401015228,Not significant,-0.062065675133038345,0.437,0.47984889187374075,High-Low,Not significant,True
E01005847,Stockport,0.3626198083067092,0.5374449339207048,Not significant,0.025811952295964627,0.446,0.48228174603174606,High-High,Not significant,True
E01005848,Stockport,0.5494367959949937,0.3280182232346241,Not significant,-0.1714972835651176,0.328,0.4410197368421052,Low-High,Not significant,True
E01005849,Stockport,0.3450381679389313,0.6548672566371682,Not significant,0.11357048666372431,0.405,0.47096372688477955,High-High,Not significant,True
E01005850,Stockport,0.4056603773584906,0.4883720930232558,Not significant,0.008557266702639442,0.289,0.43010810810810807,Low-Low,Not significant,True
E01005851,Stockport,0.3747927031509121,0.7743362831858407,Not significant,-0.05102575061325794,0.483,0.4977871939736347,High-Low,Not significant,True
E01005852,Stockport,0.4985380116959064,0.5043988269794721,Not significant,0.05136223607137175,0.014,0.11165853658536586,High-High,Not significant,True
E01005853,Stockport,0.2869955156950672,0.5520833333333334,Not significant,0.343739268873769,0.01,0.09396551724137932,High-High,Not significant,True
E01005854,Stockport,0.3614958448753462,0.7816091954022989,Not significant,1.2594313814588411,0.021,0.1390080971659919,High-High,Not significant,True
E01005855,Stockport,0.3424657534246575,0.615,Not significant,0.5067688837738967,0.048,0.21268292682926832,High-High,Not significant,True
E01005856,Stockport,0.3307926829268293,0.6820276497695853,Not significant,0.9247367301453915,0.01,0.09396551724137932,High-High,Not significant,True
E01005857,Stockport,0.3166397415185784,0.5357142857142857,Not significant,0.22098930502512174,0.021,0.1390080971659919,High-High,Not significant,True
E01005858,Stockport,0.4671717171717172,0.5297297297297298,Not significant,0.11375848977766877,0.133,0.3250736377025037,High-High,Not significant,True
E01005859,Stockport,0.5302547770700637,0.5705705705705706,Not significant,0.40779584877464803,0.012,0.10272251308900524,High-High,Not significant,True
E01005860,Stockport,0.2738095238095238,0.7329192546583851,Not significant,1.3200396093927724,0.006,0.0732089552238806,High-High,Not significant,True
E01005861,Stockport,0.3586497890295358,0.6313725490196078,Not significant,0.5736940454929276,0.059,0.23701474201474199,High-High,Not significant,True
E01005862,Stockport,0.2758037225042301,0.6809815950920245,Not significant,0.9599911741874309,0.024,0.14751879699248122,High-High,Not significant,True
E01005863,Stockport,0.4124513618677042,0.5691823899371069,Not significant,0.42443473172983,0.006,0.0732089552238806,High-High,Not significant,True
E01005864,Stockport,0.3685847589424572,0.6455696202531646,Not significant,0.4169908179178903,0.189,0.3750182038834951,High-High,Not significant,True
E01005865,Stockport,0.3527885862516213,0.4926470588235294,Not significant,-0.001032927238529288,0.049,0.21421122994652408,Low-High,Not significant,True
E01005866,Stockport,0.5949685534591195,0.6363636363636364,Not significant,0.6292139685955327,0.044,0.20207865168539324,High-High,Not significant,True
E01005867,Stockport,0.4024767801857585,0.5923076923076923,Not significant,0.5016528009117613,0.026,0.15458181818181818,High-High,Not significant,True
E01005868,Stockport,0.2704918032786885,0.6909090909090909,Not significant,-0.07628301587556773,0.448,0.4832883475971034,High-Low,Not significant,True
E01005869,Stockport,0.3506891271056661,0.6724890829694323,Not significant,0.5703545232844425,0.075,0.25707547169811323,High-High,Not significant,True
E01005870,Stockport,0.3739703459637561,0.6828193832599119,Not significant,0.9417664775023457,0.01,0.09396551724137932,High-High,Not significant,True
E01005871,Stockport,0.3419354838709677,0.6320754716981132,Not significant,0.47272927059574604,0.088,0.2782978723404255,High-High,Not significant,True
E01005872,Stockport,0.4052697616060225,0.6191950464396285,Not significant,-0.2884190849452728,0.236,0.4096178343949044,High-Low,Not significant,True
E01005873,Stockport,0.3066439522998296,0.7055555555555556,Not significant,1.0525568200876507,0.016,0.1222429906542056,High-High,Not significant,True
E01005874,Stockport,0.3934426229508196,0.2401960784313725,Not significant,-0.1156471070417222,0.431,0.47984889187374075,Low-High,Not significant,True
E01005875,Stockport,0.4676923076923077,0.5427631578947368,Not significant,0.3519773358495662,0.005,0.06437007874015749,High-High,Not significant,True
E01005876,Stockport,0.3432343234323432,0.7211538461538461,Not significant,0.1074750207900146,0.436,0.47984889187374075,High-High,Not significant,True
E01005877,Stockport,0.4051948051948052,0.4326923076923077,Not significant,-0.1668094437944717,0.112,0.30932432432432433,Low-High,Not significant,True
E01005878,Stockport,0.4122448979591837,0.2904290429042904,Not significant,-0.7413355668294274,0.071,0.2518112798264642,Low-High,Not significant,True
E01005879,Stockport,0.3645655877342419,0.677570093457944,Not significant,-0.0649860721731489,0.454,0.4854741661216482,High-Low,Not significant,True
E01005880,Stockport,0.3551829268292683,0.7081545064377682,Not significant,1.3543582005397932,0.005,0.06437007874015749,High-High,Not significant,True
E01005881,Stockport,0.3225806451612903,0.725,Not significant,1.2630764610412573,0.017,0.12691780821917809,High-High,Not significant,True
E01005882,Stockport,0.3373493975903614,0.4821428571428571,Not significant,-0.023240900432981264,0.199,0.38413813459268004,Low-High,Not significant,True
E01005883,Stockport,0.3042168674698795,0.693069306930693,Not significant,0.783931566743407,0.041,0.19716176470588234,High-High,Not significant,True
E01005885,Stockport,0.4942196531791907,0.4678362573099415,Not significant,-0.0944431312404924,0.065,0.24636986301369865,Low-High,Not significant,True
E01005886,Stockport,0.4026354319180087,0.610909090909091,Not significant,0.48786876803066664,0.05,0.21569920844327176,High-High,Not significant,True
E01005887,Stockport,0.3328290468986384,0.4409090909090909,Not significant,-0.028441917501471417,0.413,0.4748628691983122,Low-High,Not significant,True
E01005888,Stockport,0.3185689948892675,0.7165775401069518,Not significant,1.0238515692036532,0.035,0.18700980392156866,High-High,Not significant,True
E01005889,Stockport,0.4517087667161961,0.5328947368421053,Not significant,0.18951293957943072,0.023,0.14408045977011494,High-High,Not significant,True
E01005890,Stockport,0.3122866894197952,0.6010928961748634,Not significant,0.07851746169806574,0.367,0.45984374999999994,High-High,Not significant,True
E01005891,Stockport,0.2947368421052631,0.6547619047619048,Not significant,0.7453383476087065,0.02,0.1379746835443038,High-High,Not significant,True
E01005892,Stockport,0.3924050632911392,0.5944700460829493,Not significant,0.049715486511620964,0.409,0.47225635593220333,High-High,Not significant,True
E01005893,Stockport,0.5260273972602739,0.4826388888888889,Not significant,-0.03705045263093378,0.072,0.2520770877944325,Low-High,Not significant,True
E01005894,Stockport,0.3350877192982456,0.7068062827225131,Not significant,0.5894510060781107,0.185,0.3738875154511743,High-High,Not significant,True
E01005895,Stockport,0.2706611570247934,0.6946564885496184,Not significant,0.3233912099179851,0.293,0.4303401969561325,High-High,Not significant,True
E01005896,Stockport,0.4510800508259212,0.647887323943662,Not significant,0.04576986904248029,0.433,0.47984889187374075,High-High,Not significant,True
E01005897,Stockport,0.3445378151260504,0.6292682926829268,Not significant,0.5052252168905342,0.071,0.2518112798264642,High-High,Not significant,True
E01005898,Stockport,0.3491847826086957,0.5058365758754864,High-High,0.09935361606534827,0.001,0.023695652173913045,High-High,High-High,True
E01005899,Stockport,0.416,0.5032051282051282,Not significant,-0.026578790831966344,0.171,0.36309740259740264,High-Low,Not significant,True
E01005900,Stockport,0.4563843236409608,0.5152354570637119,Not significant,0.05502112947846364,0.177,0.3681320754716981,High-High,Not significant,True
E01005901,Stockport,0.2939297124600639,0.592391304347826,Not significant,0.41496811730608935,0.033,0.1822804054054054,High-High,Not significant,True
E01005902,Stockport,0.4749661705006766,0.2535612535612536,Not significant,-0.42885689008566247,0.304,0.43524632670700086,Low-High,Not significant,True
E01005903,Stockport,0.3106180665610142,0.7551020408163265,Not significant,0.6287212564339947,0.115,0.31078512396694213,High-High,Not significant,True
E01005904,Stockport,0.312781954887218,0.6105769230769231,Not significant,0.607101965911717,0.058,0.23357142857142857,High-High,Not significant,True
E01005905,Stockport,0.4776119402985074,0.3125,Not significant,-0.21271346404597694,0.338,0.4453102336825141,Low-High,Not significant,True
E01005906,Stockport,0.2949526813880126,0.7914438502673797,Not significant,2.453529938317559,0.002,0.03516129032258065,High-High,High-High,False
E01005907,Stockport,0.308562197092084,0.7277486910994765,High-High,2.113424048196642,0.002,0.03516129032258065,High-High,High-High,True
E01005908,Stockport,0.2899686520376175,0.6702702702702703,High-High,1.3419101528069837,0.002,0.03516129032258065,High-High,High-High,True
E01005909,Stockport,0.3094512195121951,0.6650246305418719,Not significant,0.7785590527320047,0.036,0.18745222929936303,High-High,Not significant,True
E01005910,Stockport,0.3577981651376147,0.5201465201465202,Not significant,0.03699350021670019,0.346,0.4475553797468354,High-High,Not significant,True
E01005912,Stockport,0.3237518910741301,0.6962616822429907,High-High,1.0821182853468079,0.005,0.06437007874015749,High-High,Not significant,False
E01005913,Stockport,0.3144654088050314,0.725,High-High,2.0371149016089163,0.001,0.023695652173913045,High-High,High-High,True
E01005914,Stockport,0.3417533432392273,0.6043478260869565,Not significant,0.5638789848334174,0.024,0.14751879699248122,High-High,Not significant,True
E01005915,Stockport,0.3983286908077994,0.6048951048951049,Not significant,0.3868715580256175,0.035,0.18700980392156866,High-High,Not significant,True
E01005916,Stockport,0.5041436464088398,0.6383561643835617,Not significant,0.7465297253396841,0.021,0.1390080971659919,High-High,Not significant,True
E01005917,Stockport,0.5383759733036707,0.6239669421487604,Not significant,0.17658631174846967,0.291,0.43010810810810807,High-High,Not significant,True
E01005918,Stockport,0.3717026378896882,0.3096774193548387,Not significant,-0.6661325563872257,0.113,0.3105126050420168,Low-High,Not significant,True
E01005919,Stockport,0.3689458689458689,0.4324324324324324,Not significant,-0.16333542360452083,0.122,0.3151184834123223,Low-High,Not significant,True
E01005920,Stockport,0.2979397781299525,0.675531914893617,Not significant,0.6902344507783161,0.064,0.2450585480093677,High-High,Not significant,True
E01005921,Stockport,0.4323570432357043,0.5548387096774193,Not significant,0.15889465102038447,0.19,0.3756348246674728,High-High,Not significant,True
E01005922,Stockport,0.3521809369951534,0.6284403669724771,Not significant,0.6407333424168989,0.023,0.14408045977011494,High-High,Not significant,True
E01005923,Stockport,0.3421487603305785,0.7439613526570048,Not significant,-0.02108031818524419,0.498,0.49922133660331086,High-Low,Not significant,True
E01005924,Stockport,0.4723809523809524,0.5161290322580645,Not significant,0.08476516267252482,0.11,0.30743589743589744,High-High,Not significant,True
E01005925,Stockport,0.4942528735632184,0.4119601328903654,Not significant,-0.22542379167688567,0.135,0.3250736377025037,Low-High,Not significant,True
E01005926,Stockport,0.971995332555426,0.1296518607442977,Not significant,-1.7350784051745476,0.07,0.2515384615384616,Low-High,Not significant,True
E01005928,Stockport,0.4804804804804805,0.3625,Not significant,-0.33944806325529675,0.157,0.35406206896551723,Low-High,Not significant,True
E01005929,Stockport,0.3327787021630615,0.575,Not significant,0.18261957995879077,0.24,0.4117273673257024,High-High,Not significant,True
E01005930,Stockport,0.32,0.6302083333333334,High-High,0.6307504296307318,0.014,0.11165853658536586,High-High,Not significant,False
E01005931,Stockport,0.3500784929356358,0.5829596412556054,Not significant,0.4973356961539699,0.017,0.12691780821917809,High-High,Not significant,True
E01005932,Stockport,0.2775665399239543,0.7123287671232876,Not significant,-0.2064822346416762,0.389,0.4669713656387665,High-Low,Not significant,True
E01005933,Tameside,0.4311594202898551,0.4663865546218487,Not significant,-0.03282887101665833,0.332,0.4438430089942764,Low-High,Not significant,True
E01005934,Tameside,0.31629392971246,0.6666666666666666,Not significant,0.1317295196897221,0.382,0.4616186252771619,High-High,Not significant,True
E01005935,Tameside,0.550314465408805,0.4428571428571428,Not significant,-0.012252327630150857,0.443,0.4815857712765958,Low-High,Not significant,True
E01005936,Tameside,0.3457364341085271,0.5022421524663677,Not significant,-0.035688219983529536,0.087,0.2767412451361867,High-Low,Not significant,True
E01005937,Tameside,0.3778089887640449,0.3977695167286245,Not significant,0.12657552650751427,0.341,0.445909090909091,Low-Low,Not significant,True
E01005938,Tameside,0.5462962962962963,0.3757062146892655,Not significant,0.17403039740506218,0.178,0.3681320754716981,Low-Low,Not significant,True
E01005939,Tameside,0.2979166666666666,0.5804195804195804,Not significant,-0.07471833523205296,0.392,0.46816654492330173,High-Low,Not significant,True
E01005940,Tameside,0.2760942760942761,0.5670731707317073,Not significant,-0.053010304030162554,0.382,0.4616186252771619,High-Low,Not significant,True
E01005941,Tameside,0.4671814671814672,0.4986225895316804,Not significant,0.00953746253569672,0.274,0.42747137404580154,High-High,Not significant,True
E01005942,Tameside,0.3827683615819209,0.6383763837638377,Not significant,0.0018443130494232313,0.478,0.4968404322949777,High-High,Not significant,True
E01005943,Tameside,0.4492924528301887,0.6351706036745407,Not significant,-0.18598675635262518,0.314,0.43673710904480134,High-Low,Not significant,True
E01005944,Tameside,0.4633471645919779,0.3343283582089552,Not significant,-0.00982050775945965,0.479,0.49693210659898474,Low-High,Not significant,True
E01005945,Tameside,0.4106666666666667,0.3928571428571428,Not significant,0.12080273293874338,0.356,0.45331775700934573,Low-Low,Not significant,True
E01005946,Tameside,0.4089595375722543,0.5512367491166078,Not significant,-0.05077775185964679,0.404,0.47096372688477955,High-Low,Not significant,True
E01005947,Tameside,0.4710947109471095,0.4699738903394256,Not significant,0.00832288555236651,0.466,0.492508080155139,Low-Low,Not significant,True
E01005948,Tameside,0.6663822525597269,0.3943661971830985,Not significant,0.2809011715902577,0.09,0.2808206106870229,Low-Low,Not significant,True
E01005949,Tameside,0.5211864406779662,0.5420054200542005,Not significant,0.029878017841397184,0.403,0.47096372688477955,High-High,Not significant,True
E01005950,Tameside,0.3650546021840873,0.5170940170940171,Not significant,-0.0947996327966942,0.051,0.21771540469973888,High-Low,Not significant,True
E01005951,Tameside,0.5152317880794702,0.570694087403599,Not significant,-0.009908893055762305,0.488,0.498675,High-Low,Not significant,True
E01005953,Tameside,0.4577625570776256,0.4613466334164589,Not significant,0.07989818377075829,0.265,0.4251319648093842,Low-Low,Not significant,True
E01005954,Tameside,0.4007884362680683,0.3475409836065574,Not significant,-0.13672609114559098,0.368,0.45984374999999994,Low-High,Not significant,True
E01005955,Tameside,0.2948717948717949,0.5597826086956522,Not significant,0.14404376365964935,0.232,0.40700320512820515,High-High,Not significant,True
E01005956,Tameside,0.3061224489795918,0.5777777777777777,Not significant,-0.21504641746574563,0.172,0.36427461139896367,High-Low,Not significant,True
E01005957,Tameside,0.4193548387096774,0.6730769230769231,Not significant,-0.33247960420300415,0.273,0.42747137404580154,High-Low,Not significant,True
E01005958,Tameside,0.3475699558173785,0.4152542372881356,Not significant,-0.010548855295061586,0.5,0.5,Low-High,Not significant,True
E01005959,Tameside,0.392318244170096,0.3881118881118881,Not significant,-0.0791374139144288,0.382,0.4616186252771619,Low-High,Not significant,True
E01005960,Tameside,0.4276048714479025,0.5031645569620253,Not significant,0.016708586890713646,0.277,0.42847209082308424,High-High,Not significant,True
E01005961,Tameside,0.4021641118124436,0.2690582959641255,Not significant,-0.413460792130349,0.143,0.33544476327116207,Low-High,Not significant,True
E01005962,Tameside,0.321608040201005,0.6927083333333334,Not significant,-0.02971824951189057,0.484,0.4977871939736347,High-Low,Not significant,True
E01005963,Tameside,0.2862985685071574,0.5428571428571428,Not significant,-0.04454388946641567,0.395,0.4696909090909091,High-Low,Not significant,True
E01005964,Tameside,0.3450381679389313,0.6150442477876106,Not significant,0.0028779149817551473,0.475,0.4956126356094448,High-High,Not significant,True
E01005965,Tameside,0.4786967418546365,0.2198952879581152,Not significant,-0.22996850330085428,0.377,0.4616186252771619,Low-High,Not significant,True
E01005966,Tameside,0.3585209003215434,0.4170403587443946,Not significant,0.022743863658607297,0.466,0.492508080155139,Low-Low,Not significant,True
E01005967,Tameside,0.5014084507042254,0.4691011235955056,Not significant,0.044471330965631946,0.27,0.42747137404580154,Low-Low,Not significant,True
E01005968,Tameside,0.2808441558441558,0.7225433526011561,Not significant,0.3694656142040355,0.28,0.42857742537313437,High-High,Not significant,True
E01005969,Tameside,0.7697715289982425,0.2671232876712329,Not significant,-0.26209613123943715,0.345,0.4475553797468354,Low-High,Not significant,True
E01005970,Tameside,0.3410493827160494,0.6470588235294118,Not significant,-0.47342391992662874,0.124,0.3177742946708464,High-Low,Not significant,True
E01005971,Tameside,0.3874015748031496,0.6544715447154471,Not significant,-0.006909966933051436,0.489,0.4987616968184654,High-Low,Not significant,True
E01005972,Tameside,0.5650459921156373,0.4162790697674418,Not significant,-0.007455316722725416,0.469,0.49281169665809765,Low-High,Not significant,True
E01005973,Tameside,0.321608040201005,0.5416666666666666,Not significant,-0.06772504180965992,0.299,0.4330070859167404,High-Low,Not significant,True
E01005974,Tameside,0.5365853658536586,0.5659090909090909,Not significant,0.0844254634640642,0.298,0.43270870337477796,High-High,Not significant,True
E01005975,Tameside,0.4783861671469741,0.5481927710843374,Not significant,-0.12088838085174425,0.2,0.3847058823529412,High-Low,Not significant,True
E01005976,Tameside,0.3237639553429027,0.2807881773399014,Not significant,-0.46040994708227473,0.276,0.4281404174573055,Low-High,Not significant,True
E01005978,Tameside,0.3864013266998342,0.4678111587982833,Not significant,-0.04808386518006337,0.263,0.4248425196850394,Low-High,Not significant,True
E01005979,Tameside,0.3997412677878396,0.5275080906148867,Not significant,0.11097269579447645,0.118,0.3116801292407108,High-High,Not significant,True
E01005980,Tameside,0.3610675039246467,0.4782608695652174,Not significant,-0.014129671623706345,0.405,0.47096372688477955,Low-High,Not significant,True
E01005981,Tameside,0.4175,0.3323353293413174,Not significant,0.08752916169854258,0.431,0.47984889187374075,Low-Low,Not significant,True
E01005982,Tameside,0.4419014084507042,0.3625498007968127,Not significant,0.3332357663292946,0.195,0.38014234875444847,Low-Low,Not significant,True
E01005983,Tameside,0.292507204610951,0.7487684729064039,Not significant,-0.25428191426858093,0.353,0.4505503512880562,High-Low,Not significant,True
E01005984,Tameside,0.4345679012345679,0.2528409090909091,Not significant,-0.11484058825616345,0.436,0.47984889187374075,Low-High,Not significant,True
E01005985,Tameside,0.2896253602305475,0.6666666666666666,Not significant,0.7346878063628701,0.021,0.1390080971659919,High-High,Not significant,True
E01005986,Tameside,0.308411214953271,0.4909090909090909,Not significant,-0.0060849035214086186,0.164,0.3570439414114514,Low-High,Not significant,True
E01005987,Tameside,0.3018597997138769,0.7251184834123223,Not significant,1.2041882064291798,0.022,0.14330677290836652,High-High,Not significant,True
E01005988,Tameside,0.297339593114241,0.5631578947368421,High-High,0.5107337258571314,0.001,0.023695652173913045,High-High,High-High,True
E01005989,Tameside,0.274703557312253,0.5683453237410072,Not significant,0.07801658165281265,0.295,0.43103217158176943,High-High,Not significant,True
E01005990,Tameside,0.328,0.7365853658536585,Not significant,1.4390988157540525,0.035,0.18700980392156866,High-High,Not significant,True
E01005991,Tameside,0.3520900321543408,0.730593607305936,Not significant,0.8548990214964485,0.045,0.204375,High-High,Not significant,True
E01005992,Tameside,0.4351535836177474,0.615686274509804,Not significant,0.4350203704311499,0.086,0.27409356725146194,High-High,Not significant,True
E01005993,Tameside,0.3256198347107438,0.6243654822335025,Not significant,0.4844449485981587,0.136,0.3260410557184751,High-High,Not significant,True
E01005994,Tameside,0.4187192118226601,0.6235294117647059,Not significant,0.27218553321902594,0.209,0.38919703872437356,High-High,Not significant,True
E01005996,Tameside,0.3566084788029925,0.5454545454545454,Not significant,0.20744931741257241,0.066,0.24636986301369865,High-High,Not significant,True
E01005997,Tameside,0.3724340175953079,0.5196850393700787,Not significant,0.04976394942148806,0.251,0.4198640483383686,High-High,Not significant,True
E01005998,Tameside,0.5859788359788359,0.4446952595936794,Not significant,0.03765679979095626,0.37,0.46038812785388133,Low-Low,Not significant,True
E01005999,Tameside,0.5005370569280344,0.4120171673819742,Not significant,0.16073187032192335,0.208,0.38919703872437356,Low-Low,Not significant,True
E01006000,Tameside,0.4064171122994652,0.4184210526315789,Not significant,0.17154241261675066,0.227,0.4021072589382449,Low-Low,Not significant,True
E01006001,Tameside,0.3581395348837209,0.7012987012987013,Not significant,1.3094858710791928,0.007,0.07839041095890412,High-High,Not significant,True
E01006002,Tameside,0.3570159857904085,0.5671641791044776,Not significant,0.21370745866896543,0.15,0.34445224719101125,High-High,Not significant,True
E01006003,Tameside,0.3728278041074249,0.7245762711864406,Not significant,0.901572517757129,0.07,0.2515384615384616,High-High,Not significant,True
E01006004,Tameside,0.3148450244698205,0.6839378238341969,Not significant,0.20369603014007978,0.358,0.4551555209953343,High-High,Not significant,True
E01006005,Tameside,0.3710191082802547,0.4463519313304721,Not significant,-0.21194977022645317,0.037,0.1878726708074534,Low-High,Not significant,True
E01006006,Tameside,0.34,0.7254901960784313,Not significant,0.9697692668097512,0.044,0.20207865168539324,High-High,Not significant,True
E01006007,Tameside,0.3668730650154799,0.5907172995780591,Not significant,0.5251377317798057,0.009,0.0913975155279503,High-High,Not significant,True
E01006008,Tameside,0.4003267973856209,0.4489795918367347,Not significant,0.14876533861240557,0.043,0.20144699140401143,Low-Low,Not significant,True
E01006009,Tameside,0.347008547008547,0.4926108374384236,Not significant,-3.6795167592976913e-05,0.474,0.4955179028132992,Low-High,Not significant,True
E01006010,Tameside,0.4878048780487805,0.378125,Not significant,0.19553123169597972,0.308,0.43524632670700086,Low-Low,Not significant,True
E01006011,Tameside,0.3553956834532374,0.3157894736842105,Not significant,-0.2845037476665067,0.293,0.4303401969561325,Low-High,Not significant,True
E01006012,Tameside,0.3771929824561403,0.4551495016611295,Not significant,0.11002220736594266,0.159,0.35428667563930016,Low-Low,Not significant,True
E01006013,Tameside,0.3620386643233743,0.6699029126213593,Not significant,-0.3391409456175311,0.225,0.4007352941176471,High-Low,Not significant,True
E01006014,Tameside,0.3208333333333333,0.538961038961039,Not significant,-0.11525594603716849,0.203,0.3872870478413069,High-Low,Not significant,True
E01006015,Tameside,0.255278310940499,0.5263157894736842,Not significant,-0.05162254743854147,0.281,0.42857742537313437,High-Low,Not significant,True
E01006016,Tameside,0.4739884393063583,0.3434959349593496,Not significant,0.36238197917570947,0.163,0.35676706827309235,Low-Low,Not significant,True
E01006019,Tameside,0.3886838868388684,0.2879746835443038,Not significant,-0.6504537788721629,0.181,0.37084586466165415,Low-High,Not significant,True
E01006020,Tameside,0.3980891719745223,0.392,Not significant,0.32501970261867186,0.131,0.3240540540540541,Low-Low,Not significant,True
E01006021,Tameside,0.3669421487603306,0.6756756756756757,Not significant,-0.2426373970696294,0.345,0.4475553797468354,High-Low,Not significant,True
E01006022,Tameside,0.5846153846153846,0.3914473684210526,Not significant,-0.22727187641437696,0.22,0.39701986754966884,Low-High,Not significant,True
E01006023,Tameside,0.4102244389027431,0.3768996960486322,Not significant,-0.32542780930889587,0.11,0.30743589743589744,Low-High,Not significant,True
E01006024,Tameside,0.2718023255813953,0.5133689839572193,Not significant,-0.08199493958435165,0.024,0.14751879699248122,High-Low,Not significant,True
E01006025,Tameside,0.3508322663252241,0.2810218978102189,Not significant,1.2691094279807682,0.01,0.09396551724137932,Low-Low,Not significant,True
E01006026,Tameside,0.4714673913043478,0.4812680115273775,Not significant,0.02892107846205467,0.267,0.42589756097560977,Low-Low,Not significant,True
E01006027,Tameside,0.5184079601990049,0.0518234165067178,Not significant,3.1014540003444524,0.035,0.18700980392156866,Low-Low,Not significant,True
E01006028,Tameside,0.439241917502787,0.4873096446700508,Not significant,0.011983251247560767,0.195,0.38014234875444847,Low-Low,Not significant,True
E01006029,Tameside,0.4993006993006993,0.4873949579831932,Not significant,-0.0028864197199848715,0.447,0.4830436219431593,Low-High,Not significant,True
E01006030,Tameside,0.3658536585365853,0.4456140350877193,Not significant,-0.1218844199015054,0.159,0.35428667563930016,Low-High,Not significant,True
E01006031,Tameside,0.4968017057569296,0.2639484978540772,Not significant,-0.024746671927314758,0.49,0.4991369778869779,Low-High,Not significant,True
E01006032,Tameside,0.3666666666666666,0.3272727272727272,Not significant,0.6283636931641675,0.085,0.27409356725146194,Low-Low,Not significant,True
E01006033,Tameside,0.4005069708491762,0.3955696202531645,Not significant,0.25667004504250013,0.162,0.35505361930294904,Low-Low,Not significant,True
E01006034,Tameside,0.4137931034482758,0.3463541666666667,Not significant,0.3690001644941223,0.227,0.4021072589382449,Low-Low,Not significant,True
E01006035,Tameside,0.4367588932806324,0.2760180995475113,Not significant,0.42217128556801775,0.217,0.3946551724137931,Low-Low,Not significant,True
E01006036,Tameside,0.4899683210137275,0.3362068965517241,Not significant,0.4505620877596649,0.114,0.31078512396694213,Low-Low,Not significant,True
E01006037,Tameside,0.3809523809523809,0.439516129032258,Not significant,0.0755703153034521,0.313,0.43673710904480134,Low-Low,Not significant,True
E01006038,Tameside,0.2880844645550527,0.5392670157068062,Not significant,-0.19164827890689712,0.073,0.2534076433121019,High-Low,Not significant,True
E01006039,Tameside,0.423841059602649,0.671875,Not significant,0.35647410210214275,0.218,0.39603333333333335,High-High,Not significant,True
E01006040,Tameside,0.4358161648177496,0.5054545454545455,Not significant,-0.005600369155986734,0.436,0.47984889187374075,High-Low,Not significant,True
E01006041,Tameside,0.4285714285714285,0.59,Not significant,0.3271102952442596,0.071,0.2518112798264642,High-High,Not significant,True
E01006042,Tameside,0.4334975369458128,0.5738636363636364,Not significant,0.4016495366666467,0.045,0.204375,High-High,Not significant,True
E01006043,Tameside,0.3613861386138614,0.6575342465753424,Not significant,0.8694996316313676,0.035,0.18700980392156866,High-High,Not significant,True
E01006044,Tameside,0.3577981651376147,0.5341880341880342,High-High,0.28681279746134297,0.001,0.023695652173913045,High-High,High-High,True
E01006045,Tameside,0.3283302063789868,0.7257142857142858,Not significant,0.7380385587873779,0.037,0.1878726708074534,High-High,Not significant,True
E01006046,Tameside,0.3253588516746411,0.75,Not significant,1.166379745717788,0.04,0.19639639639639642,High-High,Not significant,True
E01006047,Tameside,0.4780405405405405,0.5265017667844523,Not significant,0.10004009661406893,0.346,0.4475553797468354,High-High,Not significant,True
E01006048,Tameside,0.4102902374670185,0.6045016077170418,Not significant,0.19706550574624485,0.276,0.4281404174573055,High-High,Not significant,True
E01006049,Tameside,0.3717277486910995,0.573943661971831,Not significant,0.19086554789729587,0.202,0.386280701754386,High-High,Not significant,True
E01006050,Tameside,0.5847133757961783,0.1111111111111111,Not significant,1.1359160448334833,0.132,0.3240540540540541,Low-Low,Not significant,True
E01006051,Tameside,0.3080110497237569,0.6278026905829597,Not significant,-0.17533862798389346,0.33,0.44261689909762103,High-Low,Not significant,True
E01006052,Tameside,0.4179331306990881,0.2727272727272727,Not significant,0.4015698840933025,0.273,0.42747137404580154,Low-Low,Not significant,True
E01006053,Tameside,0.3714622641509434,0.4571428571428571,Not significant,-0.03461483713167389,0.327,0.4410197368421052,Low-High,Not significant,True
E01006054,Tameside,0.4368811881188119,0.3796033994334277,Not significant,0.03721142326215156,0.452,0.48523965856861456,Low-Low,Not significant,True
E01006055,Tameside,0.3840579710144927,0.6754716981132075,Not significant,-0.5160475507155109,0.201,0.38617508813160994,High-Low,Not significant,True
E01006056,Tameside,0.4174950298210735,0.3380952380952381,Not significant,-0.2984307944540765,0.178,0.3681320754716981,Low-High,Not significant,True
E01006057,Tameside,0.3688888888888889,0.5783132530120482,Not significant,-0.17351648735908906,0.294,0.4303401969561325,High-Low,Not significant,True
E01006058,Tameside,0.4686274509803921,0.4895397489539749,Not significant,-0.000657901779406986,0.483,0.4977871939736347,Low-High,Not significant,True
E01006059,Tameside,0.365506329113924,0.6406926406926406,Not significant,-0.2641438974930757,0.237,0.41004761904761905,High-Low,Not significant,True
E01006060,Tameside,0.4556962025316455,0.5061728395061729,Not significant,-0.012996308512659639,0.34,0.445909090909091,High-Low,Not significant,True
E01006061,Tameside,0.3506625891946993,0.3343023255813953,Not significant,-0.23539285706381116,0.28,0.42857742537313437,Low-High,Not significant,True
E01006062,Tameside,0.2601726263871763,0.6066350710900474,Not significant,-0.583102195551253,0.09,0.2808206106870229,High-Low,Not significant,True
E01006063,Tameside,0.2605633802816901,0.6148648648648649,Not significant,-0.406442035863094,0.058,0.23357142857142857,High-Low,Not significant,True
E01006064,Tameside,0.392991239048811,0.2961783439490446,Not significant,0.37652295733001073,0.283,0.43010810810810807,Low-Low,Not significant,True
E01006065,Tameside,0.4140625,0.1698113207547169,Not significant,-0.2679654472439933,0.418,0.4759261838440111,Low-High,Not significant,True
E01006066,Tameside,0.4534883720930232,0.6446886446886447,Not significant,-0.5916839411436445,0.068,0.24872483221476513,High-Low,Not significant,True
E01006067,Tameside,0.2868741542625169,0.5660377358490566,Not significant,-0.06888061656824448,0.351,0.44940093970242756,High-Low,Not significant,True
E01006068,Tameside,0.532043530834341,0.5,Not significant,0.013144506369773054,0.266,0.4251319648093842,High-High,Not significant,True
E01006069,Tameside,0.375886524822695,0.460377358490566,Not significant,-0.08996925874738908,0.158,0.35428667563930016,Low-High,Not significant,True
E01006070,Tameside,0.3996763754045307,0.7935222672064778,Not significant,-0.07603706177112475,0.455,0.48622549019607847,High-Low,Not significant,True
E01006071,Tameside,0.3027259684361549,0.5924170616113744,Not significant,-0.06801117513806641,0.378,0.4616186252771619,High-Low,Not significant,True
E01006072,Tameside,0.2757078986587183,0.6378378378378379,Not significant,0.24970498916478062,0.31,0.435719794344473,High-High,Not significant,True
E01006073,Tameside,0.4156479217603912,0.388235294117647,Not significant,-0.17581913751462158,0.205,0.3880299539170507,Low-High,Not significant,True
E01006074,Trafford,0.3317384370015949,0.6826923076923077,Not significant,-0.03260669374864289,0.472,0.49469230769230765,High-Low,Not significant,True
E01006075,Trafford,0.6917148362235067,0.3997214484679666,Not significant,0.05254662107828138,0.421,0.4773474341192787,Low-Low,Not significant,True
E01006076,Trafford,0.530209617755857,0.4813953488372093,Not significant,-0.010547287526403404,0.346,0.4475553797468354,Low-High,Not significant,True
E01006077,Trafford,0.4968866749688667,0.606516290726817,Not significant,0.11110040804367807,0.405,0.47096372688477955,High-High,Not significant,True
E01006078,Trafford,0.5369059656218402,0.4952919020715631,Not significant,-0.0008426850978891391,0.448,0.4832883475971034,High-Low,Not significant,True
E01006079,Trafford,0.5137963843958135,0.2333333333333333,Not significant,-0.3019671872097939,0.338,0.4453102336825141,Low-High,Not significant,True
E01006080,Trafford,0.4055690072639225,0.6597014925373135,Not significant,0.27725021825217755,0.316,0.43673710904480134,High-High,Not significant,True
E01006081,Trafford,0.3578528827037773,0.4388888888888889,Not significant,-0.22862578169015177,0.082,0.26867735470941884,Low-High,Not significant,True
E01006082,Trafford,0.4546805349182763,0.5588235294117647,Not significant,0.28598750617917773,0.009,0.0913975155279503,High-High,Not significant,True
E01006083,Trafford,0.3215767634854772,0.6516129032258065,Not significant,0.824549067043209,0.009,0.0913975155279503,High-High,Not significant,True
E01006084,Trafford,0.3836477987421384,0.7254098360655737,Not significant,0.7706352485993567,0.135,0.3250736377025037,High-High,Not significant,True
E01006085,Trafford,0.3706070287539936,0.6422413793103449,Not significant,0.22793571962412382,0.343,0.44685657370517934,High-High,Not significant,True
E01006086,Trafford,0.3849693251533742,0.6055776892430279,Not significant,0.4078185619048883,0.111,0.3086479591836735,High-High,Not significant,True
E01006087,Trafford,0.3546099290780142,0.625,Not significant,-0.1883294435413261,0.222,0.3984754098360656,High-Low,Not significant,True
E01006088,Trafford,0.4063444108761329,0.8141263940520446,Not significant,0.8509806416210569,0.193,0.378363309352518,High-High,Not significant,True
E01006089,Trafford,0.4931846344485749,0.4748743718592965,Not significant,0.04302988324501077,0.165,0.3587433510638298,Low-Low,Not significant,True
E01006090,Trafford,0.4318869828456105,0.3925233644859813,Not significant,-0.46893814510533716,0.026,0.15458181818181818,Low-High,Not significant,True
E01006091,Trafford,0.3560933448573898,0.1966019417475728,Not significant,-0.6294580945320073,0.267,0.42589756097560977,Low-High,Not significant,True
E01006092,Trafford,0.448207171314741,0.6133333333333333,Not significant,-0.22341109380179192,0.273,0.42747137404580154,High-Low,Not significant,True
E01006093,Trafford,0.3101777059773828,0.7083333333333334,Not significant,0.9522991386187867,0.037,0.1878726708074534,High-High,Not significant,True
E01006094,Trafford,0.2929292929292929,0.6896551724137931,Not significant,1.0531042321796733,0.018,0.13022123893805307,High-High,Not significant,True
E01006095,Trafford,0.2777777777777778,0.4894736842105263,Not significant,0.000350463318370787,0.488,0.498675,Low-Low,Not significant,True
E01006096,Trafford,0.3292682926829268,0.5767195767195767,Not significant,0.2623664404539994,0.104,0.2993661971830986,High-High,Not significant,True
E01006097,Trafford,0.4586374695863747,0.4403183023872679,Not significant,-0.27930581899222945,0.013,0.1084438775510204,Low-High,Not significant,True
E01006098,Trafford,0.2818003913894324,0.6944444444444444,Not significant,0.511615043959916,0.183,0.37260896637608965,High-High,Not significant,True
E01006099,Trafford,0.3934426229508196,0.6574074074074074,Not significant,0.9129829352621524,0.01,0.09396551724137932,High-High,Not significant,True
E01006100,Trafford,0.3178036605657238,0.6282722513089005,High-High,1.0883950328757377,0.001,0.023695652173913045,High-High,High-High,True
E01006101,Trafford,0.2705667276051188,0.6891891891891891,Not significant,1.034263706233832,0.007,0.07839041095890412,High-High,Not significant,True
E01006102,Trafford,0.3234265734265734,0.5513513513513514,Not significant,0.17232175134564884,0.139,0.33032703488372095,High-High,Not significant,True
E01006103,Trafford,0.2524916943521594,0.6973684210526315,Not significant,1.0537049744041056,0.016,0.1222429906542056,High-High,Not significant,True
E01006104,Trafford,0.6091030789825971,0.345054945054945,Not significant,0.25415284378294456,0.261,0.4233482142857143,Low-Low,Not significant,True
E01006105,Trafford,0.4666666666666667,0.3746031746031746,Not significant,0.2227143225291404,0.285,0.43010810810810807,Low-Low,Not significant,True
E01006106,Trafford,0.5242070116861436,0.3630573248407643,Not significant,-0.20600149176955068,0.328,0.4410197368421052,Low-High,Not significant,True
E01006107,Trafford,0.721030042918455,0.2579365079365079,Not significant,-0.0743777284378916,0.437,0.47984889187374075,Low-High,Not significant,True
E01006108,Trafford,0.3685897435897436,0.5391304347826087,Not significant,-0.11218413494068939,0.233,0.40700320512820515,High-Low,Not significant,True
E01006109,Trafford,0.3902439024390244,0.1778846153846154,Not significant,2.52160897122281,0.002,0.03516129032258065,Low-Low,Low-Low,False
E01006110,Trafford,0.4054878048780488,0.7631578947368421,Not significant,0.3908643557435514,0.294,0.4303401969561325,High-High,Not significant,True
E01006111,Trafford,0.5801801801801801,0.6770186335403726,Not significant,0.25883574470467413,0.353,0.4505503512880562,High-High,Not significant,True
E01006112,Trafford,0.5014285714285714,0.4843304843304843,Not significant,0.022116972254464382,0.121,0.31452305246422896,Low-Low,Not significant,True
E01006113,Trafford,0.3029661016949153,0.8881118881118881,Not significant,0.36675497536101404,0.405,0.47096372688477955,High-High,Not significant,True
E01006114,Trafford,0.3855633802816901,0.5114155251141552,Not significant,0.05434861088798501,0.095,0.2887081784386617,High-High,Not significant,True
E01006115,Trafford,0.4416243654822335,0.5900383141762452,Not significant,0.42010180130645686,0.022,0.14330677290836652,High-High,Not significant,True
E01006116,Trafford,0.2588454376163873,0.7697841726618705,Not significant,1.5511645460594035,0.089,0.2803757225433526,High-High,Not significant,True
E01006118,Trafford,0.4020926756352765,0.5947955390334573,High-High,0.8297475874843209,0.005,0.06437007874015749,High-High,Not significant,False
E01006119,Trafford,0.2746031746031746,0.6589595375722543,Not significant,0.3904770683210114,0.226,0.4020783460282916,High-High,Not significant,True
E01006121,Trafford,0.3065326633165829,0.6775956284153005,Not significant,-0.3580041928033014,0.131,0.3240540540540541,High-Low,Not significant,True
E01006122,Trafford,0.278600269179004,0.6570048309178744,Not significant,0.6455692579879426,0.074,0.2547157894736842,High-High,Not significant,True
E01006123,Trafford,0.3184615384615384,0.6956521739130435,High-High,1.1544449338215113,0.004,0.0558974358974359,High-High,Not significant,False
E01006124,Trafford,0.2756933115823817,0.7337278106508875,Not significant,1.2888237483412333,0.014,0.11165853658536586,High-High,Not significant,True
E01006125,Trafford,0.3069306930693069,0.6344086021505376,Not significant,0.3929489714438163,0.155,0.35246870653685675,High-High,Not significant,True
E01006126,Trafford,0.4069611780455154,0.5164473684210527,High-High,0.14544603588616598,0.007,0.07839041095890412,High-High,Not significant,False
E01006128,Trafford,0.3401273885350318,0.602996254681648,High-High,0.8304902276612847,0.001,0.023695652173913045,High-High,High-High,True
E01006129,Trafford,0.3767660910518053,0.6083333333333333,High-High,1.0207638757260802,0.001,0.023695652173913045,High-High,High-High,True
E01006130,Trafford,0.2990527740189445,0.7239819004524887,Not significant,1.347589625837231,0.023,0.14408045977011494,High-High,Not significant,True
E01006131,Trafford,0.2985553772070626,0.7526881720430108,Not significant,1.5658360713992483,0.008,0.0872,High-High,Not significant,True
E01006132,Trafford,0.3318452380952381,0.6502242152466368,Not significant,0.5700658566123903,0.114,0.31078512396694213,High-High,Not significant,True
E01006133,Trafford,0.2861538461538461,0.8387096774193549,Not significant,1.2318098181204666,0.076,0.25941544885177453,High-High,Not significant,True
E01006134,Trafford,0.4117647058823529,0.5161290322580645,Not significant,0.11900504173380094,0.044,0.20207865168539324,High-High,Not significant,True
E01006135,Trafford,0.3486943164362519,0.5859030837004405,Not significant,0.3584263785085374,0.058,0.23357142857142857,High-High,Not significant,True
E01006136,Trafford,0.3893376413570275,0.6307053941908713,Not significant,0.006500132231037323,0.495,0.4991369778869779,High-High,Not significant,True
E01006137,Trafford,0.3742203742203742,0.5666666666666667,Not significant,0.04874318316490762,0.446,0.48228174603174606,High-High,Not significant,True
E01006138,Trafford,0.3810741687979539,0.5134228187919463,Not significant,0.013943081591110526,0.396,0.46985486211901306,High-High,Not significant,True
E01006139,Trafford,0.3588317107093185,0.5310077519379846,Not significant,0.25218825532781286,0.009,0.0913975155279503,High-High,Not significant,True
E01006140,Trafford,0.3869426751592357,0.7078189300411523,Not significant,0.6792051755599764,0.072,0.2520770877944325,High-High,Not significant,True
E01006141,Trafford,0.6058732612055642,0.3112244897959184,Not significant,-0.3412691662469025,0.238,0.4104746835443038,Low-High,Not significant,True
E01006142,Trafford,0.3763297872340425,0.5229681978798587,Not significant,0.14840666891750845,0.007,0.07839041095890412,High-High,Not significant,True
E01006143,Trafford,0.3864942528735632,0.6394052044609665,Not significant,0.5866892994051619,0.067,0.2478393665158371,High-High,Not significant,True
E01006144,Trafford,0.4523121387283237,0.5175718849840255,Not significant,0.10862151310962712,0.019,0.13332618025751072,High-High,Not significant,True
E01006145,Trafford,0.6153846153846154,0.4112903225806452,Not significant,0.10690048004964017,0.309,0.435719794344473,Low-Low,Not significant,True
E01006146,Trafford,0.2666666666666666,0.6744186046511628,Not significant,0.30244733352543335,0.248,0.41845201238390095,High-High,Not significant,True
E01006147,Trafford,0.2878787878787879,0.8026315789473685,Not significant,1.0683461218543455,0.103,0.29806194690265486,High-High,Not significant,True
E01006148,Trafford,0.3318713450292397,0.4493392070484581,Low-High,-0.3320972531144888,0.001,0.023695652173913045,Low-High,Low-High,True
E01006149,Trafford,0.388646288209607,0.5468164794007491,Not significant,0.2681826816351291,0.029,0.16813829787234041,High-High,Not significant,True
E01006150,Trafford,0.5028901734104047,0.6988505747126437,Not significant,0.9807473515529718,0.012,0.10272251308900524,High-High,Not significant,True
E01006151,Trafford,0.3215547703180212,0.7197802197802198,Not significant,1.1123617067673481,0.023,0.14408045977011494,High-High,Not significant,True
E01006152,Trafford,0.2956381260096931,0.6338797814207651,Not significant,0.19823426730365873,0.302,0.4350396475770925,High-High,Not significant,True
E01006153,Trafford,0.2838915470494418,0.6573033707865169,Not significant,0.008457335082485633,0.48,0.49765377298668356,High-High,Not significant,True
E01006154,Trafford,0.4233687405159332,0.6559139784946236,Not significant,0.6237751918376563,0.06,0.2386861313868613,High-High,Not significant,True
E01006155,Trafford,0.3905160390516039,0.5571428571428572,Not significant,0.22942336413713155,0.092,0.28381132075471693,High-High,Not significant,True
E01006156,Trafford,0.3976945244956772,0.4456521739130434,Not significant,-0.12107225915364205,0.168,0.3604724409448819,Low-High,Not significant,True
E01006157,Trafford,0.7271341463414634,0.2914046121593291,Not significant,0.20349737766493217,0.266,0.4251319648093842,Low-Low,Not significant,True
E01006158,Trafford,0.4550063371356147,0.5181058495821727,Not significant,0.05048972700413417,0.223,0.3984754098360656,High-High,Not significant,True
E01006159,Trafford,0.3725212464589235,0.6539923954372624,Not significant,0.21233792871838766,0.353,0.4505503512880562,High-High,Not significant,True
E01006160,Trafford,0.578125,0.4356120826709062,Not significant,-0.24095395000589107,0.042,0.19962209302325581,Low-High,Not significant,True
E01006161,Trafford,0.4798728813559322,0.4083885209713024,Not significant,-0.21426605203020233,0.186,0.3743970767356882,Low-High,Not significant,True
E01006162,Trafford,0.4,0.6666666666666666,Not significant,0.4964830452781151,0.109,0.30726724137931033,High-High,Not significant,True
E01006163,Trafford,0.4294478527607362,0.7742857142857142,Not significant,1.0373669591597687,0.064,0.2450585480093677,High-High,Not significant,True
E01006164,Trafford,0.3402203856749311,0.5748987854251012,Not significant,0.2895207812482243,0.081,0.26754545454545453,High-High,Not significant,True
E01006165,Trafford,0.6028446389496718,0.5480943738656987,Not significant,0.15439223665290502,0.083,0.2708682634730539,High-High,Not significant,True
E01006166,Trafford,0.4243759177679883,0.4013840830449827,Not significant,0.20972727800375507,0.196,0.38014234875444847,Low-Low,Not significant,True
E01006167,Trafford,0.46398891966759,0.1970149253731343,Not significant,0.11696816241162312,0.435,0.47984889187374075,Low-Low,Not significant,True
E01006168,Trafford,0.6171662125340599,0.2362030905077262,Not significant,0.8719613596615159,0.115,0.31078512396694213,Low-Low,Not significant,True
E01006169,Trafford,0.3538230884557721,0.6864406779661016,Not significant,0.33294618719093894,0.364,0.45850539291217257,High-High,Not significant,True
E01006170,Trafford,0.3220088626292466,0.5825688073394495,Not significant,0.267383213273585,0.068,0.24872483221476513,High-High,Not significant,True
E01006171,Trafford,0.412532637075718,0.4968354430379746,Not significant,0.006479405537587236,0.288,0.43010810810810807,High-High,Not significant,True
E01006172,Trafford,0.2854938271604938,0.7621621621621621,Not significant,0.19677394801840903,0.405,0.47096372688477955,High-High,Not significant,True
E01006173,Trafford,0.2948929159802306,0.7374301675977654,Not significant,1.0559862485187324,0.036,0.18745222929936303,High-High,Not significant,True
E01006174,Trafford,0.4250614250614251,0.5838150289017341,Not significant,0.45071062592570305,0.021,0.1390080971659919,High-High,Not significant,True
E01006175,Trafford,0.4153225806451613,0.5566343042071198,Not significant,0.11142897977104696,0.308,0.43524632670700086,High-High,Not significant,True
E01006176,Trafford,0.4143646408839779,0.5133333333333333,Not significant,0.01282566943302062,0.379,0.4616186252771619,High-High,Not significant,True
E01006177,Trafford,0.3993344425956738,0.6291666666666667,Not significant,-0.04806780647357938,0.428,0.47984889187374075,High-Low,Not significant,True
E01006178,Trafford,0.3550065019505852,0.7216117216117216,Not significant,0.9207053247781154,0.093,0.28474719101123597,High-High,Not significant,True
E01006179,Trafford,0.3474676089517079,0.5966101694915255,Not significant,0.628809612256152,0.009,0.0913975155279503,High-High,Not significant,True
E01006180,Trafford,0.4158163265306122,0.7423312883435583,Not significant,0.7897583581176397,0.124,0.3177742946708464,High-High,Not significant,True
E01006181,Trafford,0.3675344563552833,0.6416666666666667,Not significant,0.6404082069213096,0.048,0.21268292682926832,High-High,Not significant,True
E01006182,Trafford,0.2713310580204778,0.7484276729559748,Not significant,0.7994443022263991,0.129,0.3225,High-High,Not significant,True
E01006183,Trafford,0.2881889763779527,0.8032786885245902,Not significant,0.9077978419881518,0.143,0.33544476327116207,High-High,Not significant,True
E01006184,Trafford,0.4336870026525199,0.5840978593272171,Not significant,0.334291094769333,0.027,0.1593682310469314,High-High,Not significant,True
E01006186,Trafford,0.7180570221752904,0.325,Not significant,0.6533657049047147,0.083,0.2708682634730539,Low-Low,Not significant,True
E01006187,Trafford,0.4385964912280701,0.714,Not significant,-0.8288591038890386,0.092,0.28381132075471693,High-Low,Not significant,True
E01006188,Trafford,1.2385204081632653,0.2080329557157569,Not significant,0.3905687042148274,0.273,0.42747137404580154,Low-Low,Not significant,True
E01006189,Trafford,0.397422126745435,0.6162162162162163,Not significant,0.20106716545421494,0.279,0.42857742537313437,High-High,Not significant,True
E01006190,Trafford,0.3006230529595015,0.6476683937823834,Not significant,0.9959873260799281,0.006,0.0732089552238806,High-High,Not significant,True
E01006191,Trafford,0.3297045101088647,0.5613207547169812,Not significant,0.44654358730115,0.01,0.09396551724137932,High-High,Not significant,True
E01006192,Trafford,0.333868378812199,0.5865384615384616,Not significant,0.4491383651190365,0.008,0.0872,High-High,Not significant,True
E01006193,Trafford,0.2972536348949919,0.7391304347826086,Not significant,0.6101244419415874,0.152,0.3475804195804196,High-High,Not significant,True
E01006194,Trafford,0.4448979591836735,0.518348623853211,Not significant,0.10802914607666178,0.009,0.0913975155279503,High-High,Not significant,True
E01006195,Trafford,0.2842105263157894,0.7248677248677249,Not significant,1.2240333385408737,0.008,0.0872,High-High,Not significant,True
E01006196,Trafford,0.3088235294117647,0.7428571428571429,Not significant,1.4439521916433484,0.014,0.11165853658536586,High-High,Not significant,True
E01006197,Trafford,0.313758389261745,0.6737967914438503,High-High,1.172735787973617,0.006,0.0732089552238806,High-High,Not significant,False
E01006198,Trafford,0.5221112696148359,0.4836065573770491,Not significant,-0.033441780910996394,0.121,0.31452305246422896,Low-High,Not significant,True
E01006199,Trafford,0.4053691275167785,0.5860927152317881,Not significant,0.07477289012560435,0.431,0.47984889187374075,High-High,Not significant,True
E01006200,Trafford,0.4260614934114202,0.4707903780068728,Not significant,-0.07288958420479216,0.051,0.21771540469973888,Low-High,Not significant,True
E01006201,Trafford,0.4257274119448698,0.6402877697841727,Not significant,0.8790102534668528,0.023,0.14408045977011494,High-High,Not significant,True
E01006202,Trafford,0.4612850082372323,0.6642857142857143,Not significant,0.6643934968253135,0.098,0.29292504570383915,High-High,Not significant,True
E01006203,Trafford,0.277992277992278,0.7986111111111112,Not significant,1.7592785074720363,0.01,0.09396551724137932,High-High,Not significant,True
E01006204,Trafford,0.3636363636363636,0.38671875,Not significant,-0.15702806597292113,0.287,0.43010810810810807,Low-High,Not significant,True
E01006205,Trafford,0.2677595628415301,0.7006802721088435,Not significant,0.21028210475262948,0.365,0.4594110854503464,High-High,Not significant,True
E01006206,Trafford,0.375,0.4042553191489361,Not significant,0.03887848672473189,0.416,0.47530398322851153,Low-Low,Not significant,True
E01006207,Trafford,0.4056482670089859,0.4018987341772151,Not significant,0.04016199553507737,0.435,0.47984889187374075,Low-Low,Not significant,True
E01006208,Trafford,0.3493589743589743,0.5596330275229358,Not significant,0.010939999987269106,0.485,0.4977871939736347,High-High,Not significant,True
E01006209,Trafford,0.3333333333333333,0.6650943396226415,Not significant,0.7644059981939109,0.044,0.20207865168539324,High-High,Not significant,True
E01006210,Trafford,0.334913112164297,0.5047169811320755,Not significant,0.034593252896819325,0.129,0.3225,High-High,Not significant,True
E01006211,Trafford,0.3033536585365853,0.6834170854271356,Not significant,0.566005220405509,0.146,0.33955903271692744,High-High,Not significant,True
E01006212,Wigan,0.268041237113402,0.7435897435897436,Not significant,-0.2620788968977626,0.369,0.45984374999999994,High-Low,Not significant,True
E01006213,Wigan,0.4488636363636363,0.4018987341772151,Not significant,0.10681595235159541,0.3,0.4336870026525199,Low-Low,Not significant,True
E01006214,Wigan,0.4302134646962233,0.5801526717557252,Not significant,-0.30416015505907984,0.045,0.204375,High-Low,Not significant,True
E01006215,Wigan,0.4808959156785243,0.3424657534246575,Not significant,0.2693583099724188,0.235,0.40874999999999995,Low-Low,Not significant,True
E01006216,Wigan,0.2978235967926689,0.3576923076923077,Not significant,0.031317066346493866,0.449,0.4832883475971034,Low-Low,Not significant,True
E01006217,Wigan,0.3899033297529538,0.3360881542699724,Not significant,0.6138087439504695,0.066,0.24636986301369865,Low-Low,Not significant,True
E01006218,Wigan,0.4759519038076152,0.3221052631578947,Not significant,0.48888928829760236,0.187,0.3743970767356882,Low-Low,Not significant,True
E01006219,Wigan,0.2938931297709923,0.6363636363636364,Not significant,-0.16689307388239374,0.379,0.4616186252771619,High-Low,Not significant,True
E01006220,Wigan,0.3106159895150721,0.5021097046413502,Not significant,-0.004844974432107112,0.403,0.47096372688477955,High-Low,Not significant,True
E01006221,Wigan,0.3540462427745665,0.5959183673469388,Not significant,0.3252510030122065,0.188,0.3743970767356882,High-High,Not significant,True
E01006222,Wigan,0.2602523659305993,0.593939393939394,Not significant,0.2083914853275443,0.331,0.44286824877250414,High-High,Not significant,True
E01006223,Wigan,0.3662714097496706,0.6402877697841727,Not significant,0.7231657853178178,0.032,0.17856655290102388,High-High,Not significant,True
E01006225,Wigan,0.2582159624413145,0.7454545454545455,Not significant,1.2685552963061066,0.063,0.2450585480093677,High-High,Not significant,True
E01006226,Wigan,0.2940397350993377,0.5765765765765766,Not significant,0.41958203739838135,0.063,0.2450585480093677,High-High,Not significant,True
E01006227,Wigan,0.2674050632911392,0.5621301775147929,Not significant,0.16102017999496884,0.276,0.4281404174573055,High-High,Not significant,True
E01006228,Wigan,0.4174496644295302,0.6334405144694534,Not significant,-0.22355175076454287,0.289,0.43010810810810807,High-Low,Not significant,True
E01006229,Wigan,0.4391371340523883,0.4771929824561403,Not significant,0.041097925127183764,0.118,0.3116801292407108,Low-Low,Not significant,True
E01006230,Wigan,0.6360465116279069,0.1755027422303473,Not significant,1.182195098372573,0.119,0.31280546623794214,Low-Low,Not significant,True
E01006231,Wigan,0.296875,0.631578947368421,Not significant,-0.21081361473447816,0.288,0.43010810810810807,High-Low,Not significant,True
E01006232,Wigan,0.3686806411837238,0.4280936454849498,Not significant,0.0751957420674226,0.24,0.4117273673257024,Low-Low,Not significant,True
E01006235,Wigan,0.2790368271954674,0.3807106598984771,Not significant,-0.1538626184235358,0.362,0.45810371517027865,Low-High,Not significant,True
E01006236,Wigan,0.279136690647482,0.5309278350515464,Not significant,-0.0728371911108383,0.167,0.3602176781002639,High-Low,Not significant,True
E01006237,Wigan,0.5864661654135338,0.1794871794871795,Not significant,1.5549160598567902,0.043,0.20144699140401143,Low-Low,Not significant,True
E01006238,Wigan,0.3364611260053619,0.4820717131474104,Not significant,0.07906240736463079,0.005,0.06437007874015749,Low-Low,Not significant,True
E01006239,Wigan,0.3183632734530938,0.3824451410658307,Not significant,0.38500890171193963,0.091,0.2823244781783681,Low-Low,Not significant,True
E01006240,Wigan,0.3294701986754967,0.3919597989949748,Not significant,0.4287346351480649,0.089,0.2803757225433526,Low-Low,Not significant,True
E01006241,Wigan,0.5188968335035751,0.1594488188976378,Not significant,0.3450903406183741,0.33,0.44261689909762103,Low-Low,Not significant,True
E01006242,Wigan,0.4011494252873563,0.4412607449856733,Not significant,0.19127935299183155,0.077,0.26065217391304346,Low-Low,Not significant,True
E01006243,Wigan,0.3388338833883388,0.4772727272727273,Not significant,0.04376031322230068,0.125,0.31883775351014043,Low-Low,Not significant,True
E01006244,Wigan,0.5752808988764045,0.4765625,Not significant,0.00047662140785372924,0.493,0.4991369778869779,Low-Low,Not significant,True
E01006245,Wigan,0.4142980189491817,0.3804573804573805,Not significant,0.274811589306634,0.134,0.3250736377025037,Low-Low,Not significant,True
E01006246,Wigan,0.4162011173184357,0.4328859060402684,Not significant,-0.06866096446360956,0.346,0.4475553797468354,Low-High,Not significant,True
E01006248,Wigan,0.6418786692759295,0.1097560975609756,Not significant,0.28003139469369864,0.378,0.4616186252771619,Low-Low,Not significant,True
E01006249,Wigan,0.286144578313253,0.3947368421052631,Not significant,0.15344378385050836,0.311,0.435719794344473,Low-Low,Not significant,True
E01006250,Wigan,0.3943044906900328,0.3638888888888889,Not significant,0.296029739530106,0.219,0.3965282392026578,Low-Low,Not significant,True
E01006251,Wigan,0.3348623853211009,0.5707762557077626,Not significant,-0.3384926227025792,0.006,0.0732089552238806,High-Low,Not significant,True
E01006252,Wigan,0.3184,0.6884422110552764,Not significant,-0.8664219560708202,0.081,0.26754545454545453,High-Low,Not significant,True
E01006253,Wigan,0.357566765578635,0.6970954356846473,Not significant,-0.45116172871271165,0.273,0.42747137404580154,High-Low,Not significant,True
E01006254,Wigan,0.3872549019607843,0.430379746835443,Not significant,-0.10586263672103906,0.253,0.4198640483383686,Low-High,Not significant,True
E01006255,Wigan,0.3072289156626506,0.6176470588235294,Not significant,0.5116583735410766,0.044,0.20207865168539324,High-High,Not significant,True
E01006256,Wigan,0.4174496644295302,0.3247588424437299,Not significant,-0.15468199013562273,0.367,0.45984374999999994,Low-High,Not significant,True
E01006257,Wigan,0.348314606741573,0.6559139784946236,Not significant,0.5885776552104147,0.111,0.3086479591836735,High-High,Not significant,True
E01006258,Wigan,0.3605633802816901,0.56640625,Not significant,-0.038457127881984784,0.409,0.47225635593220333,High-Low,Not significant,True
E01006259,Wigan,0.3321299638989169,0.5434782608695652,Not significant,-0.031670896838463566,0.393,0.46833454810495634,High-Low,Not significant,True
E01006260,Wigan,0.2904238618524333,0.5459459459459459,Not significant,0.1269879868710178,0.204,0.3873867595818815,High-High,Not significant,True
E01006261,Wigan,0.3446153846153846,0.5669642857142857,Not significant,0.12380155301081389,0.316,0.43673710904480134,High-High,Not significant,True
E01006262,Wigan,0.4729344729344729,0.25,Not significant,-0.022339452461287834,0.493,0.4991369778869779,Low-High,Not significant,True
E01006265,Wigan,0.3279742765273312,0.6715686274509803,Not significant,0.8594603044830199,0.054,0.2246564885496183,High-High,Not significant,True
E01006267,Wigan,0.3186813186813186,0.3448275862068966,Not significant,-0.33571495093966974,0.316,0.43673710904480134,Low-High,Not significant,True
E01006268,Wigan,0.39,0.5421245421245421,Not significant,0.0032461033785746106,0.497,0.4991369778869779,High-High,Not significant,True
E01006269,Wigan,0.3863080684596577,0.3955696202531645,Not significant,0.33957447290544607,0.178,0.3681320754716981,Low-Low,Not significant,True
E01006270,Wigan,0.3217665615141956,0.3480392156862745,Not significant,-0.10088379685471266,0.41,0.4724101479915433,Low-High,Not significant,True
E01006271,Wigan,0.3132530120481928,0.6111111111111112,Not significant,-0.06772742960280556,0.415,0.47515756302521006,High-Low,Not significant,True
E01006272,Wigan,0.781127129750983,0.2869127516778523,Not significant,0.21368036260928425,0.314,0.43673710904480134,Low-Low,Not significant,True
E01006273,Wigan,0.3109756097560975,0.5490196078431373,Not significant,-0.062181052115044454,0.341,0.445909090909091,High-Low,Not significant,True
E01006274,Wigan,0.4128166915052161,0.4296028880866426,Not significant,0.07777135173802471,0.335,0.4453048780487805,Low-Low,Not significant,True
E01006275,Wigan,0.3093841642228739,0.4502369668246445,Not significant,0.025767199570352166,0.393,0.46833454810495634,Low-Low,Not significant,True
E01006276,Wigan,0.2989921612541993,0.5056179775280899,Not significant,-0.03925565503514929,0.122,0.3151184834123223,High-Low,Not significant,True
E01006277,Wigan,0.2884615384615384,0.4205128205128205,Not significant,-0.04830298428087601,0.4,0.47096372688477955,Low-High,Not significant,True
E01006278,Wigan,0.278600269179004,0.6908212560386473,Not significant,0.11565004357835659,0.459,0.4882661027976578,High-High,Not significant,True
E01006279,Wigan,0.2926447574334898,0.5668449197860963,Not significant,-0.08826815933266845,0.342,0.445909090909091,High-Low,Not significant,True
E01006280,Wigan,0.3020344287949921,0.6373056994818653,Not significant,0.11930366831220011,0.398,0.47034246575342464,High-High,Not significant,True
E01006281,Wigan,0.3501259445843829,0.5,Not significant,-0.02087786322532188,0.134,0.3250736377025037,High-Low,Not significant,True
E01006282,Wigan,0.4299065420560747,0.3322981366459627,Not significant,0.7027535095528966,0.05,0.21569920844327176,Low-Low,Not significant,True
E01006283,Wigan,0.521557719054242,0.3413333333333333,Not significant,0.4274622197580285,0.104,0.2993661971830986,Low-Low,Not significant,True
E01006284,Wigan,0.4041604754829123,0.2904411764705882,Not significant,1.152692619334598,0.071,0.2518112798264642,Low-Low,Not significant,True
E01006285,Wigan,0.3066666666666666,0.4901185770750988,Not significant,-0.0021147012382604015,0.38,0.4616186252771619,Low-High,Not significant,True
E01006286,Wigan,0.2810271041369472,0.6345177664974619,Not significant,-0.15783376900284146,0.338,0.4453102336825141,High-Low,Not significant,True
E01006288,Wigan,0.2964426877470356,0.3644444444444444,Not significant,-0.5774300467758858,0.009,0.0913975155279503,Low-High,Not significant,True
E01006289,Wigan,0.355638166047088,0.3170731707317073,Not significant,-0.4062592419914477,0.213,0.39262119503945886,Low-High,Not significant,True
E01006290,Wigan,0.2944,0.75,Not significant,0.4932028193402137,0.233,0.40700320512820515,High-High,Not significant,True
E01006291,Wigan,0.3813682678311499,0.6030534351145038,Not significant,0.1195925463618485,0.349,0.44859669811320757,High-High,Not significant,True
E01006292,Wigan,0.3682588597842835,0.6861924686192469,Not significant,0.5640766745526533,0.171,0.36309740259740264,High-High,Not significant,True
E01006293,Wigan,0.3930942895086321,0.4594594594594595,Not significant,0.026334301948471372,0.349,0.44859669811320757,Low-Low,Not significant,True
E01006294,Wigan,0.4851811196487376,0.5361990950226244,Not significant,0.03725943408951972,0.424,0.4777670572019297,High-High,Not significant,True
E01006295,Wigan,0.405,0.5802469135802469,Not significant,-0.15006544945926273,0.29,0.43010810810810807,High-Low,Not significant,True
E01006296,Wigan,0.5816326530612245,0.1929824561403508,Not significant,-0.01370315099274925,0.496,0.4991369778869779,Low-High,Not significant,True
E01006297,Wigan,0.3991880920162381,0.4135593220338983,Not significant,0.08459306334880774,0.341,0.445909090909091,Low-Low,Not significant,True
E01006298,Wigan,0.4772393538913362,0.3015384615384615,Not significant,-0.22479135701464018,0.341,0.445909090909091,Low-High,Not significant,True
E01006299,Wigan,0.3333333333333333,0.4982817869415807,Not significant,0.00661722631520796,0.307,0.43524632670700086,High-High,Not significant,True
E01006300,Wigan,0.3113673805601318,0.708994708994709,Not significant,-0.9797493531156122,0.058,0.23357142857142857,High-Low,Not significant,True
E01006301,Wigan,0.3962585034013605,0.4420600858369098,Not significant,-0.020595984373395805,0.454,0.4854741661216482,Low-High,Not significant,True
E01006302,Wigan,0.4543114543114543,0.4107648725212464,Not significant,0.19029332534394686,0.23,0.40522629310344827,Low-Low,Not significant,True
E01006303,Wigan,0.3574468085106383,0.4880952380952381,Not significant,0.02511985258219689,0.013,0.1084438775510204,Low-Low,Not significant,True
E01006304,Wigan,0.3161094224924012,0.5384615384615384,Not significant,-0.22463960170932967,0.066,0.24636986301369865,High-Low,Not significant,True
E01006305,Wigan,0.2825443786982248,0.3246073298429319,Not significant,0.02652590346779715,0.47,0.4932284980744544,Low-Low,Not significant,True
E01006306,Wigan,0.4263285024154589,0.4957507082152974,Not significant,-0.007649731722073736,0.15,0.34445224719101125,High-Low,Not significant,True
E01006307,Wigan,0.369281045751634,0.4823008849557522,Not significant,0.015169285268174447,0.306,0.43524632670700086,Low-Low,Not significant,True
E01006308,Wigan,0.4714285714285714,0.5696969696969697,Not significant,-0.13079693587518276,0.246,0.4159358841778697,High-Low,Not significant,True
E01006309,Wigan,0.4077519379844961,0.4828897338403042,Not significant,0.01871011273509747,0.242,0.4117273673257024,Low-Low,Not significant,True
E01006310,Wigan,0.3755274261603376,0.4831460674157303,Not significant,0.01301460950680386,0.265,0.4251319648093842,Low-Low,Not significant,True
E01006311,Wigan,0.2902208201892745,0.4076086956521739,Not significant,0.06094523468725096,0.381,0.4616186252771619,Low-Low,Not significant,True
E01006312,Wigan,0.2921348314606741,0.7032967032967034,Not significant,-0.30622315566085156,0.318,0.43838954468802704,High-Low,Not significant,True
E01006313,Wigan,0.3338983050847458,0.3147208121827411,Not significant,-0.23936522039199415,0.323,0.43972106577851794,Low-High,Not significant,True
E01006314,Wigan,0.3161209068010076,0.4780876494023904,Not significant,-0.038953395561741405,0.2,0.3847058823529412,Low-High,Not significant,True
E01006315,Wigan,0.5238828967642527,0.3470588235294117,Not significant,1.0778459547081138,0.005,0.06437007874015749,Low-Low,Not significant,True
E01006316,Wigan,0.5273159144893111,0.2094594594594594,Not significant,1.2822913853808615,0.117,0.3115553745928339,Low-Low,Not significant,True
E01006317,Wigan,0.4497936726272352,0.3577981651376147,Not significant,0.8420161453370424,0.03,0.17031249999999998,Low-Low,Not significant,True
E01006319,Wigan,0.5393835616438356,0.2857142857142857,Not significant,0.9013136462970901,0.068,0.24872483221476513,Low-Low,Not significant,True
E01006322,Wigan,0.496,0.3410138248847926,Not significant,0.3105941581577947,0.123,0.3167007874015748,Low-Low,Not significant,True
E01006323,Wigan,0.5046875,0.4086687306501548,Not significant,0.3497415111391231,0.073,0.2534076433121019,Low-Low,Not significant,True
E01006324,Wigan,0.3952380952380952,0.5301204819277109,Not significant,0.039119158062648596,0.354,0.4511223694466095,High-High,Not significant,True
E01006325,Wigan,0.3864353312302839,0.5836734693877551,Not significant,-0.29044828688900887,0.128,0.32098159509202456,High-Low,Not significant,True
E01006326,Wigan,0.4683908045977011,0.6656441717791411,Not significant,-0.0009944193340466897,0.481,0.4977871939736347,High-Low,Not significant,True
E01006327,Wigan,0.5895734597156398,0.1045016077170418,Not significant,0.8811572701205368,0.147,0.339950495049505,Low-Low,Not significant,True
E01006328,Wigan,0.5659574468085107,0.631578947368421,Not significant,0.08374613062857855,0.415,0.47515756302521006,High-High,Not significant,True
E01006329,Wigan,0.3921971252566735,0.518324607329843,Not significant,-0.0768258041755069,0.101,0.29806194690265486,High-Low,Not significant,True
E01006330,Wigan,0.3343283582089552,0.6607142857142857,Not significant,-0.024256523737859446,0.466,0.492508080155139,High-Low,Not significant,True
E01006332,Wigan,0.4939493949394939,0.4543429844097995,Not significant,0.014885815471821287,0.433,0.47984889187374075,Low-Low,Not significant,True
E01006333,Wigan,0.5226824457593688,0.5924528301886792,Not significant,-0.11330374608226164,0.311,0.435719794344473,High-Low,Not significant,True
E01006334,Wigan,0.5674044265593562,0.4680851063829787,Not significant,-0.014050236015697872,0.422,0.4777670572019297,Low-High,Not significant,True
E01006335,Wigan,0.4341590612777053,0.5525525525525525,Not significant,0.009588760171914373,0.5,0.5,High-High,Not significant,True
E01006336,Wigan,0.34,0.2941176470588235,Not significant,0.4528183600732566,0.168,0.3604724409448819,Low-Low,Not significant,True
E01006337,Wigan,0.3248502994011976,0.4930875576036866,Not significant,-0.00014214141396429669,0.364,0.45850539291217257,High-Low,Not significant,True
E01006338,Wigan,0.4127388535031847,0.5246913580246914,Not significant,0.010229402902156392,0.469,0.49281169665809765,High-High,Not significant,True
E01006340,Wigan,0.6476306196840826,0.1726078799249531,Not significant,0.7598832754168193,0.157,0.35406206896551723,Low-Low,Not significant,True
E01006341,Wigan,0.4894179894179894,0.2513513513513513,Not significant,-0.05871707600294027,0.497,0.4991369778869779,Low-High,Not significant,True
E01006342,Wigan,0.3624823695345557,0.4785992217898833,Not significant,0.035962416667665364,0.188,0.3743970767356882,Low-Low,Not significant,True
E01006344,Wigan,0.2526132404181184,0.5724137931034483,Not significant,-0.24843771599579312,0.208,0.38919703872437356,High-Low,Not significant,True
E01006345,Wigan,0.4118518518518518,0.5899280575539568,Not significant,-0.37952494666289105,0.171,0.36309740259740264,High-Low,Not significant,True
E01006346,Wigan,0.4332627118644068,0.5330073349633252,Not significant,-0.0017038296513244742,0.484,0.4977871939736347,High-Low,Not significant,True
E01006347,Wigan,0.2925696594427244,0.5608465608465608,Not significant,-0.2371657928071555,0.134,0.3250736377025037,High-Low,Not significant,True
E01006348,Wigan,0.5504014272970562,0.2123176661264181,Not significant,0.006913488947444435,0.482,0.4977871939736347,Low-Low,Not significant,True
E01006349,Wigan,0.5557749259624877,0.3801065719360568,Not significant,0.27471888704744934,0.151,0.34626227208976157,Low-Low,Not significant,True
E01006350,Wigan,0.2976995940460081,0.4863636363636364,Not significant,0.014435953731858697,0.177,0.3681320754716981,Low-Low,Not significant,True
E01006351,Wigan,0.328735632183908,0.548951048951049,Not significant,-0.02149771424039307,0.435,0.47984889187374075,High-Low,Not significant,True
E01006352,Wigan,0.4608294930875576,0.4275,Not significant,0.128075786677861,0.223,0.3984754098360656,Low-Low,Not significant,True
E01006353,Wigan,0.282051282051282,0.6363636363636364,Not significant,-0.05556002700538353,0.433,0.47984889187374075,High-Low,Not significant,True
E01006354,Wigan,0.4308426073131955,0.4612546125461255,Not significant,-0.05092886709584688,0.296,0.431721677074041,Low-High,Not significant,True
E01006355,Wigan,0.3899280575539568,0.5830258302583026,Not significant,-0.20739341252095603,0.215,0.39408632286995515,High-Low,Not significant,True
E01006356,Wigan,0.2949389179755672,0.4023668639053254,Not significant,0.2559218228291578,0.116,0.3115553745928339,Low-Low,Not significant,True
E01006357,Wigan,0.2986003110419907,0.4010416666666667,Not significant,0.189669864999354,0.172,0.36427461139896367,Low-Low,Not significant,True
E01006358,Wigan,0.3965330444203683,0.4344262295081967,Not significant,0.06590623858232798,0.353,0.4505503512880562,Low-Low,Not significant,True
E01006359,Wigan,0.3663865546218487,0.5137614678899083,Not significant,-0.017621909539189514,0.376,0.4616186252771619,High-Low,Not significant,True
E01006360,Wigan,0.2908827785817655,0.263681592039801,Not significant,0.5187062807914957,0.231,0.40611290322580645,Low-Low,Not significant,True
E01006361,Wigan,0.3192133131618759,0.3838862559241706,Not significant,0.3313135469932493,0.102,0.29806194690265486,Low-Low,Not significant,True
E01006362,Wigan,0.2831737346101231,0.7004830917874396,Not significant,0.4375995369541278,0.24,0.4117273673257024,High-High,Not significant,True
E01006363,Wigan,0.3384831460674157,0.6473029045643154,Not significant,0.5279884374280781,0.135,0.3250736377025037,High-High,Not significant,True
E01006364,Wigan,0.3083434099153567,0.5725490196078431,Not significant,0.3149023099406487,0.05,0.21569920844327176,High-High,Not significant,True
E01006365,Wigan,0.3099885189437428,0.5148148148148148,Not significant,0.0934659337941687,0.103,0.29806194690265486,High-High,Not significant,True
E01006366,Wigan,0.2661290322580645,0.5541125541125541,Not significant,0.16969332100822712,0.188,0.3743970767356882,High-High,Not significant,True
E01006367,Wigan,0.2564766839378238,0.5909090909090909,Not significant,0.29184689103002504,0.204,0.3873867595818815,High-High,Not significant,True
E01006368,Wigan,0.2940461725394896,0.5950413223140496,Not significant,0.052484082175547,0.441,0.48101067378252166,High-High,Not significant,True
E01006369,Wigan,0.6295585412667947,0.4557926829268293,Not significant,-0.07150883843705941,0.188,0.3743970767356882,Low-High,Not significant,True
E01006370,Wigan,0.6360759493670886,0.582089552238806,Not significant,0.14612961405886535,0.262,0.4241287128712871,High-High,Not significant,True
E01006371,Wigan,0.4070660522273425,0.7245283018867924,Not significant,1.2757939985641686,0.011,0.0993646408839779,High-High,Not significant,True
E01006372,Wigan,0.2833333333333333,0.5614973262032086,Not significant,0.2553315490087964,0.105,0.2996073298429319,High-High,Not significant,True
E01006373,Wigan,0.3143759873617693,0.7035175879396985,Not significant,1.0599015458712342,0.03,0.17031249999999998,High-High,Not significant,True
E01006374,Wigan,0.3195266272189349,0.6990740740740741,Not significant,0.9684430442429101,0.026,0.15458181818181818,High-High,Not significant,True
E01006375,Wigan,0.4932614555256064,0.7240437158469946,Not significant,1.0410498920849858,0.066,0.24636986301369865,High-High,Not significant,True
E01006376,Wigan,0.3068493150684931,0.3928571428571428,Not significant,0.46260138896754877,0.075,0.25707547169811323,Low-Low,Not significant,True
E01006377,Wigan,0.25948406676783,0.695906432748538,Not significant,0.4350766275081,0.237,0.41004761904761905,High-High,Not significant,True
E01006378,Wigan,0.2939189189189189,0.7298850574712644,Not significant,-0.5248619016630065,0.196,0.38014234875444847,High-Low,Not significant,True
E01006379,Wigan,0.4767441860465116,0.3384146341463415,Not significant,0.5756420109704581,0.021,0.1390080971659919,Low-Low,Not significant,True
E01006380,Wigan,0.8211805555555556,0.1469344608879492,Not significant,-0.9547013353530495,0.147,0.339950495049505,Low-High,Not significant,True
E01006381,Wigan,0.2927461139896373,0.4247787610619469,Not significant,0.07656223017450599,0.326,0.4410197368421052,Low-Low,Not significant,True
E01006384,Wigan,0.2508532423208191,0.7006802721088435,Not significant,0.5826655039208251,0.185,0.3738875154511743,High-High,Not significant,True
E01006385,Wigan,0.2524916943521594,0.7039473684210527,Not significant,-0.6917375425227419,0.196,0.38014234875444847,High-Low,Not significant,True
E01006386,Wigan,0.3487124463519313,0.2953846153846154,Not significant,-0.04127866323926831,0.499,0.4999172794117647,Low-High,Not significant,True
E01006387,Wigan,0.3682373472949389,0.6445497630331753,Not significant,-0.3680348177740453,0.217,0.3946551724137931,High-Low,Not significant,True
E01006388,Wigan,0.4418316831683168,0.2296918767507002,Not significant,-0.23921746165194624,0.415,0.47515756302521006,Low-High,Not significant,True
E01006390,Wigan,0.377431906614786,0.5154639175257731,Not significant,0.0801698252509739,0.119,0.31280546623794214,High-High,Not significant,True
E01006391,Wigan,0.269172932330827,0.7039106145251397,Not significant,-0.7585266906855785,0.128,0.32098159509202456,High-Low,Not significant,True
E01006392,Wigan,0.3923205342237061,0.3148936170212766,Not significant,0.08803518291061131,0.419,0.4760701876302988,Low-Low,Not significant,True
E01006393,Wigan,0.2821782178217821,0.5847953216374269,Not significant,-0.2367432183487927,0.257,0.4206156156156156,High-Low,Not significant,True
E01006394,Wigan,0.275968992248062,0.6966292134831461,Not significant,0.6884157783406366,0.319,0.43855825649622804,High-High,Not significant,True
E01006396,Wigan,0.2816666666666667,0.5384615384615384,Not significant,-0.07763616157625353,0.193,0.378363309352518,High-Low,Not significant,True
E01006397,Wigan,0.365079365079365,0.323671497584541,Not significant,0.24586177058961334,0.331,0.44286824877250414,Low-Low,Not significant,True
E01006398,Wigan,0.3565573770491803,0.4195402298850574,Not significant,0.11823110184293921,0.291,0.43010810810810807,Low-Low,Not significant,True
E01006399,Wigan,0.4671428571428571,0.5321100917431193,Not significant,-0.00650943894066981,0.466,0.492508080155139,High-Low,Not significant,True
E01006400,Wigan,0.5610425240054869,0.1491442542787286,Not significant,-0.3386379942880211,0.42,0.47687499999999994,Low-High,Not significant,True
E01006404,Wigan,0.4392905866302865,0.391304347826087,Not significant,0.3448813199003816,0.096,0.2895940959409594,Low-Low,Not significant,True
E01006405,Wigan,0.3531645569620253,0.3727598566308244,Not significant,0.180995075324098,0.29,0.43010810810810807,Low-Low,Not significant,True
E01006406,Wigan,0.2827140549273021,0.7885714285714286,Not significant,-0.0742847589720502,0.442,0.48145902731512324,High-Low,Not significant,True
E01006408,Wigan,0.3096590909090909,0.4128440366972477,Not significant,0.02418272722594628,0.44,0.48101067378252166,Low-Low,Not significant,True
E01006409,Wigan,0.2573913043478261,0.6756756756756757,Not significant,0.7245839679314198,0.186,0.3743970767356882,High-High,Not significant,True
E01006411,Wigan,0.5119402985074627,0.19533527696793,Not significant,1.051490151269522,0.11,0.30743589743589744,Low-Low,Not significant,True
E01032556,Oldham,0.3546944858420268,0.6050420168067226,Not significant,0.021125192559056455,0.485,0.4977871939736347,High-High,Not significant,True
E01032557,Oldham,0.4705882352941176,0.425,Not significant,0.0758659738569739,0.351,0.44940093970242756,Low-Low,Not significant,True
E01032558,Oldham,0.4702290076335877,0.2305194805194805,Not significant,0.994972334897715,0.274,0.42747137404580154,Low-Low,Not significant,True
E01032559,Oldham,0.3320158102766798,0.3898809523809524,Not significant,0.06678525713782062,0.378,0.4616186252771619,Low-Low,Not significant,True
E01032684,Salford,0.8291139240506329,0.3167938931297709,Low-Low,1.8994735070923667,0.002,0.03516129032258065,Low-Low,Low-Low,True
E01032914,Salford,0.867595818815331,0.1305220883534136,Low-Low,4.0933865071051425,0.001,0.023695652173913045,Low-Low,Low-Low,True
E01032920,Oldham,0.45,0.3563941299790356,Not significant,-0.18804696258358478,0.32,0.43855825649622804,Low-High,Not significant,True
E01032922,Oldham,0.3158878504672897,0.5976331360946746,Not significant,0.19586320596290596,0.253,0.4198640483383686,High-High,Not significant,True
E01033217,Bolton,1.1253869969040249,0.1815680880330124,Not significant,0.4286393281994059,0.285,0.43010810810810807,Low-Low,Not significant,True
E01033218,Bolton,0.4124203821656051,0.1853281853281853,Not significant,0.8864836124313935,0.155,0.35246870653685675,Low-Low,Not significant,True
E01033219,Bolton,0.3160535117056856,0.3968253968253968,Not significant,0.4907013190464907,0.036,0.18745222929936303,Low-Low,Not significant,True
E01033220,Bolton,0.5681511470985156,0.2897862232779097,Not significant,0.857677618613042,0.016,0.1222429906542056,Low-Low,Not significant,True
E01033330,Salford,0.6723095525997581,0.2176258992805755,Low-Low,3.4832515314621855,0.001,0.023695652173913045,Low-Low,Low-Low,True
E01033653,Manchester,1.1423580786026202,0.2469418960244648,Low-Low,2.6648917973327344,0.001,0.023695652173913045,Low-Low,Low-Low,True
E01033655,Manchester,0.8805369127516779,0.0579268292682926,Low-Low,5.5335626369369555,0.003,0.04541666666666667,Low-Low,Low-Low,True
E01033660,Manchester,1.2183507549361208,0.1067683508102955,Low-Low,5.689717692570632,0.001,0.023695652173913045,Low-Low,Low-Low,True
E01033662,Manchester,1.0807453416149069,0.2270114942528735,Low-Low,2.735768070223486,0.023,0.14408045977011494,Low-Low,Not significant,False
E01033665,Manchester,0.6572052401746725,0.1129568106312292,Low-Low,4.8326610727941155,0.001,0.023695652173913045,Low-Low,Low-Low,True
E01033667,Manchester,1.231818181818182,0.2020295202952029,Low-Low,2.6013221518974476,0.038,0.18942073170731705,Low-Low,Not significant,False
E01033668,Manchester,0.6306913996627319,0.1524064171122994,Not significant,0.20254597139181343,0.392,0.46816654492330173,Low-Low,Not significant,True
E01033669,Manchester,0.6352395672333848,0.1824817518248175,Low-Low,1.9111593930292887,0.001,0.023695652173913045,Low-Low,Low-Low,True
E01033670,Manchester,0.5749039692701664,0.1870824053452116,Not significant,1.2909517459167266,0.1,0.2967332123411978,Low-Low,Not significant,True
E01033671,Manchester,0.6517533252720678,0.5176252319109462,Not significant,-0.09801636068653832,0.049,0.21421122994652408,High-Low,Not significant,True
E01033672,Manchester,0.8796095444685467,0.1171393341553637,Low-Low,4.40895736954135,0.001,0.023695652173913045,Low-Low,Low-Low,True
E01033673,Manchester,0.8074679113185531,0.1170520231213872,Low-Low,5.717272658894989,0.001,0.023695652173913045,Low-Low,Low-Low,True
E01033674,Manchester,0.6951951951951952,0.1814254859611231,Low-Low,4.173464135342476,0.001,0.023695652173913045,Low-Low,Low-Low,True
E01033675,Manchester,0.4637305699481865,0.1843575418994413,Low-Low,2.9841150894423834,0.002,0.03516129032258065,Low-Low,Low-Low,True
E01033676,Manchester,0.366120218579235,0.1977611940298507,Low-Low,2.026378835776771,0.001,0.023695652173913045,Low-Low,Low-Low,True
E01033677,Manchester,0.8407224958949097,0.1796875,Low-Low,3.053000795487268,0.007,0.07839041095890412,Low-Low,Not significant,False
E01033678,Manchester,0.4287878787878788,0.166077738515901,Not significant,2.1189622647109134,0.012,0.10272251308900524,Low-Low,Not significant,True
E01033679,Manchester,0.4079173838209983,0.1054852320675105,Low-Low,4.18134298309188,0.001,0.023695652173913045,Low-Low,Low-Low,True
E01033680,Manchester,0.6142433234421365,0.4009661835748792,Not significant,0.30158390726222606,0.125,0.31883775351014043,Low-Low,Not significant,True
E01033682,Manchester,0.7330677290836654,0.2101449275362318,Low-Low,3.584545237505645,0.003,0.04541666666666667,Low-Low,Low-Low,True
E01033684,Manchester,0.8683693516699411,0.1368778280542986,Low-Low,4.358903195162398,0.003,0.04541666666666667,Low-Low,Low-Low,True
E01033685,Manchester,0.4477848101265823,0.2120141342756183,Not significant,1.3719352566102363,0.064,0.2450585480093677,Low-Low,Not significant,True
E01033686,Manchester,0.631578947368421,0.4485294117647059,Not significant,0.17038659778422577,0.12,0.3134185303514377,Low-Low,Not significant,True
E01033687,Manchester,0.4036697247706422,0.25,Not significant,1.4023048834128893,0.01,0.09396551724137932,Low-Low,Not significant,True
E01033688,Manchester,0.5007132667617689,0.245014245014245,Low-Low,3.4775067248991354,0.001,0.023695652173913045,Low-Low,Low-Low,True
E01033947,Stockport,0.9310747663551402,0.439146800501882,Not significant,-0.026365864334645796,0.428,0.47984889187374075,Low-High,Not significant,True
E01033948,Stockport,0.4355400696864111,0.16,Not significant,0.853605139627788,0.182,0.3719625,Low-Low,Not significant,True
E01033949,Tameside,0.4534686971235194,0.126865671641791,Not significant,1.717510187501448,0.105,0.2996073298429319,Low-Low,Not significant,True
E01033950,Tameside,0.5395894428152492,0.1847826086956521,Not significant,0.9518805083343542,0.102,0.29806194690265486,Low-Low,Not significant,True
E01033976,Salford,0.4900990099009901,0.106060606060606,Not significant,0.0036992744102613204,0.495,0.4991369778869779,Low-Low,Not significant,True
E01033977,Salford,0.4721189591078067,0.3110236220472441,Not significant,1.181867787275384,0.013,0.1084438775510204,Low-Low,Not significant,True
E01033978,Salford,0.5246305418719212,0.2629107981220657,Not significant,1.3105509384296428,0.041,0.19716176470588234,Low-Low,Not significant,True
E01033979,Salford,0.5235042735042735,0.2448979591836734,Not significant,0.7717418164074293,0.036,0.18745222929936303,Low-Low,Not significant,True
E01033981,Salford,0.8941655359565808,0.3141122913505311,Low-Low,1.994730104192665,0.001,0.023695652173913045,Low-Low,Low-Low,True
E01033982,Salford,0.6394736842105263,0.4403292181069959,Not significant,0.36189398918128823,0.019,0.13332618025751072,Low-Low,Not significant,True
E01033983,Salford,0.840625,0.224907063197026,Not significant,1.034226434448149,0.071,0.2518112798264642,Low-Low,Not significant,True
E01033984,Salford,0.7570281124497992,0.1777188328912466,Low-Low,2.566897633700995,0.002,0.03516129032258065,Low-Low,Low-Low,True
E01033985,Salford,0.5729166666666666,0.0831168831168831,Low-Low,4.835609240754887,0.001,0.023695652173913045,Low-Low,Low-Low,True
E01033986,Salford,0.6621212121212121,0.0160183066361556,Low-Low,4.949763267823566,0.002,0.03516129032258065,Low-Low,Low-Low,True
E01033987,Salford,1.1460481099656357,0.0509745127436281,Low-Low,4.519206260385061,0.003,0.04541666666666667,Low-Low,Low-Low,True
E01033989,Salford,1.1932153392330382,0.245982694684796,Low-Low,2.705807243287705,0.001,0.023695652173913045,Low-Low,Low-Low,True
E01033991,Salford,1.220253164556962,0.1358921161825726,Low-Low,4.528005587986346,0.001,0.023695652173913045,Low-Low,Low-Low,True
E01033993,Salford,1.1121076233183858,0.0675403225806451,Low-Low,6.132573310860224,0.001,0.023695652173913045,Low-Low,Low-Low,True
E01033994,Salford,0.8824451410658307,0.0266429840142095,Low-Low,6.739343480822068,0.001,0.023695652173913045,Low-Low,Low-Low,True
E01033996,Salford,1.0552407932011332,0.0657718120805369,Low-Low,4.8324759500895995,0.001,0.023695652173913045,Low-Low,Low-Low,True
E01033998,Salford,1.143048128342246,0.0561403508771929,Low-Low,5.3092035500484505,0.001,0.023695652173913045,Low-Low,Low-Low,True
E01033999,Salford,0.7586206896551724,0.0652173913043478,Low-Low,-0.0,0.001,0.023695652173913045,Low-Low,Low-Low,True
E01034000,Trafford,1.2210386151797603,0.109051254089422,Low-Low,4.297909244574365,0.001,0.023695652173913045,Low-Low,Low-Low,True
E01034001,Trafford,0.5403329065300896,0.3459715639810427,Not significant,0.3503604212537214,0.175,0.36682692307692305,Low-Low,Not significant,True
E01034107,Manchester,0.5318791946308725,0.3596214511041009,Not significant,0.10445280701807425,0.368,0.45984374999999994,Low-Low,Not significant,True
E01034108,Manchester,0.4727503168567807,0.4128686327077748,Not significant,0.10043383901510229,0.279,0.42857742537313437,Low-Low,Not significant,True
E01034109,Manchester,0.3797169811320754,0.6459627329192547,Not significant,0.0967423186909834,0.415,0.47515756302521006,High-High,Not significant,True
E01034110,Manchester,0.5702479338842975,0.4094202898550724,Not significant,0.2618980413740898,0.16,0.35428667563930016,Low-Low,Not significant,True
E01034111,Manchester,0.6576576576576577,0.2191780821917808,Not significant,1.2913935663460419,0.052,0.22025906735751294,Low-Low,Not significant,True
E01034112,Manchester,0.7115646258503401,0.265774378585086,Not significant,0.3166836617867963,0.253,0.4198640483383686,Low-Low,Not significant,True
E01034113,Manchester,0.5929203539823009,0.2865671641791045,Low-Low,1.532153120975745,0.002,0.03516129032258065,Low-Low,Low-Low,True
E01034114,Manchester,0.6273972602739726,0.4235807860262008,Not significant,0.13632177272727983,0.223,0.3984754098360656,Low-Low,Not significant,True
E01034115,Manchester,0.5616113744075829,0.1139240506329113,Low-Low,4.389485508383066,0.001,0.023695652173913045,Low-Low,Low-Low,True
E01034116,Manchester,0.3325301204819277,0.0144927536231884,Low-Low,6.197783723631223,0.001,0.023695652173913045,Low-Low,Low-Low,True
E01034117,Manchester,1.1329113924050631,0.0986964618249534,Not significant,2.090171163229947,0.018,0.13022123893805307,Low-Low,Not significant,True
E01034118,Manchester,0.6973684210526315,0.2452830188679245,Low-Low,2.1774197902876145,0.003,0.04541666666666667,Low-Low,Low-Low,True
E01034119,Manchester,0.7058823529411765,0.3944444444444444,Low-Low,0.6934601721822397,0.001,0.023695652173913045,Low-Low,Low-Low,True
E01034120,Manchester,0.6470588235294118,0.3454545454545454,Not significant,0.019285061219796732,0.458,0.48783713355048863,Low-Low,Not significant,True
E01034121,Manchester,0.5688888888888889,0.20703125,Not significant,0.39671520754096673,0.311,0.435719794344473,Low-Low,Not significant,True
E01034122,Manchester,0.6140350877192983,0.4103896103896104,Not significant,0.3209485804031873,0.07,0.2515384615384616,Low-Low,Not significant,True
E01034123,Manchester,0.7570532915360502,0.2960662525879917,Not significant,1.0749633172202524,0.01,0.09396551724137932,Low-Low,Not significant,True
E01034124,Manchester,0.5985663082437276,0.3952095808383233,Not significant,0.3658693103914709,0.079,0.2646823770491803,Low-Low,Not significant,True
E01034125,Manchester,0.583941605839416,0.5,Not significant,-0.002516887963660713,0.444,0.4818377483443709,High-Low,Not significant,True
E01034126,Manchester,0.5808580858085809,0.3664772727272727,Not significant,-0.009966038086696317,0.488,0.498675,Low-High,Not significant,True
E01034127,Manchester,0.4761904761904761,0.6857142857142857,Not significant,-0.36466853626982765,0.264,0.4248425196850394,High-Low,Not significant,True
E01034128,Manchester,0.6659167604049494,0.6233108108108109,Not significant,0.487988659223739,0.018,0.13022123893805307,High-High,Not significant,True
E01034129,Manchester,0.9686028257456828,0.252836304700162,Low-Low,2.6470056896787297,0.001,0.023695652173913045,Low-Low,Low-Low,True
E01034130,Manchester,0.7327365728900256,0.1308900523560209,Low-Low,3.2374602564883004,0.034,0.18530000000000002,Low-Low,Not significant,False
E01034133,Manchester,0.8378684807256236,0.06765899864682,Low-Low,5.189798224239249,0.001,0.023695652173913045,Low-Low,Low-Low,True
E01034134,Manchester,0.844776119402985,0.2049469964664311,Low-Low,4.387350243563281,0.001,0.023695652173913045,Low-Low,Low-Low,True
E01034135,Manchester,1.1482059282371295,0.046195652173913,Low-Low,5.792481495887202,0.001,0.023695652173913045,Low-Low,Low-Low,True
E01034136,Manchester,0.9851485148514852,0.0753768844221105,Low-Low,5.380647255519366,0.001,0.023695652173913045,Low-Low,Low-Low,True
E01034137,Manchester,0.5142276422764228,0.8260869565217391,Not significant,1.1096128885689178,0.073,0.2534076433121019,High-High,Not significant,True
E01034138,Manchester,0.6291390728476821,0.6596491228070176,High-High,1.4382651015921675,0.001,0.023695652173913045,High-High,High-High,True
E01034232,Oldham,0.4480369515011547,0.2938144329896907,Not significant,0.15140593376499936,0.384,0.46335055350553506,Low-Low,Not significant,True
E01034233,Oldham,0.4593967517401392,0.4545454545454545,Not significant,0.13944996366305992,0.086,0.27409356725146194,Low-Low,Not significant,True
E01034234,Rochdale,0.4407894736842105,0.4825870646766169,Not significant,0.00933319831400385,0.375,0.4616186252771619,Low-Low,Not significant,True
E01034235,Rochdale,0.5042372881355932,0.4873949579831932,Not significant,0.007984261156410462,0.303,0.43524632670700086,Low-Low,Not significant,True
