lsoa21,lsoa21_name,lad24_name,below_c_rate,local_moran_i,local_p_sim,local_p_fdr,lisa_quadrant,lisa_cluster
E01004766,Bolton 005A,Bolton,0.5970873786407767,0.05543600973723421,0.414,0.4738458471760797,High-High,Not significant
E01004767,Bolton 005B,Bolton,0.4852216748768473,-0.009078764166707963,0.249,0.4090714285714286,Low-High,Not significant
E01004768,Bolton 001A,Bolton,0.6263736263736264,0.3599725306919666,0.132,0.31822096317280457,High-High,Not significant
E01004769,Bolton 003A,Bolton,0.6231884057971014,0.45875156120523686,0.079,0.2575823754789272,High-High,Not significant
E01004770,Bolton 003B,Bolton,0.7115384615384616,0.5408194773790294,0.192,0.37134545454545453,High-High,Not significant
E01004771,Bolton 003C,Bolton,0.7268722466960352,0.15686294841688955,0.432,0.4768249027237354,High-High,Not significant
E01004772,Bolton 005C,Bolton,0.2857142857142857,-0.6795787938784862,0.105,0.2962430213464696,Low-High,Not significant
E01004773,Bolton 003D,Bolton,0.4856396866840731,-0.013292571148276703,0.151,0.3395006605019815,Low-High,Not significant
E01004774,Bolton 005D,Bolton,0.4980694980694981,-0.008390261636591253,0.343,0.4449588414634147,High-Low,Not significant
E01004775,Bolton 014A,Bolton,0.1996753246753246,0.13221681799399673,0.378,0.46184924623115575,Low-Low,Not significant
E01004776,Bolton 031A,Bolton,0.4010840108401084,0.37910364475118574,0.018,0.13148497854077254,Low-Low,Not significant
E01004777,Bolton 004A,Bolton,0.3661616161616162,0.1673028730035738,0.255,0.41216524216524214,Low-Low,Not significant
E01004778,Bolton 009A,Bolton,0.5485714285714286,-0.18375475928915044,0.217,0.3904164904862579,High-Low,Not significant
E01004779,Bolton 007A,Bolton,0.4299065420560747,0.32484521200818733,0.07,0.2487265135699374,Low-Low,Not significant
E01004780,Bolton 009B,Bolton,0.4053333333333333,0.2028576431776472,0.129,0.31545689655172415,Low-Low,Not significant
E01004781,Bolton 007B,Bolton,0.2416,0.5691566363416017,0.121,0.31271686746987953,Low-Low,Not significant
E01004782,Bolton 009C,Bolton,0.3918918918918919,-0.1661195891979148,0.308,0.4321648804616653,Low-High,Not significant
E01004783,Bolton 009D,Bolton,0.5726872246696035,-0.18012683544638278,0.193,0.37225253664036073,High-Low,Not significant
E01004784,Bolton 006A,Bolton,0.6893939393939394,0.8461225453434194,0.066,0.24634210526315792,High-High,Not significant
E01004785,Bolton 006B,Bolton,0.5454545454545454,0.06520682324266114,0.307,0.43182975206611574,High-High,Not significant
E01004786,Bolton 006C,Bolton,0.4745762711864407,-0.007877348750480554,0.443,0.4817801916932907,Low-High,Not significant
E01004787,Bolton 013A,Bolton,0.3054545454545455,0.2824252856450436,0.347,0.4464051398337112,Low-Low,Not significant
E01004788,Bolton 002A,Bolton,0.6770186335403726,0.6993546589356376,0.076,0.252640625,High-High,Not significant
E01004789,Bolton 006D,Bolton,0.7184466019417476,0.9938159060474099,0.02,0.1406611570247934,High-High,Not significant
E01004790,Bolton 002B,Bolton,0.6506550218340611,0.3885309347224593,0.173,0.36128343558282205,High-High,Not significant
E01004791,Bolton 006E,Bolton,0.5974025974025974,0.676170188819597,0.001,0.016686274509803922,High-High,High-High
E01004792,Bolton 006F,Bolton,0.8407960199004975,1.8583260754929665,0.019,0.13702542372881357,High-High,Not significant
E01004793,Bolton 013B,Bolton,0.3488372093023256,0.2268177311792361,0.257,0.4132297674418605,Low-Low,Not significant
E01004794,Bolton 013C,Bolton,0.4251207729468599,0.04186716384410075,0.369,0.4569956458635704,Low-Low,Not significant
E01004795,Bolton 013D,Bolton,0.4491525423728814,-0.07187197963946115,0.249,0.4090714285714286,Low-High,Not significant
E01004796,Bolton 019A,Bolton,0.5311355311355311,-0.04979265789154393,0.285,0.42365481352992196,High-Low,Not significant
E01004797,Bolton 013E,Bolton,0.5,-0.004572580028302136,0.385,0.46374380750176925,High-Low,Not significant
E01004798,Bolton 019B,Bolton,0.5815899581589958,0.019717381403885032,0.481,0.493274251497006,High-High,Not significant
E01004799,Bolton 019C,Bolton,0.6435643564356436,0.3898585930434363,0.299,0.42836531986531984,High-High,Not significant
E01004800,Bolton 019D,Bolton,0.5486111111111112,0.054010993442180015,0.393,0.4651502086230877,High-High,Not significant
E01004801,Bolton 019E,Bolton,0.3381642512077294,-0.03434706414429257,0.496,0.4977547169811321,Low-High,Not significant
E01004802,Bolton 010A,Bolton,0.404,0.11595777171826543,0.277,0.42131724754244865,Low-Low,Not significant
E01004803,Bolton 001B,Bolton,0.5855513307984791,0.17595611867004196,0.283,0.42365481352992196,High-High,Not significant
E01004804,Bolton 001C,Bolton,0.645320197044335,0.4789363478322375,0.195,0.37291011235955057,High-High,Not significant
E01004805,Bolton 002C,Bolton,0.453125,-0.10825221833084903,0.146,0.336254397834912,Low-High,Not significant
E01004806,Bolton 002D,Bolton,0.5800711743772242,0.3639643330010701,0.026,0.1591798561151079,High-High,Not significant
E01004807,Bolton 001D,Bolton,0.3774509803921568,-0.11756009871807817,0.393,0.4651502086230877,Low-High,Not significant
E01004808,Bolton 001E,Bolton,0.5309734513274337,0.13014667271469688,0.068,0.2487265135699374,High-High,Not significant
E01004809,Bolton 003E,Bolton,0.5145118733509235,0.017644518461122166,0.416,0.4738458471760797,High-High,Not significant
E01004810,Bolton 002E,Bolton,0.6363636363636364,0.37745159120018473,0.176,0.36397569866342644,High-High,Not significant
E01004811,Bolton 022A,Bolton,0.5152354570637119,-0.01839474712099894,0.35,0.44769448584202676,High-Low,Not significant
E01004812,Bolton 022B,Bolton,0.3611793611793611,-0.13445444464399278,0.341,0.44405661820964043,Low-High,Not significant
E01004813,Bolton 022C,Bolton,0.6035242290748899,0.3244169498810239,0.124,0.31312759643916915,High-High,Not significant
E01004814,Bolton 027A,Bolton,0.5698529411764706,0.04397199042612794,0.428,0.4761150326797386,High-High,Not significant
E01004815,Bolton 022D,Bolton,0.6067961165048543,0.21593367958252271,0.28,0.42248226950354617,High-High,Not significant
E01004816,Bolton 029A,Bolton,0.7005649717514124,0.6079062371597929,0.14,0.3282093663911846,High-High,Not significant
E01004817,Bolton 022E,Bolton,0.3840304182509506,0.4345900306179158,0.041,0.1999484240687679,Low-Low,Not significant
E01004818,Bolton 017A,Bolton,0.4514672686230248,0.09694504915346684,0.187,0.3703425925925926,Low-Low,Not significant
E01004819,Bolton 017B,Bolton,0.5034965034965035,-0.03847532550299286,0.108,0.29937459283387624,High-Low,Not significant
E01004820,Bolton 011A,Bolton,0.5106382978723404,-0.04704178749945032,0.19,0.37134545454545453,High-Low,Not significant
E01004822,Bolton 016B,Bolton,0.4045801526717557,0.2564897738003633,0.119,0.30969113149847094,Low-Low,Not significant
E01004823,Bolton 016C,Bolton,0.1750405186385737,1.3591316896077408,0.057,0.22989099526066353,Low-Low,Not significant
E01004824,Bolton 005E,Bolton,0.6982248520710059,-0.7513220225293903,0.085,0.2644789762340037,High-Low,Not significant
E01004825,Bolton 011B,Bolton,0.5046296296296297,0.02107545333323023,0.283,0.42365481352992196,High-High,Not significant
E01004826,Bolton 011C,Bolton,0.5220338983050847,-0.0007851340811211825,0.462,0.48809683426443207,High-Low,Not significant
E01004827,Bolton 021A,Bolton,0.5060240963855421,0.015520681530892486,0.36,0.4515254237288136,High-High,Not significant
E01004828,Bolton 023A,Bolton,0.5240174672489083,-0.0009452381757744553,0.462,0.48809683426443207,High-Low,Not significant
E01004829,Bolton 023B,Bolton,0.6966292134831461,0.46844272523289576,0.213,0.38772834224598934,High-High,Not significant
E01004830,Bolton 026A,Bolton,0.4805970149253731,-0.02086528630921104,0.225,0.3964285714285714,Low-High,Not significant
E01004831,Bolton 026B,Bolton,0.6906474820143885,-0.14526445365359478,0.352,0.44769448584202676,High-Low,Not significant
E01004832,Bolton 023C,Bolton,0.5555555555555556,0.24279775802279813,0.073,0.2498968253968254,High-High,Not significant
E01004833,Bolton 026C,Bolton,0.59375,0.060471034061691555,0.391,0.4651502086230877,High-High,Not significant
E01004834,Bolton 018A,Bolton,0.6130268199233716,-0.19764255885141263,0.296,0.42693749999999997,High-Low,Not significant
E01004835,Bolton 020A,Bolton,0.5297297297297298,0.007089516168685848,0.492,0.4954934911242604,High-High,Not significant
E01004836,Bolton 020B,Bolton,0.7014218009478673,-0.0760588379977181,0.429,0.4766044386422977,High-Low,Not significant
E01004837,Bolton 020C,Bolton,0.5662650602409639,0.15243452851235234,0.186,0.370259649122807,High-High,Not significant
E01004838,Bolton 018B,Bolton,0.5968992248062015,0.16324500572867334,0.246,0.40854616132167154,High-High,Not significant
E01004839,Bolton 026D,Bolton,0.229802513464991,-0.5387265460321785,0.139,0.32631448275862074,Low-High,Not significant
E01004840,Bolton 012A,Bolton,0.4615384615384615,-0.09399312720928442,0.047,0.2094083769633508,Low-High,Not significant
E01004841,Bolton 012B,Bolton,0.3659793814432989,-0.63208824448474,0.06,0.23584295612009235,Low-High,Not significant
E01004842,Bolton 012C,Bolton,0.5714285714285714,0.33286861125797246,0.074,0.2498968253968254,High-High,Not significant
E01004843,Bolton 018C,Bolton,0.532520325203252,0.10372129514422537,0.142,0.3306210670314637,High-High,Not significant
E01004844,Bolton 020D,Bolton,0.5441176470588235,-0.017745508759576856,0.417,0.4738458471760797,High-Low,Not significant
E01004845,Bolton 018D,Bolton,0.4191616766467065,-0.23140963080086738,0.06,0.23584295612009235,Low-High,Not significant
E01004846,Bolton 025A,Bolton,0.5450643776824035,-0.07742641108427316,0.278,0.4213321460373999,High-Low,Not significant
E01004847,Bolton 025B,Bolton,0.4695652173913043,0.007332496954746189,0.414,0.4738458471760797,Low-Low,Not significant
E01004848,Bolton 016D,Bolton,0.3137755102040816,0.11484895099337572,0.35,0.44769448584202676,Low-Low,Not significant
E01004849,Bolton 021B,Bolton,0.6972972972972973,-0.44293108845355855,0.202,0.38031415929203544,High-Low,Not significant
E01004850,Bolton 021C,Bolton,0.6254681647940075,0.32210957913940974,0.176,0.36397569866342644,High-High,Not significant
E01004851,Bolton 021D,Bolton,0.3991935483870967,-0.26607573451388017,0.121,0.31271686746987953,Low-High,Not significant
E01004852,Bolton 025C,Bolton,0.5873015873015873,-0.07925486659129145,0.367,0.45660380116959065,High-Low,Not significant
E01004853,Bolton 021E,Bolton,0.5384615384615384,0.1339726156626245,0.127,0.31417732558139533,High-High,Not significant
E01004854,Bolton 023D,Bolton,0.6866666666666666,0.33977519894979236,0.241,0.4053181818181818,High-High,Not significant
E01004855,Bolton 027B,Bolton,0.5936254980079682,-0.0019357742631569393,0.478,0.493274251497006,High-Low,Not significant
E01004856,Bolton 027C,Bolton,0.329512893982808,-0.2779227670762739,0.264,0.4148919667590028,Low-High,Not significant
E01004857,Bolton 027D,Bolton,0.4646840148698885,0.03092645100261494,0.287,0.42365481352992196,Low-Low,Not significant
E01004858,Bolton 032A,Bolton,0.4230769230769231,0.13498218291629827,0.22,0.39249475890985325,Low-Low,Not significant
E01004859,Bolton 032B,Bolton,0.3740053050397878,0.1962373878749057,0.249,0.4090714285714286,Low-Low,Not significant
E01004860,Bolton 032C,Bolton,0.4538461538461538,0.11075717919686995,0.115,0.3063067292644758,Low-Low,Not significant
E01004861,Bolton 033A,Bolton,0.2861952861952861,0.8773306430970003,0.035,0.18329230769230773,Low-Low,Not significant
E01004862,Bolton 033B,Bolton,0.3453237410071942,0.28732906401333663,0.22,0.39249475890985325,Low-Low,Not significant
E01004863,Bolton 033C,Bolton,0.4320987654320987,0.3141859865371044,0.026,0.1591798561151079,Low-Low,Not significant
E01004864,Bolton 008A,Bolton,0.5875,0.33616567301142913,0.085,0.2644789762340037,High-High,Not significant
E01004865,Bolton 011D,Bolton,0.4622093023255814,-0.08892266501072169,0.142,0.3306210670314637,Low-High,Not significant
E01004866,Bolton 011E,Bolton,0.2542857142857143,-0.00804707943943577,0.481,0.493274251497006,Low-High,Not significant
E01004867,Bolton 008B,Bolton,0.6135458167330677,0.023619215798573352,0.481,0.493274251497006,High-High,Not significant
E01004868,Bolton 015A,Bolton,0.5822784810126582,0.15679594888538154,0.284,0.42365481352992196,High-High,Not significant
E01004869,Bolton 015B,Bolton,0.515274949083503,0.025350568696133224,0.374,0.4589387166546503,High-High,Not significant
E01004870,Bolton 015C,Bolton,0.7037037037037037,-0.7196223163536739,0.076,0.252640625,High-Low,Not significant
E01004871,Bolton 015D,Bolton,0.625,0.2139239409266713,0.276,0.42054789615040294,High-High,Not significant
E01004872,Bolton 029B,Bolton,0.5755102040816327,-0.2690452838992993,0.102,0.2907939698492462,High-Low,Not significant
E01004873,Bolton 029C,Bolton,0.478021978021978,-0.0233396642940682,0.286,0.42365481352992196,Low-High,Not significant
E01004874,Bolton 033D,Bolton,0.4434389140271493,0.11500619893186578,0.176,0.36397569866342644,Low-Low,Not significant
E01004875,Bolton 029D,Bolton,0.5313807531380753,-0.020948086739697912,0.381,0.46275017793594303,High-Low,Not significant
E01004876,Bolton 033E,Bolton,0.3503649635036496,0.7158556190356475,0.037,0.18968072289156626,Low-Low,Not significant
E01004877,Bolton 025D,Bolton,0.3473282442748092,-0.22452349390509216,0.283,0.42365481352992196,Low-High,Not significant
E01004878,Bolton 023E,Bolton,0.543010752688172,0.07074545731846416,0.339,0.44280736761320033,High-High,Not significant
E01004879,Bolton 025E,Bolton,0.3459715639810427,-0.2448026609781355,0.291,0.42623235800344234,Low-High,Not significant
E01004880,Bolton 029E,Bolton,0.7340425531914894,-0.024059792320285444,0.454,0.4847603513174404,High-Low,Not significant
E01004881,Bolton 004B,Bolton,0.4092219020172911,-0.03446913414280209,0.461,0.4876457426973276,Low-High,Not significant
E01004882,Bolton 007C,Bolton,0.537117903930131,-0.058207961772954335,0.301,0.42903993344425956,High-Low,Not significant
E01004883,Bolton 007D,Bolton,0.3810888252148997,0.08282425565751596,0.368,0.45684609773887674,Low-Low,Not significant
E01004884,Bolton 007E,Bolton,0.6275303643724697,0.05000702338684524,0.461,0.4876457426973276,High-High,Not significant
E01004885,Bolton 014B,Bolton,0.5666666666666667,-0.2009031756956213,0.137,0.32340360610263524,High-Low,Not significant
E01004886,Bolton 014C,Bolton,0.5297805642633229,-0.19595050574267228,0.075,0.25029411764705883,High-Low,Not significant
E01004887,Bolton 014D,Bolton,0.4108108108108108,0.06055060066816698,0.368,0.45684609773887674,Low-Low,Not significant
E01004888,Bolton 004C,Bolton,0.3951612903225806,-0.3295091656726537,0.155,0.3426103896103896,Low-High,Not significant
E01004889,Bolton 004D,Bolton,0.4875,0.004327285447504431,0.32,0.435712,Low-Low,Not significant
E01004890,Bolton 004E,Bolton,0.65625,-0.11810094329051285,0.351,0.44769448584202676,High-Low,Not significant
E01004891,Bolton 028A,Bolton,0.4351851851851852,0.2044577418629106,0.073,0.2498968253968254,Low-Low,Not significant
E01004892,Bolton 030A,Bolton,0.6511627906976745,0.03476863734076557,0.472,0.4916425948592411,High-High,Not significant
E01004893,Bolton 028B,Bolton,0.4768211920529801,0.05375332811368642,0.066,0.24634210526315792,Low-Low,Not significant
E01004894,Bolton 028C,Bolton,0.3,0.4806172989265099,0.166,0.35440648379052375,Low-Low,Not significant
E01004895,Bolton 031B,Bolton,0.4583333333333333,0.06489536374468403,0.194,0.37225253664036073,Low-Low,Not significant
E01004896,Bolton 030B,Bolton,0.8402777777777778,1.4015347397181026,0.055,0.22776155717761556,High-High,Not significant
E01004897,Bolton 020E,Bolton,0.6130952380952381,-0.23795104818091803,0.197,0.3742120535714286,High-Low,Not significant
E01004899,Bolton 030C,Bolton,0.3716475095785441,0.08948408439061312,0.345,0.446193009118541,Low-Low,Not significant
E01004900,Bolton 030D,Bolton,0.4935064935064935,-0.004957484736023227,0.25,0.4095283926852743,High-Low,Not significant
E01004901,Bolton 028E,Bolton,0.4682926829268293,0.10382187505744038,0.055,0.22776155717761556,Low-Low,Not significant
E01004902,Bolton 032D,Bolton,0.3922077922077922,0.21892155615582495,0.172,0.3609667077681874,Low-Low,Not significant
E01004903,Bolton 034A,Bolton,0.5443037974683544,0.049795184987707915,0.382,0.46275017793594303,High-High,Not significant
E01004904,Bolton 034B,Bolton,0.4826086956521739,-0.02642580141133842,0.09,0.27353571428571427,Low-High,Not significant
E01004905,Bolton 034C,Bolton,0.568,-0.017996213987586704,0.437,0.4780038560411311,High-Low,Not significant
E01004906,Bolton 032E,Bolton,0.3090452261306532,-0.33439329924613675,0.227,0.39690224032586563,Low-High,Not significant
E01004907,Bolton 034D,Bolton,0.5123456790123457,0.06883401458876935,0.177,0.364273276904474,High-High,Not significant
E01004908,Bolton 034E,Bolton,0.7852760736196319,-0.860285118362985,0.056,0.22856594724220622,High-Low,Not significant
E01004909,Bolton 034F,Bolton,0.401673640167364,-0.34443942857059956,0.093,0.27769473684210527,Low-High,Not significant
E01004910,Bolton 034G,Bolton,0.3535353535353535,-0.2978461862737967,0.207,0.38462227074235805,Low-High,Not significant
E01004911,Bolton 024A,Bolton,0.3526170798898072,-0.26946441792279574,0.23,0.39701825557809334,Low-High,Not significant
E01004912,Bolton 024B,Bolton,0.6060606060606061,0.09157313508253598,0.41,0.4734192672998643,High-High,Not significant
E01004913,Bolton 024C,Bolton,0.4223107569721115,-0.0388406585029265,0.435,0.4770425257731959,Low-High,Not significant
E01004914,Bolton 024D,Bolton,0.581081081081081,0.1692438483814119,0.274,0.4205300988319856,High-High,Not significant
E01004915,Bolton 024E,Bolton,0.7430555555555556,-0.04196036167700164,0.445,0.4821254752851711,High-Low,Not significant
E01004916,Bolton 024F,Bolton,0.5139442231075697,0.050287204018389486,0.228,0.39690224032586563,High-High,Not significant
E01004917,Bolton 019F,Bolton,0.3674121405750798,-0.030824817066552806,0.469,0.4916425948592411,Low-High,Not significant
E01004918,Bolton 024G,Bolton,0.631578947368421,-0.518702370656424,0.101,0.29037500000000005,High-Low,Not significant
E01004919,Bolton 012D,Bolton,0.7878787878787878,0.8171840669324041,0.109,0.300677471636953,High-High,Not significant
E01004920,Bolton 012E,Bolton,0.6621621621621622,0.3286442758111349,0.266,0.4164967801287949,High-High,Not significant
E01004921,Bolton 008C,Bolton,0.6853146853146853,0.8251307134904564,0.069,0.2487265135699374,High-High,Not significant
E01004922,Bolton 015E,Bolton,0.4537037037037037,-0.11544916968252263,0.073,0.2498968253968254,Low-High,Not significant
E01004923,Bolton 018E,Bolton,0.6125827814569537,-0.02555895676491558,0.47,0.4916425948592411,High-Low,Not significant
E01004924,Bolton 008D,Bolton,0.6052631578947368,0.5254094825576584,0.011,0.09650515463917525,High-High,Not significant
E01004925,Bolton 008E,Bolton,0.6819923371647509,0.8649789510039555,0.03,0.1685148514851485,High-High,Not significant
E01004926,Bolton 010B,Bolton,0.474025974025974,-0.00831518177726787,0.45,0.48291298865069354,Low-High,Not significant
E01004927,Bolton 010C,Bolton,0.2468468468468468,0.5229901756657569,0.172,0.3609667077681874,Low-Low,Not significant
E01004928,Bolton 017C,Bolton,0.547683923705722,-0.16015022670766244,0.142,0.3306210670314637,High-Low,Not significant
E01004929,Bolton 010D,Bolton,0.2222222222222222,0.15943018626491962,0.366,0.4563604395604396,Low-Low,Not significant
E01004930,Bolton 017D,Bolton,0.7456647398843931,-0.6165996729109376,0.154,0.342177545691906,High-Low,Not significant
E01004931,Bolton 017E,Bolton,0.3574007220216607,0.04777357365822095,0.406,0.4720027322404372,Low-Low,Not significant
E01004932,Bolton 017F,Bolton,0.5045045045045045,-0.0366277454396165,0.127,0.31417732558139533,High-Low,Not significant
E01004933,Bolton 035A,Bolton,0.4777777777777778,0.04730159383516996,0.079,0.2575823754789272,Low-Low,Not significant
E01004934,Bolton 035B,Bolton,0.2804232804232804,-0.12777133922384296,0.421,0.4745311258278146,Low-High,Not significant
E01004935,Bolton 035C,Bolton,0.4738805970149253,0.04746272443964506,0.127,0.31417732558139533,Low-Low,Not significant
E01004936,Bolton 031C,Bolton,0.2875354107648725,0.7136261580102878,0.093,0.27769473684210527,Low-Low,Not significant
E01004937,Bolton 035D,Bolton,0.4354066985645933,0.11335007182393064,0.182,0.3687666666666667,Low-Low,Not significant
E01004938,Bolton 031D,Bolton,0.4485981308411215,0.09603615979665835,0.202,0.38031415929203544,Low-Low,Not significant
E01004939,Bolton 031E,Bolton,0.3408239700374532,0.2768994887991023,0.23,0.39701825557809334,Low-Low,Not significant
E01004940,Bolton 035E,Bolton,0.6166666666666667,-0.3684799767381788,0.119,0.30969113149847094,High-Low,Not significant
E01004941,Bury 021A,Bury,0.3797909407665505,-0.21693285108197902,0.213,0.38772834224598934,Low-High,Not significant
E01004942,Bury 021B,Bury,0.4868804664723032,-0.0071496498924983895,0.263,0.41446851851851857,Low-High,Not significant
E01004943,Bury 021C,Bury,0.5722543352601156,0.1595099634610069,0.197,0.3742120535714286,High-High,Not significant
E01004944,Bury 021D,Bury,0.5701357466063348,-0.03139378044808503,0.436,0.4775238095238095,High-Low,Not significant
E01004945,Bury 017A,Bury,0.6538461538461539,0.009843485768567943,0.5,0.5,High-High,Not significant
E01004946,Bury 021E,Bury,0.1992753623188405,-0.25920512501473286,0.46,0.4876457426973276,Low-High,Not significant
E01004947,Bury 009A,Bury,0.6237942122186495,0.2471513984664592,0.309,0.4328543209876543,High-High,Not significant
E01004948,Bury 009B,Bury,0.5575,0.011703531830349225,0.485,0.49340705319784817,High-High,Not significant
E01004949,Bury 010A,Bury,0.7,0.816789747297616,0.061,0.23703652968036532,High-High,Not significant
E01004950,Bury 010B,Bury,0.488235294117647,-0.011981232343150957,0.027,0.16238162544169613,Low-High,Not significant
E01004951,Bury 010C,Bury,0.7587939698492462,0.7768418766294656,0.116,0.30800624024961,High-High,Not significant
E01004952,Bury 010D,Bury,0.8089171974522293,0.9369725628854566,0.157,0.3439047619047619,High-High,Not significant
E01004953,Bury 010E,Bury,0.5133689839572193,0.08123544336918312,0.052,0.22125999999999998,High-High,Not significant
E01004954,Bury 007A,Bury,0.5601659751037344,0.08005189922921699,0.331,0.4384140077821012,High-High,Not significant
E01004955,Bury 007B,Bury,0.5068493150684932,0.013927813848232112,0.412,0.4738458471760797,High-High,Not significant
E01004956,Bury 007C,Bury,0.5115606936416185,0.04223586313686909,0.186,0.370259649122807,High-High,Not significant
E01004957,Bury 007D,Bury,0.5632754342431762,0.06721427659054373,0.374,0.4589387166546503,High-High,Not significant
E01004958,Bury 008A,Bury,0.5331230283911672,0.023802187703417688,0.444,0.4821254752851711,High-High,Not significant
E01004959,Bury 008B,Bury,0.617363344051447,-0.10882523768311157,0.346,0.4464051398337112,High-Low,Not significant
E01004960,Bury 007E,Bury,0.4268537074148296,-0.12800265573952216,0.215,0.3892872340425532,Low-High,Not significant
E01004961,Bury 005A,Bury,0.7744360902255639,0.7831522816759424,0.204,0.38196699669966994,High-High,Not significant
E01004962,Bury 009C,Bury,0.5214723926380368,0.07390791825258582,0.212,0.38715021459227467,High-High,Not significant
E01004963,Bury 006A,Bury,0.4518272425249169,-0.13053597607143383,0.071,0.2498968253968254,Low-High,Not significant
E01004964,Bury 009D,Bury,0.5641711229946524,0.2573699782019389,0.04,0.19790697674418603,High-High,Not significant
E01004965,Bury 005B,Bury,0.5632911392405063,0.31078840730091895,0.049,0.21494329896907216,High-High,Not significant
E01004966,Bury 005C,Bury,0.5446428571428571,0.21957448808619784,0.032,0.1762588996763754,High-High,Not significant
E01004967,Bury 005D,Bury,0.6086956521739131,0.576821279354642,0.008,0.07780571428571428,High-High,Not significant
E01004968,Bury 006B,Bury,0.7169811320754716,0.43354397864256483,0.227,0.39690224032586563,High-High,Not significant
E01004969,Bury 022A,Bury,0.6903914590747331,-0.3751482000632861,0.176,0.36397569866342644,High-Low,Not significant
E01004970,Bury 022B,Bury,0.6595744680851063,0.46223925444794917,0.124,0.31312759643916915,High-High,Not significant
E01004971,Bury 022C,Bury,0.7073170731707317,0.5745476318893368,0.191,0.37134545454545453,High-High,Not significant
E01004972,Bury 023A,Bury,0.5171232876712328,0.14877587178514404,0.007,0.07264634146341463,High-High,Not significant
E01004973,Bury 023B,Bury,0.6396761133603239,0.4772923825397837,0.109,0.300677471636953,High-High,Not significant
E01004974,Bury 024A,Bury,0.7538461538461538,0.12406599851909435,0.461,0.4876457426973276,High-High,Not significant
E01004975,Bury 023C,Bury,0.5028248587570622,0.025249499380446565,0.199,0.37633111111111117,High-High,Not significant
E01004976,Bury 004A,Bury,0.6408450704225352,0.5413726184692493,0.084,0.2637785977859779,High-High,Not significant
E01004977,Bury 004B,Bury,0.4246153846153846,-0.25212853208023434,0.069,0.2487265135699374,Low-High,Not significant
E01004978,Bury 004C,Bury,0.7195121951219512,0.5687270875136803,0.156,0.34348253557567915,High-High,Not significant
E01004979,Bury 008C,Bury,0.5403726708074534,0.16129216090352425,0.063,0.2404170403587444,High-High,Not significant
E01004980,Bury 008D,Bury,0.6528301886792452,0.19896662803042786,0.351,0.44769448584202676,High-High,Not significant
E01004981,Bury 004D,Bury,0.6624472573839663,0.31314670568088,0.269,0.41849908592321755,High-High,Not significant
E01004982,Bury 004E,Bury,0.4693877551020408,-0.03138666366789771,0.353,0.44769448584202676,Low-High,Not significant
E01004983,Bury 020A,Bury,0.5805084745762712,0.10162335689401085,0.385,0.46374380750176925,High-High,Not significant
E01004984,Bury 019A,Bury,0.6071428571428571,0.17809034313419494,0.328,0.43746718749999997,High-High,Not significant
E01004985,Bury 019B,Bury,0.6084656084656085,0.22476560913340993,0.205,0.382157721796276,High-High,Not significant
E01004986,Bury 020B,Bury,0.4767726161369193,-0.04600671817830969,0.061,0.23703652968036532,Low-High,Not significant
E01004987,Bury 020C,Bury,0.3575418994413408,-1.0216018370873017,0.003,0.04020472440944882,Low-High,Low-High
E01004988,Bury 020D,Bury,0.5856573705179283,0.30194931158327737,0.083,0.26306517690875236,High-High,Not significant
E01004989,Bury 019C,Bury,0.6548223350253807,0.5340918895668643,0.096,0.2826851211072664,High-High,Not significant
E01004990,Bury 016A,Bury,0.5853658536585366,-0.09340983696746072,0.323,0.4358944050433412,High-Low,Not significant
E01004991,Bury 015A,Bury,0.2964824120603015,0.08541087474383169,0.388,0.46505352112676057,Low-Low,Not significant
E01004992,Bury 015B,Bury,0.6305970149253731,0.07553340372609224,0.448,0.48259240506329115,High-High,Not significant
E01004993,Bury 015C,Bury,0.4173441734417344,-0.1485509515330339,0.261,0.4132297674418605,Low-High,Not significant
E01004994,Bury 015D,Bury,0.3867595818815331,0.045828745199211596,0.388,0.46505352112676057,Low-Low,Not significant
E01004995,Bury 018A,Bury,0.5705521472392638,0.10310322699941363,0.3,0.42871536523929465,High-High,Not significant
E01004996,Bury 016B,Bury,0.4407713498622589,0.06218297375894192,0.296,0.42693749999999997,Low-Low,Not significant
E01004997,Bury 014A,Bury,0.5694444444444444,-0.1178352732664198,0.266,0.4164967801287949,High-Low,Not significant
E01004998,Bury 014B,Bury,0.4763636363636364,-0.02223508267065216,0.323,0.4358944050433412,Low-High,Not significant
E01004999,Bury 014C,Bury,0.5120481927710844,0.003494223474230806,0.492,0.4954934911242604,High-High,Not significant
E01005000,Bury 012A,Bury,0.6040268456375839,0.192860566481502,0.244,0.40714509803921567,High-High,Not significant
E01005001,Bury 012B,Bury,0.3949579831932773,-0.10957112370508663,0.344,0.4455768645357686,Low-High,Not significant
E01005002,Bury 014D,Bury,0.5654450261780105,0.13594573100422405,0.232,0.3988525252525253,High-High,Not significant
E01005003,Bury 014E,Bury,0.5637982195845698,0.001176447661218316,0.463,0.48824411400247836,High-High,Not significant
E01005004,Bury 016C,Bury,0.3347107438016529,-0.29116194704658666,0.261,0.4132297674418605,Low-High,Not significant
E01005005,Bury 012C,Bury,0.673469387755102,0.4387443291854702,0.127,0.31417732558139533,High-High,Not significant
E01005006,Bury 012D,Bury,0.3585858585858585,-0.5482834642275692,0.027,0.16238162544169613,Low-High,Not significant
E01005007,Bury 019D,Bury,0.7159533073929961,0.7461940359059963,0.05,0.21653944020356236,High-High,Not significant
E01005008,Bury 016D,Bury,0.4008528784648187,-0.1097259516166884,0.329,0.43746718749999997,Low-High,Not significant
E01005009,Bury 016E,Bury,0.4988558352402746,0.01122429757169722,0.275,0.4205300988319856,High-High,Not significant
E01005010,Bury 018B,Bury,0.675392670157068,0.22475835167050642,0.283,0.42365481352992196,High-High,Not significant
E01005011,Bury 019E,Bury,0.7253886010362695,0.723531395422236,0.126,0.31417732558139533,High-High,Not significant
E01005012,Bury 018C,Bury,0.4020618556701031,-0.33829558156795514,0.06,0.23584295612009235,Low-High,Not significant
E01005013,Bury 018D,Bury,0.5111561866125761,0.03811922962959054,0.275,0.4205300988319856,High-High,Not significant
E01005014,Bury 001A,Bury,0.5510204081632653,0.26101159475504726,0.067,0.2479,High-High,Not significant
E01005015,Bury 001B,Bury,0.5607476635514018,0.15705186615702493,0.265,0.416079335793358,High-High,Not significant
E01005016,Bury 001C,Bury,0.6836363636363636,0.532936603223712,0.188,0.3703425925925926,High-High,Not significant
E01005017,Bury 001D,Bury,0.4962686567164179,0.01792981126523783,0.06,0.23584295612009235,High-High,Not significant
E01005018,Bury 001E,Bury,0.5094339622641509,0.097473215772975,0.026,0.1591798561151079,High-High,Not significant
E01005019,Bury 002A,Bury,0.6727272727272727,0.5925227757902914,0.062,0.2387420814479638,High-High,Not significant
E01005020,Bury 003A,Bury,0.5454545454545454,0.1987503534394737,0.143,0.3315885558583106,High-High,Not significant
E01005021,Bury 001F,Bury,0.7280701754385965,0.9632901252877655,0.046,0.20933689839572192,High-High,Not significant
E01005022,Bury 003B,Bury,0.6218487394957983,0.44053155399394056,0.037,0.18968072289156626,High-High,Not significant
E01005023,Bury 002B,Bury,0.5526315789473685,0.2898798127376932,0.074,0.2498968253968254,High-High,Not significant
E01005024,Bury 008E,Bury,0.3290322580645161,-0.0682616116155465,0.456,0.4859812147777082,Low-High,Not significant
E01005025,Bury 011A,Bury,0.5197132616487455,-0.021597618009315075,0.376,0.4603971223021583,High-Low,Not significant
E01005026,Bury 008F,Bury,0.4261603375527426,0.2759587758057696,0.123,0.3129237668161435,Low-Low,Not significant
E01005027,Bury 011B,Bury,0.4807692307692308,-0.0009657677269263418,0.483,0.493274251497006,Low-High,Not significant
E01005028,Bury 011C,Bury,0.2971576227390181,0.1494652286190715,0.34,0.4437730061349694,Low-Low,Not significant
E01005029,Bury 011D,Bury,0.648854961832061,-0.4064398263203025,0.18,0.36558472553699284,High-Low,Not significant
E01005030,Bury 013A,Bury,0.2904761904761905,0.22035617511152028,0.313,0.43449430894308944,Low-Low,Not significant
E01005031,Bury 025A,Bury,0.4187725631768953,-0.12344488708181565,0.298,0.4272923336141533,Low-High,Not significant
E01005032,Bury 025B,Bury,0.2766497461928934,0.24088093210771724,0.285,0.42365481352992196,Low-Low,Not significant
E01005033,Bury 024B,Bury,0.5,0.007690287777144717,0.373,0.4589387166546503,High-High,Not significant
E01005034,Bury 022D,Bury,0.5230263157894737,0.09033106325343973,0.099,0.28656122448979593,High-High,Not significant
E01005035,Bury 025C,Bury,0.6352459016393442,-0.21439909864772422,0.209,0.38539328277356444,High-Low,Not significant
E01005036,Bury 024C,Bury,0.3413078149920255,-0.5091915110203815,0.059,0.23572300469483567,Low-High,Not significant
E01005037,Bury 024D,Bury,0.6826086956521739,-0.0030366202070736584,0.469,0.4916425948592411,High-Low,Not significant
E01005038,Bury 025D,Bury,0.5673758865248227,-0.12460839901647375,0.255,0.41216524216524214,High-Low,Not significant
E01005039,Bury 023D,Bury,0.5493827160493827,0.23895767536550577,0.046,0.20933689839572192,High-High,Not significant
E01005040,Bury 026A,Bury,0.5773195876288659,0.17257014236470453,0.297,0.42693749999999997,High-High,Not significant
E01005041,Bury 026B,Bury,0.7090909090909091,0.5263169551243296,0.191,0.37134545454545453,High-High,Not significant
E01005042,Bury 026C,Bury,0.669260700389105,0.8711988398582451,0.032,0.1762588996763754,High-High,Not significant
E01005043,Bury 026D,Bury,0.7401129943502824,0.6224206378021826,0.137,0.32340360610263524,High-High,Not significant
E01005044,Bury 026E,Bury,0.8229665071770335,1.127659266002283,0.127,0.31417732558139533,High-High,Not significant
E01005045,Bury 023E,Bury,0.5504322766570605,0.04392209716515747,0.425,0.4749507550886409,High-High,Not significant
E01005046,Bury 002C,Bury,0.5877862595419847,0.4906290466338356,0.029,0.16731525423728816,High-High,Not significant
E01005047,Bury 003C,Bury,0.592964824120603,0.5178331686354036,0.008,0.07780571428571428,High-High,Not significant
E01005048,Bury 002D,Bury,0.6424870466321243,0.8644468933315131,0.008,0.07780571428571428,High-High,Not significant
E01005049,Bury 003D,Bury,0.7,0.615902516419454,0.115,0.3063067292644758,High-High,Not significant
E01005050,Bury 006C,Bury,0.5890909090909091,0.3358941658237652,0.084,0.2637785977859779,High-High,Not significant
E01005051,Bury 003E,Bury,0.46875,-0.11603115342869304,0.028,0.16489965397923875,Low-High,Not significant
E01005052,Bury 006D,Bury,0.7785234899328859,0.664190880865228,0.227,0.39690224032586563,High-High,Not significant
E01005053,Bury 006E,Bury,0.581081081081081,0.2767895616289323,0.127,0.31417732558139533,High-High,Not significant
E01005054,Bury 013B,Bury,0.549618320610687,0.16843997779336503,0.078,0.25579190751445086,High-High,Not significant
E01005055,Bury 017B,Bury,0.8087431693989071,1.465303275529307,0.036,0.1868048780487805,High-High,Not significant
E01005056,Bury 017C,Bury,0.7608695652173914,1.5421337803787145,0.009,0.0851,High-High,Not significant
E01005057,Bury 017D,Bury,0.5313653136531366,0.227647991270935,0.044,0.20405449591280653,High-High,Not significant
E01005058,Bury 017E,Bury,0.7388059701492538,1.2177841839612402,0.03,0.1685148514851485,High-High,Not significant
E01005059,Bury 013C,Bury,0.3687943262411347,0.06105632057300164,0.384,0.46374380750176925,Low-Low,Not significant
E01005060,Bury 013D,Bury,0.5543859649122806,-0.11232242963747929,0.212,0.38715021459227467,High-Low,Not significant
E01005061,Manchester 018A,Manchester,0.0738461538461538,3.8579475769595106,0.001,0.016686274509803922,Low-Low,Low-Low
E01005063,Manchester 018C,Manchester,0.1915887850467289,3.5416697972936433,0.001,0.016686274509803922,Low-Low,Low-Low
E01005065,Manchester 018D,Manchester,0.1170212765957446,4.570923591212193,0.001,0.016686274509803922,Low-Low,Low-Low
E01005066,Manchester 018E,Manchester,0.1441441441441441,4.250788391674878,0.001,0.016686274509803922,Low-Low,Low-Low
E01005067,Manchester 020A,Manchester,0.1437768240343347,2.5893626482705607,0.011,0.09650515463917525,Low-Low,Not significant
E01005068,Manchester 051A,Manchester,0.3139784946236559,1.0517675333214134,0.013,0.10586602870813396,Low-Low,Not significant
E01005069,Manchester 047A,Manchester,0.4789473684210526,0.04187101774829061,0.069,0.2487265135699374,Low-Low,Not significant
E01005070,Manchester 051B,Manchester,0.3364140480591497,0.6991106276817022,0.039,0.19580530973451327,Low-Low,Not significant
E01005071,Manchester 048A,Manchester,0.4004914004914005,0.2322855211058166,0.163,0.35072819216182044,Low-Low,Not significant
E01005072,Manchester 048B,Manchester,0.2700587084148728,0.6077854205685528,0.167,0.35440648379052375,Low-Low,Not significant
E01005073,Manchester 048C,Manchester,0.5783132530120482,-0.20637805503786008,0.131,0.31760968660968664,High-Low,Not significant
E01005074,Manchester 051C,Manchester,0.3312883435582822,0.7956657127667454,0.02,0.1406611570247934,Low-Low,Not significant
E01005075,Manchester 051D,Manchester,0.3174603174603174,0.41348764463660015,0.157,0.3439047619047619,Low-Low,Not significant
E01005076,Manchester 039A,Manchester,0.4720149253731343,-0.009209774851383693,0.464,0.48839084724799015,Low-High,Not significant
E01005077,Manchester 042A,Manchester,0.2952380952380952,0.3405741644321582,0.259,0.4132297674418605,Low-Low,Not significant
E01005078,Manchester 042B,Manchester,0.4034749034749035,0.16127651621194877,0.236,0.40207407407407403,Low-Low,Not significant
E01005079,Manchester 042C,Manchester,0.4050632911392405,0.3080985945586159,0.09,0.27353571428571427,Low-Low,Not significant
E01005081,Manchester 039C,Manchester,0.1971153846153846,1.1369102653062115,0.043,0.20405449591280653,Low-Low,Not significant
E01005082,Manchester 037A,Manchester,0.2902097902097902,0.325954514288369,0.26,0.4132297674418605,Low-Low,Not significant
E01005083,Manchester 039D,Manchester,0.5055118110236221,-0.05054680469056711,0.064,0.24260133630289532,High-Low,Not significant
E01005084,Manchester 042D,Manchester,0.292604501607717,0.7817268900570876,0.042,0.20193220338983053,Low-Low,Not significant
E01005085,Manchester 049A,Manchester,0.4101941747572815,0.025389885046439523,0.418,0.4738458471760797,Low-Low,Not significant
E01005086,Manchester 049B,Manchester,0.3889980353634578,0.2952901985267824,0.157,0.3439047619047619,Low-Low,Not significant
E01005087,Manchester 050A,Manchester,0.4148760330578512,0.10406742031907663,0.272,0.4205300988319856,Low-Low,Not significant
E01005088,Manchester 050B,Manchester,0.3943661971830985,0.28664441593535994,0.13,0.3160857142857143,Low-Low,Not significant
E01005089,Manchester 049C,Manchester,0.4549356223175965,0.12783875910425366,0.086,0.26710218978102185,Low-Low,Not significant
E01005090,Manchester 050C,Manchester,0.2196620583717358,1.2857110025357728,0.035,0.18329230769230773,Low-Low,Not significant
E01005091,Manchester 050D,Manchester,0.4832,0.03256915716603988,0.065,0.24367841409691632,Low-Low,Not significant
E01005092,Manchester 015A,Manchester,0.5555555555555556,-0.06100054234827189,0.338,0.44252,High-Low,Not significant
E01005093,Manchester 012A,Manchester,0.5882352941176471,0.5247610039357811,0.007,0.07264634146341463,High-High,Not significant
E01005094,Manchester 012B,Manchester,0.6897435897435897,-0.3229737030506233,0.211,0.38715021459227467,High-Low,Not significant
E01005097,Manchester 012C,Manchester,0.7058823529411765,-0.32891393384280593,0.274,0.4205300988319856,High-Low,Not significant
E01005098,Manchester 001A,Manchester,0.4352517985611511,0.09388508337700979,0.225,0.3964285714285714,Low-Low,Not significant
E01005099,Manchester 001B,Manchester,0.3873015873015873,-0.16198608349072,0.279,0.422096,Low-High,Not significant
E01005100,Manchester 001C,Manchester,0.4678111587982833,0.0584747884906558,0.152,0.3399526938239159,Low-Low,Not significant
E01005101,Manchester 002A,Manchester,0.4738562091503268,0.01568216789162427,0.325,0.4358944050433412,Low-Low,Not significant
E01005102,Manchester 001D,Manchester,0.624,-0.584580781281699,0.122,0.31271686746987953,High-Low,Not significant
E01005103,Manchester 001E,Manchester,0.4152334152334152,0.15094085082603406,0.194,0.37225253664036073,Low-Low,Not significant
E01005104,Manchester 004A,Manchester,0.2411924119241192,-0.28146630280848767,0.324,0.4358944050433412,Low-High,Not significant
E01005105,Manchester 015C,Manchester,0.087719298245614,3.6166858400486883,0.005,0.05789115646258503,Low-Low,Not significant
E01005106,Manchester 015D,Manchester,0.4261036468330134,0.7935062056704103,0.001,0.016686274509803922,Low-Low,Low-Low
E01005107,Manchester 015E,Manchester,0.1368209255533199,1.9150526051102874,0.022,0.14569649805447468,Low-Low,Not significant
E01005111,Manchester 047B,Manchester,0.3905817174515235,0.14945194102578807,0.269,0.41849908592321755,Low-Low,Not significant
E01005112,Manchester 048D,Manchester,0.5358255451713395,-0.04868640106959409,0.312,0.43449430894308944,High-Low,Not significant
E01005113,Manchester 047C,Manchester,0.3582417582417582,0.46670206311849693,0.072,0.2498968253968254,Low-Low,Not significant
E01005114,Manchester 047D,Manchester,0.4939759036144578,-0.0015660894125882115,0.384,0.46374380750176925,High-Low,Not significant
E01005115,Manchester 044A,Manchester,0.3804627249357326,0.4839370572890606,0.061,0.23703652968036532,Low-Low,Not significant
E01005116,Manchester 047E,Manchester,0.2080152671755725,0.884096973009547,0.111,0.3022752,Low-Low,Not significant
E01005117,Manchester 048E,Manchester,0.3645007923930269,0.3899335581250502,0.091,0.27559074733096084,Low-Low,Not significant
E01005118,Manchester 034A,Manchester,0.8857142857142857,0.6705839841626173,0.287,0.42365481352992196,High-High,Not significant
E01005119,Manchester 041A,Manchester,0.4418604651162791,0.052526908022946836,0.303,0.42903993344425956,Low-Low,Not significant
E01005120,Manchester 034B,Manchester,0.4721311475409836,-0.07916064476357795,0.041,0.1999484240687679,Low-High,Not significant
E01005121,Manchester 041B,Manchester,0.4063926940639269,0.015633438771718366,0.431,0.4768249027237354,Low-Low,Not significant
E01005122,Manchester 041C,Manchester,0.4708333333333333,-0.06986388781574812,0.081,0.2601169811320755,Low-High,Not significant
E01005123,Manchester 041D,Manchester,0.3256880733944954,0.3600951763415776,0.197,0.3742120535714286,Low-Low,Not significant
E01005124,Manchester 041E,Manchester,0.2289156626506024,0.22005062423423774,0.337,0.44252,Low-Low,Not significant
E01005125,Manchester 040A,Manchester,0.4595588235294117,0.06578356229156945,0.184,0.370259649122807,Low-Low,Not significant
E01005126,Manchester 045A,Manchester,0.4767801857585139,-0.0069105771387137725,0.447,0.4821254752851711,Low-High,Not significant
E01005128,Manchester 055A,Manchester,0.129324546952224,3.9895383869591723,0.001,0.016686274509803922,Low-Low,Low-Low
E01005129,Manchester 061A,Manchester,0.291015625,2.1685711654429247,0.001,0.016686274509803922,Low-Low,Low-Low
E01005130,Manchester 054A,Manchester,0.0900692840646651,4.747577280150095,0.001,0.016686274509803922,Low-Low,Low-Low
E01005132,Manchester 061B,Manchester,0.1740196078431372,3.0177825323491643,0.001,0.016686274509803922,Low-Low,Low-Low
E01005135,Manchester 002B,Manchester,0.4823529411764706,0.0021484570280094527,0.427,0.47531327665140616,Low-Low,Not significant
E01005136,Manchester 002C,Manchester,0.6769911504424779,-0.6784640571026271,0.085,0.2644789762340037,High-Low,Not significant
E01005138,Manchester 002D,Manchester,0.1991150442477876,0.5413243868498799,0.21,0.3859827213822894,Low-Low,Not significant
E01005139,Manchester 003B,Manchester,0.4916943521594684,-0.0016341788909081606,0.132,0.31822096317280457,High-Low,Not significant
E01005141,Manchester 003C,Manchester,0.3112391930835735,0.1866200499932077,0.317,0.43475745366639806,Low-Low,Not significant
E01005142,Manchester 058A,Manchester,0.2277777777777777,0.11722228039894687,0.395,0.4652525951557094,Low-Low,Not significant
E01005143,Manchester 056A,Manchester,0.6246418338108882,-0.5101465274992001,0.094,0.2796993006993007,High-Low,Not significant
E01005145,Manchester 008A,Manchester,0.4696969696969697,-0.011422076882645588,0.452,0.48383899371069183,Low-High,Not significant
E01005147,Manchester 058B,Manchester,0.209090909090909,1.8467568837712172,0.001,0.016686274509803922,Low-Low,Low-Low
E01005149,Manchester 008C,Manchester,0.8252427184466019,0.13424722385296847,0.469,0.4916425948592411,High-High,Not significant
E01005150,Manchester 029A,Manchester,0.5830564784053156,0.5487779746139528,0.003,0.04020472440944882,High-High,High-High
E01005151,Manchester 029B,Manchester,0.7095808383233533,1.0911022073055399,0.03,0.1685148514851485,High-High,Not significant
E01005152,Manchester 029C,Manchester,0.7725118483412322,1.4114142824374039,0.029,0.16731525423728816,High-High,Not significant
E01005153,Manchester 037B,Manchester,0.6374133949191686,0.7172685269854425,0.021,0.14354216867469882,High-High,Not significant
E01005154,Manchester 033A,Manchester,0.625,0.5304672953575181,0.051,0.2186448362720403,High-High,Not significant
E01005155,Manchester 037C,Manchester,0.6619718309859155,0.9594840112613683,0.013,0.10586602870813396,High-High,Not significant
E01005156,Manchester 033B,Manchester,0.7276422764227642,-0.25378623650328225,0.324,0.4358944050433412,High-Low,Not significant
E01005157,Manchester 037D,Manchester,0.7584269662921348,0.4573455143450726,0.232,0.3988525252525253,High-High,Not significant
E01005158,Manchester 033C,Manchester,0.4596100278551532,-0.05250445533178073,0.262,0.4136586270871985,Low-High,Not significant
E01005159,Manchester 029D,Manchester,0.6909722222222222,0.8747765507147903,0.045,0.20756097560975612,High-High,Not significant
E01005160,Manchester 004B,Manchester,0.4869281045751634,-0.009865113817849101,0.085,0.2644789762340037,Low-High,Not significant
E01005161,Manchester 004C,Manchester,0.7351778656126482,0.06057689586548199,0.491,0.4954934911242604,High-High,Not significant
E01005162,Manchester 004D,Manchester,0.4511041009463722,-0.11481286159643359,0.112,0.30354140127388535,Low-High,Not significant
E01005163,Manchester 004E,Manchester,0.6554307116104869,0.4499819811959439,0.129,0.31545689655172415,High-High,Not significant
E01005164,Manchester 006A,Manchester,0.6096997690531177,-0.028763500407310967,0.444,0.4821254752851711,High-Low,Not significant
E01005165,Manchester 008D,Manchester,0.4658493870402802,-0.0328326115672141,0.303,0.42903993344425956,Low-High,Not significant
E01005166,Manchester 008E,Manchester,0.673289183222958,0.7992934762819707,0.044,0.20405449591280653,High-High,Not significant
E01005167,Manchester 008F,Manchester,0.5339506172839507,0.11595936828799928,0.129,0.31545689655172415,High-High,Not significant
E01005168,Manchester 045B,Manchester,0.5977653631284916,0.013884244507444545,0.494,0.4966261075014767,High-High,Not significant
E01005169,Manchester 045C,Manchester,0.349673202614379,-0.09757416685484935,0.407,0.47219768234492154,Low-High,Not significant
E01005170,Manchester 045D,Manchester,0.6968325791855203,-0.5772374353089214,0.163,0.35072819216182044,High-Low,Not significant
E01005171,Manchester 045E,Manchester,0.573208722741433,0.090676255902539,0.338,0.44252,High-High,Not significant
E01005172,Manchester 043A,Manchester,0.4600484261501211,-0.0012026852017368562,0.484,0.493274251497006,Low-High,Not significant
E01005173,Manchester 043B,Manchester,0.3777777777777777,0.21418093532367932,0.184,0.370259649122807,Low-Low,Not significant
E01005174,Manchester 043C,Manchester,0.6228070175438597,0.08066802597800228,0.434,0.4768676565526146,High-High,Not significant
E01005175,Manchester 043D,Manchester,0.5234657039711191,0.04881760797893224,0.284,0.42365481352992196,High-High,Not significant
E01005176,Manchester 043E,Manchester,0.5070422535211268,0.0032036174885709096,0.486,0.49353937947494037,High-High,Not significant
E01005177,Manchester 043F,Manchester,0.5471698113207547,-0.15430431566516048,0.209,0.38539328277356444,High-Low,Not significant
E01005178,Manchester 030A,Manchester,0.4840764331210191,0.016781556048879157,0.148,0.3381154362416107,Low-Low,Not significant
E01005179,Manchester 030B,Manchester,0.4897260273972603,0.0008315864054268927,0.381,0.46275017793594303,Low-Low,Not significant
E01005180,Manchester 030C,Manchester,0.2955665024630542,0.00535320317041662,0.481,0.493274251497006,Low-Low,Not significant
E01005181,Manchester 030D,Manchester,0.4710982658959537,0.02557287041806738,0.289,0.4255,Low-Low,Not significant
E01005182,Manchester 030E,Manchester,0.4047619047619047,0.18177277236216438,0.205,0.382157721796276,Low-Low,Not significant
E01005183,Manchester 030F,Manchester,0.3225806451612903,0.3594854511549394,0.189,0.3710242214532872,Low-Low,Not significant
E01005184,Manchester 032A,Manchester,0.365025466893039,0.1376050556802199,0.303,0.42903993344425956,Low-Low,Not significant
E01005185,Manchester 032B,Manchester,0.5555555555555556,-0.03727250796446981,0.393,0.4651502086230877,High-Low,Not significant
E01005186,Manchester 020B,Manchester,0.2048611111111111,1.5555276265618612,0.004,0.05080597014925373,Low-Low,Not significant
E01005187,Manchester 021A,Manchester,0.6483050847457628,-0.3384451426247877,0.253,0.41088358778625955,High-Low,Not significant
E01005188,Manchester 021B,Manchester,0.5972222222222222,-0.06111898111874486,0.386,0.4646195190947666,High-Low,Not significant
E01005189,Manchester 017D,Manchester,0.3114285714285714,0.2315261520365228,0.287,0.42365481352992196,Low-Low,Not significant
E01005190,Manchester 017E,Manchester,0.6087912087912087,-0.41625651321050355,0.095,0.2812,High-Low,Not significant
E01005191,Manchester 021C,Manchester,0.4831013916500994,-0.015157937916711032,0.255,0.41216524216524214,Low-High,Not significant
E01005192,Manchester 021D,Manchester,0.6226993865030674,0.2504051285845007,0.229,0.39690224032586563,High-High,Not significant
E01005193,Manchester 021E,Manchester,0.6086956521739131,0.3897209345170518,0.106,0.2962430213464696,High-High,Not significant
E01005195,Manchester 023A,Manchester,0.3949044585987261,0.2711066449970907,0.129,0.31545689655172415,Low-Low,Not significant
E01005197,Manchester 023C,Manchester,0.5883905013192612,-0.05770729525629066,0.384,0.46374380750176925,High-Low,Not significant
E01005198,Manchester 023D,Manchester,0.3185840707964602,-0.3272950444708903,0.229,0.39690224032586563,Low-High,Not significant
E01005199,Manchester 064C,Manchester,0.6918238993710691,1.3151498176477616,0.005,0.05789115646258503,High-High,Not significant
E01005200,Manchester 064A,Manchester,0.4469525959367946,-0.06725007841507474,0.253,0.41088358778625955,Low-High,Not significant
E01005201,Manchester 023E,Manchester,0.5515370705244123,-0.24727038426973597,0.06,0.23584295612009235,High-Low,Not significant
E01005202,Manchester 009A,Manchester,0.470873786407767,0.0373491379923552,0.168,0.35564179104477617,Low-Low,Not significant
E01005203,Manchester 009B,Manchester,0.2531328320802005,0.9632261084185186,0.026,0.1591798561151079,Low-Low,Not significant
E01005205,Manchester 006B,Manchester,0.3811475409836065,0.14137902733166371,0.306,0.4314929577464789,Low-Low,Not significant
E01005206,Manchester 006C,Manchester,0.4924012158054711,-0.0033700695759825007,0.178,0.3650072289156626,High-Low,Not significant
E01005207,Manchester 006D,Manchester,0.6405228758169934,-0.30401596867432235,0.21,0.3859827213822894,High-Low,Not significant
E01005208,Manchester 019A,Manchester,0.1911764705882352,3.060759526936451,0.001,0.016686274509803922,Low-Low,Low-Low
E01005210,Manchester 019C,Manchester,0.2866894197952218,2.4574245792353344,0.001,0.016686274509803922,Low-Low,Low-Low
E01005212,Manchester 057A,Manchester,0.0678733031674208,4.643444912251131,0.001,0.016686274509803922,Low-Low,Low-Low
E01005213,Manchester 059A,Manchester,0.3272450532724505,1.7475671113594617,0.001,0.016686274509803922,Low-Low,Low-Low
E01005214,Manchester 019D,Manchester,0.1344262295081967,2.41721649948166,0.023,0.14828030303030304,Low-Low,Not significant
E01005215,Manchester 034C,Manchester,0.431547619047619,-0.2576915443446659,0.071,0.2498968253968254,Low-High,Not significant
E01005216,Manchester 034D,Manchester,0.8138528138528138,0.7405426589700229,0.148,0.3381154362416107,High-High,Not significant
E01005217,Manchester 034E,Manchester,0.6509803921568628,0.7359547076023331,0.012,0.10212,High-High,Not significant
E01005218,Manchester 034F,Manchester,0.5376044568245125,0.3151674280858642,0.002,0.029599999999999998,High-High,High-High
E01005219,Manchester 031A,Manchester,0.6698717948717948,0.9292026406652695,0.025,0.1564338235294118,High-High,Not significant
E01005220,Manchester 031B,Manchester,0.7899159663865546,1.1718695126434628,0.062,0.2387420814479638,High-High,Not significant
E01005221,Manchester 031C,Manchester,0.6783505154639176,1.154595965582769,0.002,0.029599999999999998,High-High,High-High
E01005222,Manchester 031D,Manchester,0.5460385438972163,0.20509289762399185,0.041,0.1999484240687679,High-High,Not significant
E01005223,Manchester 007A,Manchester,0.5852713178294574,0.219176827329512,0.184,0.370259649122807,High-High,Not significant
E01005224,Manchester 007B,Manchester,0.5220125786163522,0.03924935157543612,0.321,0.4358944050433412,High-High,Not significant
E01005225,Manchester 007C,Manchester,0.5221052631578947,-0.10043706298929349,0.114,0.30603785488958996,High-Low,Not significant
E01005226,Manchester 007D,Manchester,0.6600441501103753,0.21484890889972758,0.338,0.44252,High-High,Not significant
E01005227,Manchester 009D,Manchester,0.5721153846153846,-0.11533090955770549,0.324,0.4358944050433412,High-Low,Not significant
E01005228,Manchester 009E,Manchester,0.3569553805774278,0.16463349826155607,0.289,0.4255,Low-Low,Not significant
E01005229,Manchester 007E,Manchester,0.7461139896373057,-0.42493415705045723,0.25,0.4095283926852743,High-Low,Not significant
E01005230,Manchester 022B,Manchester,0.5904936014625228,-0.10504117670941661,0.304,0.4300980881130507,High-Low,Not significant
E01005231,Manchester 022C,Manchester,0.444636678200692,-0.05827785622895785,0.343,0.4449588414634147,Low-High,Not significant
E01005232,Manchester 020C,Manchester,0.3973941368078176,0.4058271520440667,0.03,0.1685148514851485,Low-Low,Not significant
E01005233,Manchester 063B,Manchester,0.6381578947368421,0.27836808371344424,0.275,0.4205300988319856,High-High,Not significant
E01005234,Manchester 063A,Manchester,0.6205882352941177,0.5488963178226758,0.039,0.19580530973451327,High-High,Not significant
E01005235,Manchester 020D,Manchester,0.4183006535947712,0.09053098841574216,0.288,0.42476256499133447,Low-Low,Not significant
E01005236,Manchester 022D,Manchester,0.6513026052104208,0.3954650529435101,0.192,0.37134545454545453,High-High,Not significant
E01005237,Manchester 022E,Manchester,0.6941176470588235,0.7559010575066865,0.04,0.19790697674418603,High-High,Not significant
E01005238,Manchester 063D,Manchester,0.7084870848708487,1.436518552330463,0.002,0.029599999999999998,High-High,High-High
E01005239,Manchester 020E,Manchester,0.1814671814671814,1.7301613206905,0.024,0.15185130111524164,Low-Low,Not significant
E01005243,Manchester 024B,Manchester,0.1981279251170047,2.060567334881142,0.001,0.016686274509803922,Low-Low,Low-Low
E01005244,Manchester 025C,Manchester,0.5625,-0.36378774148589943,0.007,0.07264634146341463,High-Low,Not significant
E01005245,Manchester 024C,Manchester,0.1307550644567219,2.0874783426516546,0.006,0.06762913907284768,Low-Low,Not significant
E01005246,Manchester 024D,Manchester,0.376953125,0.7226302517943207,0.028,0.16489965397923875,Low-Low,Not significant
E01005247,Manchester 005A,Manchester,0.6431924882629108,-0.09202445604987519,0.377,0.4609583333333333,High-Low,Not significant
E01005248,Manchester 005B,Manchester,0.5909090909090909,-0.31485079413351014,0.136,0.3228340306834031,High-Low,Not significant
E01005249,Manchester 005C,Manchester,0.2640949554896142,0.2341443397596137,0.303,0.42903993344425956,Low-Low,Not significant
E01005250,Manchester 005D,Manchester,0.284313725490196,0.11860134517506482,0.382,0.46275017793594303,Low-Low,Not significant
E01005251,Manchester 003D,Manchester,0.4795081967213114,0.02297142990750445,0.177,0.364273276904474,Low-Low,Not significant
E01005252,Manchester 003E,Manchester,0.3940397350993377,0.42717708989300895,0.036,0.1868048780487805,Low-Low,Not significant
E01005253,Manchester 005E,Manchester,0.4755555555555555,-0.028627456620599994,0.261,0.4132297674418605,Low-High,Not significant
E01005254,Manchester 005F,Manchester,0.5945945945945946,0.2860886701439347,0.125,0.31417732558139533,High-High,Not significant
E01005255,Manchester 012D,Manchester,0.4748427672955975,-0.04567898567149979,0.114,0.30603785488958996,Low-High,Not significant
E01005256,Manchester 011A,Manchester,0.1836363636363636,0.5195713006399194,0.203,0.38051321585903086,Low-Low,Not significant
E01005257,Manchester 011B,Manchester,0.4631578947368421,0.14076851852295835,0.006,0.06762913907284768,Low-Low,Not significant
E01005258,Manchester 011C,Manchester,0.4677871148459384,0.041501195230596644,0.216,0.3902675159235669,Low-Low,Not significant
E01005259,Manchester 011D,Manchester,0.4577259475218659,0.056221037374019435,0.263,0.41446851851851857,Low-Low,Not significant
E01005260,Manchester 011E,Manchester,0.6791666666666667,0.4569860388455305,0.164,0.35154659949622163,High-High,Not significant
E01005261,Manchester 012E,Manchester,0.643598615916955,-0.5076533532453913,0.124,0.31312759643916915,High-Low,Not significant
E01005262,Manchester 044B,Manchester,0.282,0.251414300778362,0.293,0.4265882352941176,Low-Low,Not significant
E01005263,Manchester 046A,Manchester,0.2777777777777778,-0.00758036489381518,0.482,0.493274251497006,Low-High,Not significant
E01005264,Manchester 044C,Manchester,0.3213610586011342,-0.3131001476492955,0.234,0.4002693467336684,Low-High,Not significant
E01005265,Manchester 044D,Manchester,0.5182648401826484,-0.07559962130393537,0.145,0.33485753052917233,High-Low,Not significant
E01005266,Manchester 044E,Manchester,0.4505928853754941,0.12343208245722466,0.123,0.3129237668161435,Low-Low,Not significant
E01005267,Manchester 046B,Manchester,0.6245210727969349,-0.3526526111615167,0.136,0.3228340306834031,High-Low,Not significant
E01005268,Manchester 046C,Manchester,0.441233140655106,0.1059470983434553,0.162,0.35034815756035576,Low-Low,Not significant
E01005269,Manchester 046D,Manchester,0.6242774566473989,-0.2243017464302401,0.205,0.382157721796276,High-Low,Not significant
E01005270,Manchester 035A,Manchester,0.3726235741444867,0.13351783356213437,0.32,0.435712,Low-Low,Not significant
E01005271,Manchester 032C,Manchester,0.4591304347826087,-0.01683683565316634,0.429,0.4766044386422977,Low-High,Not significant
E01005272,Manchester 035B,Manchester,0.2203389830508474,0.8491003054967233,0.119,0.30969113149847094,Low-Low,Not significant
E01005273,Manchester 035C,Manchester,0.5358974358974359,0.03458750614739247,0.419,0.4738458471760797,High-High,Not significant
E01005274,Manchester 038A,Manchester,0.5755627009646302,-0.07835586935981827,0.323,0.4358944050433412,High-Low,Not significant
E01005275,Manchester 038B,Manchester,0.5375939849624061,0.029432740524006726,0.439,0.47988310854206806,High-High,Not significant
E01005276,Manchester 038C,Manchester,0.4775280898876404,-0.019695346064892576,0.322,0.4358944050433412,Low-High,Not significant
E01005277,Manchester 038D,Manchester,0.5045454545454545,0.004600002378657394,0.476,0.49249361702127653,High-High,Not significant
E01005278,Manchester 035D,Manchester,0.6216216216216216,-0.4152621264294845,0.102,0.2907939698492462,High-Low,Not significant
E01005279,Manchester 035E,Manchester,0.3393393393393393,0.07167275141509159,0.392,0.4651502086230877,Low-Low,Not significant
E01005280,Manchester 026A,Manchester,0.6261261261261262,0.5004414739932795,0.102,0.2907939698492462,High-High,Not significant
E01005281,Manchester 026B,Manchester,0.5030120481927711,0.006518256195574558,0.42,0.47434638354346376,High-High,Not significant
E01005284,Manchester 026C,Manchester,0.4901610017889087,0.00210059749924844,0.176,0.36397569866342644,Low-Low,Not significant
E01005285,Manchester 025D,Manchester,0.328125,-0.28292213413651696,0.323,0.4358944050433412,Low-High,Not significant
E01005286,Manchester 026D,Manchester,0.5105042016806722,0.007766452833260808,0.443,0.4817801916932907,High-High,Not significant
E01005287,Manchester 026E,Manchester,0.5729442970822282,0.2995132911207069,0.082,0.2613558052434457,High-High,Not significant
E01005288,Manchester 025E,Manchester,0.5614849187935035,-0.022716421217087848,0.424,0.4749507550886409,High-Low,Not significant
E01005289,Manchester 049D,Manchester,0.3185840707964602,0.3123655145930757,0.235,0.4015763052208835,Low-Low,Not significant
E01005290,Manchester 052A,Manchester,0.346793349168646,0.08001620823401351,0.394,0.4652525951557094,Low-Low,Not significant
E01005291,Manchester 050E,Manchester,0.3782608695652174,0.5525152310235174,0.008,0.07780571428571428,Low-Low,Not significant
E01005292,Manchester 052B,Manchester,0.2917594654788418,-0.1292924855733328,0.411,0.4738458471760797,Low-High,Not significant
E01005293,Manchester 052C,Manchester,0.4578313253012048,0.18645760777820072,0.021,0.14354216867469882,Low-Low,Not significant
E01005294,Manchester 052D,Manchester,0.3790322580645161,0.18707538117557398,0.262,0.4136586270871985,Low-Low,Not significant
E01005295,Manchester 049E,Manchester,0.3500837520938023,0.08207219154825754,0.381,0.46275017793594303,Low-Low,Not significant
E01005296,Manchester 029E,Manchester,0.547244094488189,0.29500875330606197,0.002,0.029599999999999998,High-High,High-High
E01005297,Manchester 028A,Manchester,0.5865921787709497,0.23834699815468874,0.126,0.31417732558139533,High-High,Not significant
E01005298,Manchester 028B,Manchester,0.7105263157894737,0.5475940431715884,0.187,0.3703425925925926,High-High,Not significant
E01005299,Manchester 029F,Manchester,0.7238095238095238,1.1248966112604293,0.04,0.19790697674418603,High-High,Not significant
E01005300,Manchester 033D,Manchester,0.6848484848484848,0.14806880318884066,0.42,0.47434638354346376,High-High,Not significant
E01005301,Manchester 033E,Manchester,0.6794425087108014,0.7409334609662559,0.033,0.17944408945686902,High-High,Not significant
E01005302,Manchester 028C,Manchester,0.3689024390243902,0.146063577798087,0.296,0.42693749999999997,Low-Low,Not significant
E01005304,Manchester 040B,Manchester,0.5384615384615384,0.03275318730949274,0.402,0.4699203296703297,High-High,Not significant
E01005305,Manchester 036A,Manchester,0.5604838709677419,0.08370273752871456,0.297,0.42693749999999997,High-High,Not significant
E01005306,Manchester 040C,Manchester,0.5448504983388704,0.03512326748171272,0.402,0.4699203296703297,High-High,Not significant
E01005307,Manchester 040D,Manchester,0.5142857142857142,0.028486501239639233,0.303,0.42903993344425956,High-High,Not significant
E01005308,Manchester 040E,Manchester,0.48559670781893,0.0019455468185749834,0.424,0.4749507550886409,Low-Low,Not significant
E01005309,Manchester 036B,Manchester,0.4215304798962386,-0.16365055488398084,0.136,0.3228340306834031,Low-High,Not significant
E01005310,Manchester 036C,Manchester,0.5794117647058824,0.242267743149398,0.152,0.3399526938239159,High-High,Not significant
E01005311,Manchester 036D,Manchester,0.6114285714285714,0.4829070559630488,0.047,0.2094083769633508,High-High,Not significant
E01005312,Manchester 036E,Manchester,0.5452586206896551,0.09746799784090067,0.28,0.42248226950354617,High-High,Not significant
E01005313,Manchester 053A,Manchester,0.3494623655913978,0.9549126489762328,0.001,0.016686274509803922,Low-Low,Low-Low
E01005314,Manchester 053B,Manchester,0.2952127659574468,1.5083947182131479,0.023,0.14828030303030304,Low-Low,Not significant
E01005315,Manchester 053C,Manchester,0.1838842975206611,1.9571995156478017,0.023,0.14828030303030304,Low-Low,Not significant
E01005316,Manchester 053D,Manchester,0.310880829015544,0.7746179077927867,0.019,0.13702542372881357,Low-Low,Not significant
E01005317,Manchester 052E,Manchester,0.2475633528265107,0.009596976426051534,0.481,0.493274251497006,Low-Low,Not significant
E01005318,Manchester 053E,Manchester,0.2720930232558139,1.6188263868313413,0.003,0.04020472440944882,Low-Low,Low-Low
E01005319,Manchester 051E,Manchester,0.2239089184060721,1.6326002604920513,0.015,0.11711009174311926,Low-Low,Not significant
E01005320,Oldham 024A,Oldham,0.5578947368421052,-0.1828513605353488,0.151,0.3395006605019815,High-Low,Not significant
E01005321,Oldham 022A,Oldham,0.5673469387755102,0.08952857501875726,0.317,0.43475745366639806,High-High,Not significant
E01005322,Oldham 029A,Oldham,0.3987538940809969,0.3082633917841249,0.104,0.2950133333333333,Low-Low,Not significant
E01005323,Oldham 029B,Oldham,0.4734982332155477,0.0714654356207383,0.07,0.2487265135699374,Low-Low,Not significant
E01005324,Oldham 029C,Oldham,0.2346938775510204,1.3791731531450675,0.025,0.1564338235294118,Low-Low,Not significant
E01005325,Oldham 029D,Oldham,0.164516129032258,0.6642242059649186,0.192,0.37134545454545453,Low-Low,Not significant
E01005326,Oldham 022B,Oldham,0.7304964539007093,0.4324222219971398,0.279,0.422096,High-High,Not significant
E01005327,Oldham 017A,Oldham,0.3283208020050125,0.32475038569700704,0.21,0.3859827213822894,Low-Low,Not significant
E01005328,Oldham 017B,Oldham,0.3103448275862069,0.5316577772870618,0.093,0.27769473684210527,Low-Low,Not significant
E01005329,Oldham 015A,Oldham,0.3959390862944162,0.289842498546739,0.143,0.3315885558583106,Low-Low,Not significant
E01005330,Oldham 015B,Oldham,0.3172413793103448,0.24732145453171298,0.17,0.35809405940594063,Low-Low,Not significant
E01005331,Oldham 017C,Oldham,0.5625,-0.29836286262735084,0.057,0.22989099526066353,High-Low,Not significant
E01005332,Oldham 028A,Oldham,0.4584323040380047,-0.04885654557760609,0.252,0.41088358778625955,Low-High,Not significant
E01005333,Oldham 015C,Oldham,0.5586206896551724,-0.17713404362711435,0.179,0.3652973621103118,High-Low,Not significant
E01005334,Oldham 017D,Oldham,0.464968152866242,-0.018392282557929088,0.404,0.4709643835616439,Low-High,Not significant
E01005335,Oldham 010A,Oldham,0.6384180790960452,-0.05472302041323585,0.415,0.4738458471760797,High-Low,Not significant
E01005336,Oldham 015D,Oldham,0.6857142857142857,0.2798457247985572,0.32,0.435712,High-High,Not significant
E01005337,Oldham 010B,Oldham,0.5741758241758241,0.02966552453635762,0.476,0.49249361702127653,High-High,Not significant
E01005338,Oldham 017E,Oldham,0.5121951219512195,-0.03461024240297303,0.224,0.3958961578400831,High-Low,Not significant
E01005339,Oldham 010C,Oldham,0.7102803738317757,0.6886669827669197,0.064,0.24260133630289532,High-High,Not significant
E01005340,Oldham 010D,Oldham,0.5150214592274678,0.04429691648912216,0.23,0.39701825557809334,High-High,Not significant
E01005341,Oldham 028B,Oldham,0.6796116504854369,0.5787813030075171,0.164,0.35154659949622163,High-High,Not significant
E01005342,Oldham 027A,Oldham,0.2602739726027397,0.5584325805787246,0.149,0.3381456953642384,Low-Low,Not significant
E01005343,Oldham 027B,Oldham,0.5894736842105263,0.21895793772042446,0.236,0.40207407407407403,High-High,Not significant
E01005344,Oldham 027C,Oldham,0.5319767441860465,-0.05105986756143715,0.293,0.4265882352941176,High-Low,Not significant
E01005345,Oldham 028C,Oldham,0.635,0.012965529638263279,0.482,0.493274251497006,High-High,Not significant
E01005346,Oldham 028D,Oldham,0.7197802197802198,0.49339679262699965,0.183,0.3699121140142518,High-High,Not significant
E01005347,Oldham 028E,Oldham,0.5520833333333334,0.19834558229992094,0.055,0.22776155717761556,High-High,Not significant
E01005348,Oldham 014A,Oldham,0.2861538461538461,0.6947249707587105,0.115,0.3063067292644758,Low-Low,Not significant
E01005349,Oldham 016A,Oldham,0.6052631578947368,-0.4774736384004981,0.08,0.2588593155893536,High-Low,Not significant
E01005350,Oldham 014B,Oldham,0.212253829321663,1.0708119172712747,0.055,0.22776155717761556,Low-Low,Not significant
E01005351,Oldham 016B,Oldham,0.574468085106383,-0.10726771757985,0.282,0.42365481352992196,High-Low,Not significant
E01005352,Oldham 016C,Oldham,0.3379629629629629,0.4255309121065285,0.162,0.35034815756035576,Low-Low,Not significant
E01005353,Oldham 016D,Oldham,0.2461538461538461,0.7738064350914589,0.091,0.27559074733096084,Low-Low,Not significant
E01005354,Oldham 016E,Oldham,0.4476987447698745,0.04299946927449823,0.323,0.4358944050433412,Low-Low,Not significant
E01005355,Oldham 005A,Oldham,0.7165991902834008,-0.31100066335536913,0.309,0.4328543209876543,High-Low,Not significant
E01005356,Oldham 005B,Oldham,0.4207920792079208,0.03144048351074661,0.399,0.46802067539627845,Low-Low,Not significant
E01005357,Oldham 001A,Oldham,0.6481481481481481,0.2523866157716273,0.249,0.4090714285714286,High-High,Not significant
E01005358,Oldham 001B,Oldham,0.4554794520547945,-0.15710198359271282,0.044,0.20405449591280653,Low-High,Not significant
E01005359,Oldham 001C,Oldham,0.6223175965665236,0.16749635479604208,0.302,0.42903993344425956,High-High,Not significant
E01005360,Oldham 001D,Oldham,0.4145299145299145,-0.22740862002773776,0.13,0.3160857142857143,Low-High,Not significant
E01005361,Oldham 003A,Oldham,0.6391304347826087,0.08524317908557791,0.413,0.4738458471760797,High-High,Not significant
E01005362,Oldham 031A,Oldham,0.7011494252873564,0.48422464542953375,0.166,0.35440648379052375,High-High,Not significant
E01005363,Oldham 032A,Oldham,0.4611650485436893,-0.06233240739729498,0.224,0.3958961578400831,Low-High,Not significant
E01005364,Oldham 031B,Oldham,0.6894977168949772,0.2570524186999648,0.343,0.4449588414634147,High-High,Not significant
E01005365,Oldham 033A,Oldham,0.558252427184466,0.09684535646834264,0.273,0.4205300988319856,High-High,Not significant
E01005366,Oldham 033B,Oldham,0.375,-0.3377385831300673,0.134,0.32032022471910115,Low-High,Not significant
E01005367,Oldham 033C,Oldham,0.5113636363636364,0.05430595605933673,0.08,0.2588593155893536,High-High,Not significant
E01005368,Oldham 031C,Oldham,0.547486033519553,0.17543699942750612,0.096,0.2826851211072664,High-High,Not significant
E01005369,Oldham 032B,Oldham,0.4078947368421052,0.061148434007497816,0.371,0.45789847715736043,Low-Low,Not significant
E01005370,Oldham 032C,Oldham,0.3627254509018036,0.3106983664679169,0.138,0.324414364640884,Low-Low,Not significant
E01005371,Oldham 032D,Oldham,0.4885245901639344,-0.0033384975333013585,0.294,0.4265882352941176,Low-High,Not significant
E01005372,Oldham 034A,Oldham,0.6559139784946236,-0.08049945042501226,0.397,0.46696199032481,High-Low,Not significant
E01005373,Oldham 034B,Oldham,0.66,0.459689409351089,0.193,0.37225253664036073,High-High,Not significant
E01005374,Oldham 034C,Oldham,0.4802631578947368,-0.031994750440475735,0.111,0.3022752,Low-High,Not significant
E01005375,Oldham 034D,Oldham,0.6319018404907976,0.45091634027437116,0.095,0.2812,High-High,Not significant
E01005376,Oldham 031D,Oldham,0.4146341463414634,0.014000518786498908,0.45,0.48291298865069354,Low-Low,Not significant
E01005377,Oldham 030A,Oldham,0.2866894197952218,-0.12345420601991454,0.432,0.4768249027237354,Low-High,Not significant
E01005378,Oldham 031E,Oldham,0.6195652173913043,-0.13576946129171003,0.312,0.43449430894308944,High-Low,Not significant
E01005379,Oldham 030B,Oldham,0.5518518518518518,-0.04949189635594095,0.387,0.46505352112676057,High-Low,Not significant
E01005380,Oldham 030C,Oldham,0.5231788079470199,0.006203544732878768,0.488,0.4943904761904762,High-High,Not significant
E01005381,Oldham 027D,Oldham,0.25,0.12131787876859945,0.391,0.4651502086230877,Low-Low,Not significant
E01005382,Oldham 030D,Oldham,0.4964285714285714,0.0024114922699682638,0.426,0.47513237221494103,High-High,Not significant
E01005383,Oldham 026A,Oldham,0.5697211155378487,-0.029962607863925548,0.413,0.4738458471760797,High-Low,Not significant
E01005386,Oldham 026D,Oldham,0.2655172413793103,0.6957546549501707,0.067,0.2479,Low-Low,Not significant
E01005387,Oldham 018A,Oldham,0.6363636363636364,0.3122886374727427,0.287,0.42365481352992196,High-High,Not significant
E01005388,Oldham 018B,Oldham,0.6137566137566137,0.26660028334396507,0.185,0.370259649122807,High-High,Not significant
E01005389,Oldham 018C,Oldham,0.41005291005291,-0.06097504660587733,0.391,0.4651502086230877,Low-High,Not significant
E01005390,Oldham 004A,Oldham,0.6057142857142858,0.0915935892303456,0.419,0.4738458471760797,High-High,Not significant
E01005391,Oldham 008A,Oldham,0.6526315789473685,0.41943160197542856,0.133,0.3188253521126761,High-High,Not significant
E01005392,Oldham 008B,Oldham,0.3741794310722101,-0.1375515070776287,0.337,0.44252,Low-High,Not significant
E01005393,Oldham 008C,Oldham,0.5490196078431373,0.12997716669772788,0.187,0.3703425925925926,High-High,Not significant
E01005394,Oldham 004B,Oldham,0.5943396226415094,0.09750039385849575,0.352,0.44769448584202676,High-High,Not significant
E01005395,Oldham 004C,Oldham,0.6813186813186813,0.028994730904380588,0.481,0.493274251497006,High-High,Not significant
E01005396,Oldham 004D,Oldham,0.5153061224489796,0.11899324719731724,0.042,0.20193220338983053,High-High,Not significant
E01005397,Oldham 009A,Oldham,0.436241610738255,0.05544929485208056,0.293,0.4265882352941176,Low-Low,Not significant
E01005398,Oldham 009B,Oldham,0.6263736263736264,-0.1814647967808372,0.277,0.42131724754244865,High-Low,Not significant
E01005399,Oldham 005C,Oldham,0.4931506849315068,-0.006804616603679104,0.115,0.3063067292644758,High-Low,Not significant
E01005400,Oldham 009C,Oldham,0.3693181818181818,0.1498687482617835,0.297,0.42693749999999997,Low-Low,Not significant
E01005401,Oldham 008D,Oldham,0.4579439252336448,-0.05599748596866625,0.258,0.4132297674418605,Low-High,Not significant
E01005402,Oldham 009D,Oldham,0.5272727272727272,-0.08146130044941619,0.15,0.3381456953642384,High-Low,Not significant
E01005403,Oldham 005D,Oldham,0.3478260869565217,-0.1621633446042162,0.308,0.4321648804616653,Low-High,Not significant
E01005406,Oldham 021A,Oldham,0.6978021978021978,0.4995407876421372,0.194,0.37225253664036073,High-High,Not significant
E01005407,Oldham 013A,Oldham,0.48828125,-0.008082556633039811,0.114,0.30603785488958996,Low-High,Not significant
E01005408,Oldham 020C,Oldham,0.4041297935103244,-0.3510547314939294,0.112,0.30354140127388535,Low-High,Not significant
E01005409,Oldham 020D,Oldham,0.7375565610859729,-0.2204320607017954,0.334,0.4406728682170543,High-Low,Not significant
E01005410,Oldham 006A,Oldham,0.5833333333333334,0.4334166826345131,0.051,0.2186448362720403,High-High,Not significant
E01005411,Oldham 006B,Oldham,0.4808362369337979,-0.03808700536316839,0.075,0.25029411764705883,Low-High,Not significant
E01005412,Oldham 013B,Oldham,0.568561872909699,0.10096930858171646,0.342,0.4446783804430864,High-High,Not significant
E01005413,Oldham 021B,Oldham,0.601123595505618,0.08308581581358937,0.403,0.47076595744680855,High-High,Not significant
E01005414,Oldham 006C,Oldham,0.6923076923076923,0.4136263209274998,0.195,0.37291011235955057,High-High,Not significant
E01005415,Oldham 006D,Oldham,0.6545454545454545,0.7308236296328562,0.133,0.3188253521126761,High-High,Not significant
E01005416,Oldham 013C,Oldham,0.5486381322957199,0.17558809775651768,0.061,0.23703652968036532,High-High,Not significant
E01005417,Oldham 013D,Oldham,0.71,0.434835754144763,0.15,0.3381456953642384,High-High,Not significant
E01005418,Oldham 018D,Oldham,0.6380368098159509,0.5574370280893817,0.096,0.2826851211072664,High-High,Not significant
E01005419,Oldham 021C,Oldham,0.5423728813559322,0.10394628895247539,0.256,0.4126060606060606,High-High,Not significant
E01005420,Oldham 021D,Oldham,0.5373665480427047,0.14257074109136036,0.124,0.31312759643916915,High-High,Not significant
E01005421,Oldham 011A,Oldham,0.5376044568245125,-0.0025910237678833823,0.47,0.4916425948592411,High-Low,Not significant
E01005422,Oldham 011B,Oldham,0.6968503937007874,-0.4346497612097144,0.229,0.39690224032586563,High-Low,Not significant
E01005427,Oldham 022C,Oldham,0.6197183098591549,0.1926624171193222,0.287,0.42365481352992196,High-High,Not significant
E01005428,Oldham 019A,Oldham,0.7626459143968871,0.32797016283863634,0.294,0.4265882352941176,High-High,Not significant
E01005429,Oldham 022D,Oldham,0.6,0.6709657178934851,0.007,0.07264634146341463,High-High,Not significant
E01005430,Oldham 022E,Oldham,0.6666666666666666,0.8627435729508581,0.025,0.1564338235294118,High-High,Not significant
E01005431,Oldham 019B,Oldham,0.6666666666666666,0.7446233386550747,0.046,0.20933689839572192,High-High,Not significant
E01005432,Oldham 014C,Oldham,0.3419540229885057,-0.12097552341047121,0.392,0.4651502086230877,Low-High,Not significant
E01005433,Oldham 014D,Oldham,0.3852459016393442,0.3496648186813419,0.093,0.27769473684210527,Low-Low,Not significant
E01005434,Oldham 024B,Oldham,0.3864541832669322,-0.1533148715523249,0.247,0.40854616132167154,Low-High,Not significant
E01005435,Oldham 037B,Oldham,0.7168674698795181,0.3100027654175669,0.305,0.4307966804979253,High-High,Not significant
E01005436,Oldham 037D,Oldham,0.6333333333333333,0.33971351827338764,0.167,0.35440648379052375,High-High,Not significant
E01005437,Oldham 024C,Oldham,0.6988636363636364,0.6747492210807777,0.114,0.30603785488958996,High-High,Not significant
E01005438,Oldham 029E,Oldham,0.5425531914893617,-0.031107353804384195,0.368,0.45684609773887674,High-Low,Not significant
E01005439,Oldham 030E,Oldham,0.6461538461538462,0.5449303639708913,0.123,0.3129237668161435,High-High,Not significant
E01005440,Oldham 033D,Oldham,0.318007662835249,0.11170450609207407,0.365,0.45544721407624633,Low-Low,Not significant
E01005441,Oldham 002A,Oldham,0.3864406779661017,-0.3988955052240747,0.069,0.2487265135699374,Low-High,Not significant
E01005442,Oldham 002B,Oldham,0.5958904109589042,0.1353415720226866,0.345,0.446193009118541,High-High,Not significant
E01005443,Oldham 003B,Oldham,0.5793650793650794,0.026516771368211667,0.457,0.4864377736085054,High-High,Not significant
E01005444,Oldham 002C,Oldham,0.5826446280991735,0.09975190730024486,0.373,0.4589387166546503,High-High,Not significant
E01005445,Oldham 002D,Oldham,0.6005665722379604,0.08999774423980668,0.382,0.46275017793594303,High-High,Not significant
E01005446,Oldham 003C,Oldham,0.5476190476190477,0.04189659937613575,0.434,0.4768676565526146,High-High,Not significant
E01005447,Oldham 003D,Oldham,0.3972222222222222,-0.14515011316404702,0.26,0.4132297674418605,Low-High,Not significant
E01005448,Oldham 012A,Oldham,0.4069148936170212,-0.052903198466830566,0.41,0.4734192672998643,Low-High,Not significant
E01005449,Oldham 012B,Oldham,0.3362068965517241,-0.34499503360080364,0.154,0.342177545691906,Low-High,Not significant
E01005450,Oldham 019C,Oldham,0.6112956810631229,0.2232022677105697,0.318,0.435712,High-High,Not significant
E01005451,Oldham 019D,Oldham,0.465,-0.06656555372673748,0.15,0.3381456953642384,Low-High,Not significant
E01005452,Oldham 007C,Oldham,0.5572519083969466,-0.05361558420374789,0.353,0.44769448584202676,High-Low,Not significant
E01005453,Oldham 007D,Oldham,0.3653846153846153,-0.26185875474125975,0.209,0.38539328277356444,Low-High,Not significant
E01005454,Oldham 012C,Oldham,0.5112359550561798,0.005979161256209494,0.492,0.4954934911242604,High-High,Not significant
E01005455,Oldham 012D,Oldham,0.5911330049261084,-0.10761158419890479,0.317,0.43475745366639806,High-Low,Not significant
E01005456,Oldham 012E,Oldham,0.4959568733153638,-0.0024205407118588172,0.394,0.4652525951557094,High-Low,Not significant
E01005459,Oldham 024D,Oldham,0.3036649214659686,0.34656151020036385,0.219,0.39194321766561513,Low-Low,Not significant
E01005460,Oldham 036C,Oldham,0.5132075471698113,-0.08937936603516373,0.057,0.22989099526066353,High-Low,Not significant
E01005461,Oldham 037A,Oldham,0.6097560975609756,0.06518815646511456,0.45,0.48291298865069354,High-High,Not significant
E01005462,Oldham 037C,Oldham,0.553030303030303,0.027295649134068886,0.466,0.4901928306551298,High-High,Not significant
E01005463,Oldham 036D,Oldham,0.3588235294117647,0.474230495939043,0.075,0.25029411764705883,Low-Low,Not significant
E01005464,Rochdale 016A,Rochdale,0.3973063973063973,0.046866846013192465,0.397,0.46696199032481,Low-Low,Not significant
E01005465,Rochdale 016B,Rochdale,0.3250517598343685,0.6619729452287644,0.058,0.23282075471698116,Low-Low,Not significant
E01005466,Rochdale 016C,Rochdale,0.1852367688022284,0.90661497466957,0.15,0.3381456953642384,Low-Low,Not significant
E01005467,Rochdale 016D,Rochdale,0.3389830508474576,0.3150307340654218,0.194,0.37225253664036073,Low-Low,Not significant
E01005468,Rochdale 016E,Rochdale,0.3076923076923077,0.1679900844058592,0.338,0.44252,Low-Low,Not significant
E01005469,Rochdale 012A,Rochdale,0.6639004149377593,-0.47896956050718414,0.126,0.31417732558139533,High-Low,Not significant
E01005470,Rochdale 015A,Rochdale,0.6285714285714286,0.1431953164199929,0.382,0.46275017793594303,High-High,Not significant
E01005471,Rochdale 015B,Rochdale,0.6367924528301887,0.04239993399079227,0.461,0.4876457426973276,High-High,Not significant
E01005472,Rochdale 010A,Rochdale,0.4771428571428571,0.013801259702446327,0.331,0.4384140077821012,Low-Low,Not significant
E01005473,Rochdale 010B,Rochdale,0.5454545454545454,-0.06864888121120702,0.29,0.4255,High-Low,Not significant
E01005474,Rochdale 011A,Rochdale,0.6737967914438503,0.006424583555300045,0.486,0.49353937947494037,High-High,Not significant
E01005475,Rochdale 015C,Rochdale,0.4888059701492537,-0.0040550961988409006,0.28,0.42248226950354617,Low-High,Not significant
E01005476,Rochdale 017A,Rochdale,0.4117647058823529,0.2700051503475358,0.073,0.2498968253968254,Low-Low,Not significant
E01005477,Rochdale 017B,Rochdale,0.4557235421166307,0.06975859339567538,0.247,0.40854616132167154,Low-Low,Not significant
E01005478,Rochdale 017C,Rochdale,0.5603448275862069,-0.16023142153704467,0.138,0.324414364640884,High-Low,Not significant
E01005479,Rochdale 017D,Rochdale,0.4666666666666667,0.042098021477580516,0.244,0.40714509803921567,Low-Low,Not significant
E01005480,Rochdale 017E,Rochdale,0.2978723404255319,-0.13806299330344957,0.401,0.46939614855570844,Low-High,Not significant
E01005481,Rochdale 017F,Rochdale,0.3333333333333333,-0.008105063198479676,0.485,0.49340705319784817,Low-High,Not significant
E01005482,Rochdale 010C,Rochdale,0.2376126126126126,0.16804875535931965,0.333,0.43969433669511254,Low-Low,Not significant
E01005483,Rochdale 010D,Rochdale,0.5559440559440559,-0.03641240550995973,0.401,0.46939614855570844,High-Low,Not significant
E01005484,Rochdale 010E,Rochdale,0.2826086956521739,0.08104647573239789,0.415,0.4738458471760797,Low-Low,Not significant
E01005485,Rochdale 015D,Rochdale,0.5785123966942148,-0.11824316648492099,0.275,0.4205300988319856,High-Low,Not significant
E01005486,Rochdale 010F,Rochdale,0.4836601307189542,0.0018070783902760263,0.434,0.4768676565526146,Low-Low,Not significant
E01005487,Rochdale 010G,Rochdale,0.6262975778546713,-0.07145952338407029,0.395,0.4652525951557094,High-Low,Not significant
E01005488,Rochdale 006A,Rochdale,0.5159574468085106,0.04769418119028252,0.212,0.38715021459227467,High-High,Not significant
E01005489,Rochdale 005A,Rochdale,0.5827814569536424,0.011515136459932613,0.484,0.493274251497006,High-High,Not significant
E01005490,Rochdale 005B,Rochdale,0.4922279792746113,-0.0014285598295234528,0.286,0.42365481352992196,High-Low,Not significant
E01005491,Rochdale 005C,Rochdale,0.5,0.017451982475271903,0.242,0.40619723865877716,High-High,Not significant
E01005492,Rochdale 006B,Rochdale,0.6896551724137931,0.004779130469706401,0.483,0.493274251497006,High-High,Not significant
E01005493,Rochdale 005D,Rochdale,0.5018867924528302,0.019190433510861717,0.239,0.40395034756703074,High-High,Not significant
E01005494,Rochdale 005E,Rochdale,0.4659863945578231,-0.038180531293085025,0.287,0.42365481352992196,Low-High,Not significant
E01005495,Rochdale 005F,Rochdale,0.515625,-0.006610046065989535,0.44,0.48005128205128206,High-Low,Not significant
E01005496,Rochdale 009A,Rochdale,0.4494773519163763,-0.064353632678433,0.303,0.42903993344425956,Low-High,Not significant
E01005497,Rochdale 018A,Rochdale,0.2727272727272727,0.15567783271390717,0.363,0.45361674008810576,Low-Low,Not significant
E01005498,Rochdale 020A,Rochdale,0.5363636363636364,-0.025684832735620507,0.385,0.46374380750176925,High-Low,Not significant
E01005499,Rochdale 006C,Rochdale,0.6209677419354839,0.0472895937304582,0.445,0.4821254752851711,High-High,Not significant
E01005500,Rochdale 020B,Rochdale,0.5870445344129555,-0.07971024427770669,0.356,0.4491564121571534,High-Low,Not significant
E01005501,Rochdale 018B,Rochdale,0.3350253807106599,0.30374364970739925,0.186,0.370259649122807,Low-Low,Not significant
E01005502,Rochdale 018C,Rochdale,0.5671232876712329,-0.2529981613839124,0.122,0.31271686746987953,High-Low,Not significant
E01005503,Rochdale 020C,Rochdale,0.5217391304347826,-0.10352794482695325,0.117,0.3082569659442725,High-Low,Not significant
E01005504,Rochdale 018D,Rochdale,0.3582554517133956,0.26673117411064984,0.197,0.3742120535714286,Low-Low,Not significant
E01005505,Rochdale 018E,Rochdale,0.4548494983277591,0.10702671799796606,0.083,0.26306517690875236,Low-Low,Not significant
E01005506,Rochdale 020D,Rochdale,0.4416666666666666,0.08403882147920465,0.243,0.4062730844793713,Low-Low,Not significant
E01005507,Rochdale 020E,Rochdale,0.4444444444444444,0.14130627913692353,0.09,0.27353571428571427,Low-Low,Not significant
E01005508,Rochdale 020F,Rochdale,0.3184523809523809,0.2519900896732118,0.228,0.39690224032586563,Low-Low,Not significant
E01005509,Rochdale 018F,Rochdale,0.2780898876404494,1.0012778556820305,0.057,0.22989099526066353,Low-Low,Not significant
E01005510,Rochdale 019A,Rochdale,0.5978260869565217,-0.0986925887775584,0.336,0.44228306264501166,High-Low,Not significant
E01005511,Rochdale 019B,Rochdale,0.5185185185185185,0.06300616267602971,0.166,0.35440648379052375,High-High,Not significant
E01005512,Rochdale 019C,Rochdale,0.4548494983277591,-0.04720927991039345,0.339,0.44280736761320033,Low-High,Not significant
E01005513,Rochdale 019D,Rochdale,0.627906976744186,-0.08009093510915011,0.404,0.4709643835616439,High-Low,Not significant
E01005514,Rochdale 019E,Rochdale,0.4787234042553192,0.0022018439425880664,0.427,0.47531327665140616,Low-Low,Not significant
E01005515,Rochdale 019F,Rochdale,0.4447058823529412,0.038815238714923206,0.351,0.44769448584202676,Low-Low,Not significant
E01005516,Rochdale 003A,Rochdale,0.6875,0.19107829471528603,0.417,0.4738458471760797,High-High,Not significant
E01005517,Rochdale 003B,Rochdale,0.5829145728643216,0.1728619097203692,0.275,0.4205300988319856,High-High,Not significant
E01005518,Rochdale 001A,Rochdale,0.4846153846153846,5.3169771556003974e-05,0.471,0.4916425948592411,Low-Low,Not significant
E01005519,Rochdale 002A,Rochdale,0.538860103626943,-0.06151477205177797,0.287,0.42365481352992196,High-Low,Not significant
E01005520,Rochdale 001B,Rochdale,0.5602836879432624,-0.03150814868252078,0.406,0.4720027322404372,High-Low,Not significant
E01005521,Rochdale 003C,Rochdale,0.5524193548387096,0.023942940338454382,0.446,0.4821254752851711,High-High,Not significant
E01005522,Rochdale 001C,Rochdale,0.4529262086513995,-0.00011584265732173894,0.47,0.4916425948592411,Low-High,Not significant
E01005523,Rochdale 001D,Rochdale,0.3609625668449198,-0.09870792060268832,0.404,0.4709643835616439,Low-High,Not significant
E01005524,Rochdale 021A,Rochdale,0.4978723404255319,-0.03565131418001338,0.02,0.1406611570247934,High-Low,Not significant
E01005525,Rochdale 021B,Rochdale,0.2739420935412027,0.6738720328347668,0.141,0.3300990371389271,Low-Low,Not significant
E01005526,Rochdale 021C,Rochdale,0.1641791044776119,1.6385488913261814,0.005,0.05789115646258503,Low-Low,Not significant
E01005527,Rochdale 022A,Rochdale,0.0947712418300653,4.140921236854386,0.001,0.016686274509803922,Low-Low,Low-Low
E01005528,Rochdale 021D,Rochdale,0.4538745387453874,0.2469868405964223,0.01,0.09101604278074867,Low-Low,Not significant
E01005529,Rochdale 022B,Rochdale,0.1884498480243161,1.9867404044924621,0.01,0.09101604278074867,Low-Low,Not significant
E01005530,Rochdale 025A,Rochdale,0.6666666666666666,-0.3103034252645787,0.239,0.40395034756703074,High-Low,Not significant
E01005531,Rochdale 025B,Rochdale,0.4269662921348314,0.14666024556571722,0.173,0.36128343558282205,Low-Low,Not significant
E01005532,Rochdale 025C,Rochdale,0.2264808362369338,-0.34217068866507466,0.325,0.4358944050433412,Low-High,Not significant
E01005533,Rochdale 024A,Rochdale,0.4668769716088328,-0.016183420041468784,0.407,0.47219768234492154,Low-High,Not significant
E01005534,Rochdale 023A,Rochdale,0.3358208955223881,0.12691913975543112,0.376,0.4603971223021583,Low-Low,Not significant
E01005535,Rochdale 023B,Rochdale,0.4271523178807947,0.2563948156865665,0.056,0.22856594724220622,Low-Low,Not significant
E01005536,Rochdale 021E,Rochdale,0.3727034120734908,0.21668077961991586,0.22,0.39249475890985325,Low-Low,Not significant
E01005537,Rochdale 023C,Rochdale,0.535483870967742,0.03938567983536677,0.392,0.4651502086230877,High-High,Not significant
E01005538,Rochdale 023D,Rochdale,0.3744493392070485,0.1286849593370386,0.315,0.43475745366639806,Low-Low,Not significant
E01005539,Rochdale 024B,Rochdale,0.4143302180685358,0.15908625288439368,0.195,0.37291011235955057,Low-Low,Not significant
E01005540,Rochdale 023E,Rochdale,0.2460732984293193,0.044107436304231605,0.442,0.4813077415227127,Low-Low,Not significant
E01005541,Rochdale 023F,Rochdale,0.5719844357976653,-0.360433449748549,0.055,0.22776155717761556,High-Low,Not significant
E01005542,Rochdale 023G,Rochdale,0.3093093093093093,0.2264857103065961,0.27,0.4196712328767124,Low-Low,Not significant
E01005543,Rochdale 021F,Rochdale,0.6148648648648649,-0.1394254644843962,0.261,0.4132297674418605,High-Low,Not significant
E01005544,Rochdale 025D,Rochdale,0.675392670157068,0.17946871272555298,0.381,0.46275017793594303,High-High,Not significant
E01005545,Rochdale 025E,Rochdale,0.5894039735099338,0.24124548466780457,0.19,0.37134545454545453,High-High,Not significant
E01005546,Rochdale 024C,Rochdale,0.38,0.3091369020450586,0.087,0.2692254545454545,Low-Low,Not significant
E01005547,Rochdale 024D,Rochdale,0.4201183431952662,-0.00231395103128456,0.476,0.49249361702127653,Low-High,Not significant
E01005548,Rochdale 024E,Rochdale,0.3035019455252918,0.16627866523589238,0.341,0.44405661820964043,Low-Low,Not significant
E01005549,Rochdale 025F,Rochdale,0.7380952380952381,0.13206451134398664,0.427,0.47531327665140616,High-High,Not significant
E01005550,Rochdale 025G,Rochdale,0.7437185929648241,0.4049960496524468,0.303,0.42903993344425956,High-High,Not significant
E01005551,Rochdale 022C,Rochdale,0.1017316017316017,3.9747705898198915,0.001,0.016686274509803922,Low-Low,Low-Low
E01005552,Rochdale 022D,Rochdale,0.1983471074380165,2.511199685862976,0.005,0.05789115646258503,Low-Low,Not significant
E01005553,Rochdale 022E,Rochdale,0.2958579881656805,1.614054028997221,0.001,0.016686274509803922,Low-Low,Low-Low
E01005554,Rochdale 022F,Rochdale,0.1947743467933491,1.7002715363611205,0.005,0.05789115646258503,Low-Low,Not significant
E01005555,Rochdale 014A,Rochdale,0.52,-0.0006681003306205624,0.471,0.4916425948592411,High-Low,Not significant
E01005556,Rochdale 013A,Rochdale,0.519163763066202,0.0187375363061872,0.435,0.4770425257731959,High-High,Not significant
E01005557,Rochdale 014B,Rochdale,0.7368421052631579,0.08532939448130102,0.496,0.4977547169811321,High-High,Not significant
E01005558,Rochdale 014C,Rochdale,0.5333333333333333,0.10128986803517843,0.167,0.35440648379052375,High-High,Not significant
E01005559,Rochdale 013B,Rochdale,0.3514376996805112,-0.10194362315298185,0.425,0.4749507550886409,Low-High,Not significant
E01005560,Rochdale 013C,Rochdale,0.6370967741935484,-0.04686687007239852,0.419,0.4738458471760797,High-Low,Not significant
E01005561,Rochdale 014D,Rochdale,0.450199203187251,-0.1367590661245355,0.063,0.2404170403587444,Low-High,Not significant
E01005562,Rochdale 014E,Rochdale,0.5,0.024063499420959426,0.162,0.35034815756035576,High-High,Not significant
E01005563,Rochdale 012B,Rochdale,0.5115606936416185,-0.06229211780330063,0.107,0.29805891980360066,High-Low,Not significant
E01005564,Rochdale 015E,Rochdale,0.3809523809523809,0.027638163348896072,0.441,0.4808340807174888,Low-Low,Not significant
E01005565,Rochdale 012C,Rochdale,0.3620689655172414,0.24525268233733208,0.224,0.3958961578400831,Low-Low,Not significant
E01005566,Rochdale 012D,Rochdale,0.3831521739130434,0.18459307066065678,0.233,0.40016750756811303,Low-Low,Not significant
E01005567,Rochdale 013D,Rochdale,0.3726937269372694,0.2540370692629283,0.161,0.34951785714285716,Low-Low,Not significant
E01005568,Rochdale 012E,Rochdale,0.2781954887218045,0.7280581410380693,0.089,0.2724424460431654,Low-Low,Not significant
E01005569,Rochdale 012F,Rochdale,0.3598326359832636,0.3984063899060515,0.123,0.3129237668161435,Low-Low,Not significant
E01005570,Rochdale 007A,Rochdale,0.6321243523316062,0.20086227783397012,0.324,0.4358944050433412,High-High,Not significant
E01005571,Rochdale 006D,Rochdale,0.4917355371900826,0.001657239990018993,0.19,0.37134545454545453,High-High,Not significant
E01005572,Rochdale 007B,Rochdale,0.6432432432432432,0.2312461110025993,0.319,0.435712,High-High,Not significant
E01005573,Rochdale 007C,Rochdale,0.5142857142857142,0.06883611403270626,0.133,0.3188253521126761,High-High,Not significant
E01005574,Rochdale 007D,Rochdale,0.4975369458128079,0.013024116750077941,0.155,0.3426103896103896,High-High,Not significant
E01005575,Rochdale 011B,Rochdale,0.534965034965035,0.14683641252129442,0.101,0.29037500000000005,High-High,Not significant
E01005576,Rochdale 011C,Rochdale,0.6453488372093024,0.5173866188817342,0.133,0.3188253521126761,High-High,Not significant
E01005577,Rochdale 011D,Rochdale,0.6463414634146342,0.3586464235850456,0.231,0.3979372469635628,High-High,Not significant
E01005578,Rochdale 004A,Rochdale,0.3705357142857143,0.20976858136941032,0.228,0.39690224032586563,Low-Low,Not significant
E01005579,Rochdale 004B,Rochdale,0.5038461538461538,-0.029230293917148174,0.17,0.35809405940594063,High-Low,Not significant
E01005580,Rochdale 008A,Rochdale,0.575187969924812,-0.20161340612611542,0.16,0.34868117797695264,High-Low,Not significant
E01005581,Rochdale 008B,Rochdale,0.4129213483146067,0.005241356466833132,0.471,0.4916425948592411,Low-Low,Not significant
E01005583,Rochdale 008D,Rochdale,0.3981900452488687,0.12956708758681665,0.273,0.4205300988319856,Low-Low,Not significant
E01005585,Rochdale 008F,Rochdale,0.4713114754098361,0.07732813972989128,0.047,0.2094083769633508,Low-Low,Not significant
E01005586,Rochdale 004C,Rochdale,0.2978723404255319,0.5927528194403318,0.115,0.3063067292644758,Low-Low,Not significant
E01005587,Rochdale 007E,Rochdale,0.4964539007092198,0.010288988435523273,0.25,0.4095283926852743,High-High,Not significant
E01005588,Rochdale 007F,Rochdale,0.4464831804281345,0.008063666135718349,0.449,0.48275300063171195,Low-Low,Not significant
E01005589,Rochdale 009B,Rochdale,0.5250737463126843,0.027345236752348782,0.409,0.4732277362338545,High-High,Not significant
E01005590,Rochdale 009C,Rochdale,0.5607476635514018,-0.09252715876288606,0.255,0.41216524216524214,High-Low,Not significant
E01005591,Rochdale 009D,Rochdale,0.5017182130584192,-0.0015617765837432707,0.447,0.4821254752851711,High-Low,Not significant
E01005592,Rochdale 009E,Rochdale,0.4151624548736462,-0.13728804095519034,0.225,0.3964285714285714,Low-High,Not significant
E01005593,Rochdale 004D,Rochdale,0.2035928143712574,1.250540719822464,0.069,0.2487265135699374,Low-Low,Not significant
E01005594,Rochdale 002B,Rochdale,0.5,-0.03602217118691657,0.039,0.19580530973451327,High-Low,Not significant
E01005595,Rochdale 004E,Rochdale,0.2269129287598944,1.2347217564417179,0.056,0.22856594724220622,Low-Low,Not significant
E01005596,Rochdale 003D,Rochdale,0.4224924012158054,0.15183214794480204,0.099,0.28656122448979593,Low-Low,Not significant
E01005597,Rochdale 002C,Rochdale,0.3120300751879699,0.25375427699056485,0.264,0.4148919667590028,Low-Low,Not significant
E01005598,Rochdale 002D,Rochdale,0.5514018691588785,-0.17202538073799722,0.154,0.342177545691906,High-Low,Not significant
E01005599,Salford 026A,Salford,0.380184331797235,0.23980577006872283,0.152,0.3399526938239159,Low-Low,Not significant
E01005600,Salford 026B,Salford,0.2463503649635036,-0.1277000356937259,0.46,0.4876457426973276,Low-High,Not significant
E01005601,Salford 026C,Salford,0.4671052631578947,0.07314411586071715,0.117,0.3082569659442725,Low-Low,Not significant
E01005602,Salford 026D,Salford,0.5,-0.00825450800278959,0.329,0.43746718749999997,High-Low,Not significant
E01005603,Salford 027A,Salford,0.5024038461538461,-0.028281600476198744,0.136,0.3228340306834031,High-Low,Not significant
E01005604,Salford 027B,Salford,0.4275862068965517,-0.10302599411831738,0.307,0.43182975206611574,Low-High,Not significant
E01005605,Salford 027C,Salford,0.4720812182741117,-0.02294349545096802,0.32,0.435712,Low-High,Not significant
E01005610,Salford 034C,Salford,0.0365296803652968,4.662306439266542,0.001,0.016686274509803922,Low-Low,Low-Low
E01005611,Salford 032C,Salford,0.3317901234567901,1.4760620616136217,0.001,0.016686274509803922,Low-Low,Low-Low
E01005612,Salford 031B,Salford,0.1142857142857142,1.9979118266827236,0.007,0.07264634146341463,Low-Low,Not significant
E01005613,Salford 031A,Salford,0.4155629139072848,0.506420370158222,0.003,0.04020472440944882,Low-Low,Low-Low
E01005614,Salford 031C,Salford,0.4734982332155477,0.1128871671425519,0.034,0.1819748427672956,Low-Low,Not significant
E01005615,Salford 032D,Salford,0.64453125,-1.1300051787212293,0.024,0.15185130111524164,High-Low,Not significant
E01005616,Salford 030A,Salford,0.4952380952380952,0.008218168437999981,0.261,0.4132297674418605,High-High,Not significant
E01005617,Salford 030B,Salford,0.7025641025641025,-0.29131375851921354,0.319,0.435712,High-Low,Not significant
E01005618,Salford 030C,Salford,0.5076142131979695,-0.0014465992669479059,0.453,0.4843002512562814,High-Low,Not significant
E01005619,Salford 030D,Salford,0.635,-0.3153560810876124,0.215,0.3892872340425532,High-Low,Not significant
E01005620,Salford 030E,Salford,0.418013856812933,-0.1235450352342569,0.292,0.4265882352941176,Low-High,Not significant
E01005621,Salford 030F,Salford,0.351010101010101,-0.33722179593578244,0.156,0.34348253557567915,Low-High,Not significant
E01005622,Salford 018A,Salford,0.6970588235294117,0.8034876251951852,0.095,0.2812,High-High,Not significant
E01005623,Salford 018B,Salford,0.8248587570621468,-0.13144298498475418,0.414,0.4738458471760797,High-Low,Not significant
E01005624,Salford 017A,Salford,0.4452380952380952,-0.11359843243938046,0.161,0.34951785714285716,Low-High,Not significant
E01005625,Salford 015A,Salford,0.539906103286385,0.037730361491877175,0.424,0.4749507550886409,High-High,Not significant
E01005626,Salford 018C,Salford,0.6716417910447762,0.3332246809401022,0.239,0.40395034756703074,High-High,Not significant
E01005627,Salford 015B,Salford,0.6015037593984962,0.11142462934213775,0.377,0.4609583333333333,High-High,Not significant
E01005628,Salford 018D,Salford,0.5779816513761468,0.13293937484304913,0.353,0.44769448584202676,High-High,Not significant
E01005629,Salford 021A,Salford,0.4741641337386018,-0.08072008978369866,0.02,0.1406611570247934,Low-High,Not significant
E01005630,Salford 021B,Salford,0.5946969696969697,-0.17134575416500655,0.249,0.4090714285714286,High-Low,Not significant
E01005631,Salford 020A,Salford,0.4451450189155107,0.11017948186182897,0.198,0.3748565072302559,Low-Low,Not significant
E01005632,Salford 020B,Salford,0.3063063063063063,0.12612903522120952,0.348,0.44667873303167416,Low-Low,Not significant
E01005633,Salford 020C,Salford,0.3560975609756097,-0.2122861128959842,0.314,0.43449430894308944,Low-High,Not significant
E01005634,Salford 020D,Salford,0.6233766233766234,-0.27799841592709745,0.191,0.37134545454545453,High-Low,Not significant
E01005635,Salford 020E,Salford,0.6270718232044199,-0.46689179166196,0.062,0.2387420814479638,High-Low,Not significant
E01005636,Salford 020F,Salford,0.3738317757009345,0.09452647904780084,0.351,0.44769448584202676,Low-Low,Not significant
E01005637,Salford 020G,Salford,0.525679758308157,0.019171476995763055,0.447,0.4821254752851711,High-High,Not significant
E01005638,Salford 027D,Salford,0.3865698729582577,0.33688076391172467,0.085,0.2644789762340037,Low-Low,Not significant
E01005639,Salford 029A,Salford,0.2158590308370044,-0.4879945969006126,0.331,0.4384140077821012,Low-High,Not significant
E01005640,Salford 029B,Salford,0.4635416666666667,-0.002670294545558777,0.478,0.493274251497006,Low-High,Not significant
E01005641,Salford 029C,Salford,0.5176470588235295,-0.03843309695064604,0.286,0.42365481352992196,High-Low,Not significant
E01005642,Salford 029D,Salford,0.4714285714285714,-0.05807163234366029,0.099,0.28656122448979593,Low-High,Not significant
E01005643,Salford 029E,Salford,0.6460176991150443,-0.17005028321933072,0.276,0.42054789615040294,High-Low,Not significant
E01005644,Salford 029F,Salford,0.5525114155251142,0.15647477880668426,0.178,0.3650072289156626,High-High,Not significant
E01005645,Salford 029G,Salford,0.5849056603773585,0.0024450657292375833,0.474,0.49221964612568636,High-High,Not significant
E01005646,Salford 010A,Salford,0.3838383838383838,-0.03470429343278899,0.474,0.49221964612568636,Low-High,Not significant
E01005647,Salford 011A,Salford,0.4482758620689655,-0.15839995852171787,0.073,0.2498968253968254,Low-High,Not significant
E01005648,Salford 011B,Salford,0.4534883720930232,0.1224024389029762,0.067,0.2479,Low-Low,Not significant
E01005649,Salford 010B,Salford,0.4735294117647058,0.005082857341722137,0.423,0.4749507550886409,Low-Low,Not significant
E01005650,Salford 010C,Salford,0.3882063882063882,0.33725175092628645,0.04,0.19790697674418603,Low-Low,Not significant
E01005651,Salford 010D,Salford,0.4841269841269841,0.02783674428069196,0.063,0.2404170403587444,Low-Low,Not significant
E01005652,Salford 011C,Salford,0.3908045977011494,0.4156501826414449,0.074,0.2498968253968254,Low-Low,Not significant
E01005653,Salford 011D,Salford,0.5102564102564102,-0.1467451900112096,0.004,0.05080597014925373,High-Low,Not significant
E01005654,Salford 023A,Salford,0.3663522012578616,0.777444163255538,0.011,0.09650515463917525,Low-Low,Not significant
E01005656,Salford 023B,Salford,0.4688221709006928,0.09021193823648237,0.08,0.2588593155893536,Low-Low,Not significant
E01005657,Salford 023C,Salford,0.513953488372093,-0.1043799922930093,0.047,0.2094083769633508,High-Low,Not significant
E01005659,Salford 001A,Salford,0.3002754820936639,0.7309600660735426,0.05,0.21653944020356236,Low-Low,Not significant
E01005660,Salford 001B,Salford,0.2401129943502825,1.689038015178621,0.003,0.04020472440944882,Low-Low,Low-Low
E01005661,Salford 004A,Salford,0.3237179487179487,1.2182653473824374,0.001,0.016686274509803922,Low-Low,Low-Low
E01005662,Salford 004B,Salford,0.35,0.24101294603899065,0.226,0.39690224032586563,Low-Low,Not significant
E01005663,Salford 001C,Salford,0.2469879518072289,1.3059282906682552,0.004,0.05080597014925373,Low-Low,Not significant
E01005664,Salford 001D,Salford,0.3312302839116719,1.0985258568970795,0.007,0.07264634146341463,Low-Low,Not significant
E01005665,Salford 001E,Salford,0.1280898876404494,2.6749066346096466,0.001,0.016686274509803922,Low-Low,Low-Low
E01005667,Salford 035C,Salford,0.1248322147651006,5.075154121161511,0.001,0.016686274509803922,Low-Low,Low-Low
E01005670,Salford 005A,Salford,0.2729805013927576,0.4362325147171085,0.173,0.36128343558282205,Low-Low,Not significant
E01005671,Salford 012A,Salford,0.3955431754874652,0.11023115771526507,0.323,0.4358944050433412,Low-Low,Not significant
E01005672,Salford 005B,Salford,0.6678700361010831,-0.5044627615264409,0.113,0.30576470588235294,High-Low,Not significant
E01005673,Salford 008A,Salford,0.4365079365079365,0.23018038566967072,0.033,0.17944408945686902,Low-Low,Not significant
E01005674,Salford 012B,Salford,0.453781512605042,-0.004529870060580183,0.498,0.4991731448763251,Low-High,Not significant
E01005676,Salford 005C,Salford,0.5165562913907285,0.11028522891278365,0.078,0.25579190751445086,High-High,Not significant
E01005677,Salford 005D,Salford,0.5818965517241379,-0.11818138623053381,0.241,0.4053181818181818,High-Low,Not significant
E01005678,Salford 008C,Salford,0.3266932270916334,0.5730156416752409,0.07,0.2487265135699374,Low-Low,Not significant
E01005679,Salford 008D,Salford,0.3442211055276382,0.8451118424542255,0.021,0.14354216867469882,Low-Low,Not significant
E01005680,Salford 017B,Salford,0.4285714285714285,0.32063066071187807,0.003,0.04020472440944882,Low-Low,Low-Low
E01005681,Salford 024C,Salford,0.1697530864197531,3.4548007846405078,0.001,0.016686274509803922,Low-Low,Low-Low
E01005682,Salford 024D,Salford,0.0543209876543209,4.553027909637804,0.001,0.016686274509803922,Low-Low,Low-Low
E01005683,Salford 017C,Salford,0.0677083333333333,2.6601063863141903,0.005,0.05789115646258503,Low-Low,Not significant
E01005686,Salford 006A,Salford,0.5361842105263158,-0.04216089492846612,0.32,0.435712,High-Low,Not significant
E01005687,Salford 009A,Salford,0.5418994413407822,-0.0035441390356725343,0.431,0.4768249027237354,High-Low,Not significant
E01005688,Salford 006B,Salford,0.4788732394366197,-0.0015903703171226934,0.486,0.49353937947494037,Low-High,Not significant
E01005689,Salford 009B,Salford,0.2125,-0.5105991215613533,0.327,0.43746718749999997,Low-High,Not significant
E01005690,Salford 009C,Salford,0.5543071161048689,-0.036725245673537715,0.382,0.46275017793594303,High-Low,Not significant
E01005691,Salford 006C,Salford,0.5204918032786885,-0.05095470953165933,0.206,0.38318251366120215,High-Low,Not significant
E01005692,Salford 006D,Salford,0.2803970223325062,-0.1354043292830933,0.433,0.4768676565526146,Low-High,Not significant
E01005693,Salford 009D,Salford,0.5954545454545455,0.08159733520981928,0.447,0.4821254752851711,High-High,Not significant
E01005694,Salford 012C,Salford,0.4290322580645161,0.08163498079257386,0.248,0.4090714285714286,Low-Low,Not significant
E01005695,Salford 014A,Salford,0.5698324022346368,0.022205296909657342,0.484,0.493274251497006,High-High,Not significant
E01005696,Salford 012D,Salford,0.3760445682451253,-0.16585953010453172,0.278,0.4213321460373999,Low-High,Not significant
E01005697,Salford 014B,Salford,0.6666666666666666,0.19384874944524888,0.374,0.4589387166546503,High-High,Not significant
E01005698,Salford 012E,Salford,0.3300970873786408,0.08328655874737266,0.393,0.4651502086230877,Low-Low,Not significant
E01005699,Salford 015C,Salford,0.6105769230769231,-0.3305019124934336,0.158,0.3456503856041131,High-Low,Not significant
E01005700,Salford 012F,Salford,0.5126353790613718,-0.009625042327672395,0.405,0.47148426812585503,High-Low,Not significant
E01005701,Salford 015D,Salford,0.5092592592592593,-0.015973965879653544,0.324,0.4358944050433412,High-Low,Not significant
E01005702,Salford 003A,Salford,0.2085385878489326,1.1740539414737081,0.02,0.1406611570247934,Low-Low,Not significant
E01005703,Salford 002A,Salford,0.2518703241895262,1.5303644723604706,0.01,0.09101604278074867,Low-Low,Not significant
E01005704,Salford 002B,Salford,0.4936170212765957,-0.016422038590550164,0.012,0.10212,High-Low,Not significant
E01005706,Salford 002C,Salford,0.460431654676259,0.17240781332934116,0.013,0.10586602870813396,Low-Low,Not significant
E01005707,Salford 003C,Salford,0.2553763440860215,1.1371373240044358,0.034,0.1819748427672956,Low-Low,Not significant
E01005708,Salford 002D,Salford,0.3473193473193473,0.7594783149362117,0.018,0.13148497854077254,Low-Low,Not significant
E01005709,Salford 004C,Salford,0.2083333333333333,2.079487870222768,0.009,0.0851,Low-Low,Not significant
E01005710,Salford 004D,Salford,0.2048,1.4411987487654832,0.031,0.17299016393442623,Low-Low,Not significant
E01005711,Salford 007A,Salford,0.50199203187251,-0.04990815983144204,0.03,0.1685148514851485,High-Low,Not significant
E01005712,Salford 007B,Salford,0.371002132196162,0.36267542549054665,0.098,0.2856095890410959,Low-Low,Not significant
E01005713,Salford 007C,Salford,0.5100401606425703,-0.0779001179747849,0.049,0.21494329896907216,High-Low,Not significant
E01005714,Salford 007D,Salford,0.2987421383647798,0.022068207389822576,0.457,0.4864377736085054,Low-Low,Not significant
E01005715,Salford 007E,Salford,0.5397923875432526,-0.1391163280200466,0.111,0.3022752,High-Low,Not significant
E01005716,Salford 013A,Salford,0.4070351758793969,0.07575000281943518,0.329,0.43746718749999997,Low-Low,Not significant
E01005717,Salford 013B,Salford,0.3177083333333333,-0.19244764365836592,0.37,0.4569956458635704,Low-High,Not significant
E01005718,Salford 007F,Salford,0.4240837696335078,0.25091449328270626,0.042,0.20193220338983053,Low-Low,Not significant
E01005719,Salford 021C,Salford,0.2728706624605678,0.07072030881684495,0.426,0.47513237221494103,Low-Low,Not significant
E01005721,Salford 023D,Salford,0.3527777777777778,0.01698804127352314,0.44,0.48005128205128206,Low-Low,Not significant
E01005722,Salford 021E,Salford,0.3824130879345603,0.13605438290418603,0.275,0.4205300988319856,Low-Low,Not significant
E01005723,Salford 021F,Salford,0.2637362637362637,1.5609896804739636,0.001,0.016686274509803922,Low-Low,Low-Low
E01005724,Salford 021G,Salford,0.4854771784232365,0.00013419411256700552,0.467,0.4909413218035825,Low-Low,Not significant
E01005725,Salford 019A,Salford,0.2740384615384615,-0.3893583795207337,0.276,0.42054789615040294,Low-High,Not significant
E01005726,Salford 019B,Salford,0.582995951417004,-0.16539223479493448,0.203,0.38051321585903086,High-Low,Not significant
E01005727,Salford 019C,Salford,0.5343283582089552,-0.046270357275299503,0.313,0.43449430894308944,High-Low,Not significant
E01005728,Salford 019D,Salford,0.5020746887966805,-0.022994966584317867,0.16,0.34868117797695264,High-Low,Not significant
E01005729,Salford 025A,Salford,0.2296918767507002,0.286152380269504,0.333,0.43969433669511254,Low-Low,Not significant
E01005730,Salford 025B,Salford,0.446875,0.11442745191816714,0.118,0.3094545454545454,Low-Low,Not significant
E01005731,Salford 025C,Salford,0.2882882882882883,0.2897092977018225,0.285,0.42365481352992196,Low-Low,Not significant
E01005732,Salford 025D,Salford,0.3370165745856354,0.12148592859770121,0.347,0.4464051398337112,Low-Low,Not significant
E01005733,Salford 019E,Salford,0.5954198473282443,-0.22109117966983505,0.247,0.40854616132167154,High-Low,Not significant
E01005734,Salford 013C,Salford,0.5021097046413502,-0.0013276534046718026,0.451,0.4830723725613593,High-Low,Not significant
E01005735,Salford 013D,Salford,0.6301369863013698,-0.2878458226662778,0.185,0.370259649122807,High-Low,Not significant
E01005736,Salford 013E,Salford,0.4930875576036866,-0.0015675682480996206,0.348,0.44667873303167416,High-Low,Not significant
E01005737,Salford 013F,Salford,0.529126213592233,-0.05151438944756773,0.198,0.3748565072302559,High-Low,Not significant
E01005738,Salford 014C,Salford,0.4324324324324324,0.07050071155849257,0.26,0.4132297674418605,Low-Low,Not significant
E01005739,Salford 013G,Salford,0.2981927710843373,-0.2177647289621987,0.367,0.45660380116959065,Low-High,Not significant
E01005740,Salford 014D,Salford,0.4430894308943089,0.055044122372600736,0.293,0.4265882352941176,Low-Low,Not significant
E01005741,Salford 014E,Salford,0.4878048780487805,-0.0024142950855953254,0.417,0.4738458471760797,Low-High,Not significant
E01005742,Salford 014F,Salford,0.5732758620689655,0.21420660273548708,0.191,0.37134545454545453,High-High,Not significant
E01005743,Stockport 009A,Stockport,0.7584269662921348,0.1287584441925477,0.432,0.4768249027237354,High-High,Not significant
E01005744,Stockport 009B,Stockport,0.4156378600823045,0.00690659063581379,0.448,0.48259240506329115,Low-Low,Not significant
E01005745,Stockport 005A,Stockport,0.6703910614525139,0.30782243138367527,0.224,0.3958961578400831,High-High,Not significant
E01005746,Stockport 005B,Stockport,0.4098360655737705,-0.35553006639002316,0.044,0.20405449591280653,Low-High,Not significant
E01005747,Stockport 005C,Stockport,0.7034883720930233,1.260337659887343,0.013,0.10586602870813396,High-High,Not significant
E01005748,Stockport 005D,Stockport,0.7208121827411168,1.284769532517851,0.014,0.11134579439252336,High-High,Not significant
E01005749,Stockport 009C,Stockport,0.5260869565217391,0.011050452528626294,0.483,0.493274251497006,High-High,Not significant
E01005750,Stockport 009D,Stockport,0.7068965517241379,1.1973966552672828,0.015,0.11711009174311926,High-High,Not significant
E01005751,Stockport 009E,Stockport,0.7288888888888889,0.09888989568798345,0.482,0.493274251497006,High-High,Not significant
E01005752,Stockport 012A,Stockport,0.3796992481203007,-0.12057380065396406,0.37,0.4569956458635704,Low-High,Not significant
E01005753,Stockport 004A,Stockport,0.4338624338624338,0.2757856013272002,0.051,0.2186448362720403,Low-Low,Not significant
E01005754,Stockport 004B,Stockport,0.3297101449275362,0.07874361375452,0.392,0.4651502086230877,Low-Low,Not significant
E01005755,Stockport 004C,Stockport,0.5255813953488372,0.1062166896597088,0.075,0.25029411764705883,High-High,Not significant
E01005756,Stockport 004D,Stockport,0.1365638766519823,0.2786667785024684,0.35,0.44769448584202676,Low-Low,Not significant
E01005757,Stockport 014A,Stockport,0.6989247311827957,0.446933879157363,0.17,0.35809405940594063,High-High,Not significant
E01005759,Stockport 023A,Stockport,0.5,0.022101026501408085,0.116,0.30800624024961,High-High,Not significant
E01005760,Stockport 023B,Stockport,0.6187214611872146,0.5146936505321068,0.035,0.18329230769230773,High-High,Not significant
E01005761,Stockport 026A,Stockport,0.6479591836734694,-0.35093990649116885,0.186,0.370259649122807,High-Low,Not significant
E01005762,Stockport 026B,Stockport,0.1869158878504672,-1.6398354544075402,0.001,0.016686274509803922,Low-High,Low-High
E01005763,Stockport 026C,Stockport,0.5174129353233831,-0.05883479316705301,0.188,0.3703425925925926,High-Low,Not significant
E01005764,Stockport 016A,Stockport,0.7954545454545454,0.3321808525638412,0.331,0.4384140077821012,High-High,Not significant
E01005765,Stockport 018A,Stockport,0.7790697674418605,1.6065146034806712,0.014,0.11134579439252336,High-High,Not significant
E01005766,Stockport 014C,Stockport,0.4671201814058957,0.048319918907613356,0.197,0.3742120535714286,Low-Low,Not significant
E01005767,Stockport 028A,Stockport,0.7230769230769231,0.540162324865,0.149,0.3381456953642384,High-High,Not significant
E01005768,Stockport 025A,Stockport,0.4392523364485981,-0.150901021233555,0.104,0.2950133333333333,Low-High,Not significant
E01005769,Stockport 022A,Stockport,0.5505882352941176,0.2173551916116715,0.032,0.1762588996763754,High-High,Not significant
E01005770,Stockport 025B,Stockport,0.472,-0.043815961250749186,0.268,0.4184733944954129,Low-High,Not significant
E01005771,Stockport 025C,Stockport,0.6581632653061225,-0.06755216212054023,0.412,0.4738458471760797,High-Low,Not significant
E01005772,Stockport 028B,Stockport,0.6736842105263158,0.7674249160161666,0.03,0.1685148514851485,High-High,Not significant
E01005773,Stockport 028C,Stockport,0.5964912280701754,0.1802220847111482,0.253,0.41088358778625955,High-High,Not significant
E01005774,Stockport 028D,Stockport,0.4094827586206896,-0.25821544470645214,0.111,0.3022752,Low-High,Not significant
E01005775,Stockport 025D,Stockport,0.6638297872340425,0.08910008705836887,0.421,0.4745311258278146,High-High,Not significant
E01005776,Stockport 028E,Stockport,0.5954545454545455,0.4878969336634471,0.029,0.16731525423728816,High-High,Not significant
E01005777,Stockport 034A,Stockport,0.7142857142857143,0.6558845702348384,0.098,0.2856095890410959,High-High,Not significant
E01005778,Stockport 022B,Stockport,0.735632183908046,1.069742371355278,0.017,0.12746255506607929,High-High,Not significant
E01005779,Stockport 022C,Stockport,0.7142857142857143,0.5772741586765906,0.168,0.35564179104477617,High-High,Not significant
E01005780,Stockport 022D,Stockport,0.657608695652174,0.21402787219119243,0.347,0.4464051398337112,High-High,Not significant
E01005781,Stockport 022E,Stockport,0.4764267990074441,-0.026233276572783282,0.212,0.38715021459227467,Low-High,Not significant
E01005782,Stockport 030A,Stockport,0.5888324873096447,0.042530142440593194,0.463,0.48824411400247836,High-High,Not significant
E01005783,Stockport 030B,Stockport,0.5614973262032086,0.15200933718357484,0.214,0.38913247863247863,High-High,Not significant
E01005784,Stockport 030C,Stockport,0.5751633986928104,0.2676103874703943,0.07,0.2487265135699374,High-High,Not significant
E01005785,Stockport 030D,Stockport,0.7487179487179487,0.6382684683703537,0.177,0.364273276904474,High-High,Not significant
E01005786,Stockport 030E,Stockport,0.3789173789173789,-0.43467671641483946,0.046,0.20933689839572192,Low-High,Not significant
E01005787,Stockport 034B,Stockport,0.6296296296296297,-0.018317153988660313,0.446,0.4821254752851711,High-Low,Not significant
E01005788,Stockport 034C,Stockport,0.5841121495327103,0.34247486769727375,0.035,0.18329230769230773,High-High,Not significant
E01005789,Stockport 039A,Stockport,0.5407407407407407,0.15442951837923605,0.093,0.27769473684210527,High-High,Not significant
E01005790,Stockport 034D,Stockport,0.3125,-0.5044723047494695,0.174,0.36292647058823524,Low-High,Not significant
E01005791,Stockport 039B,Stockport,0.6736842105263158,0.6860927025111199,0.052,0.22125999999999998,High-High,Not significant
E01005792,Stockport 041A,Stockport,0.6802325581395349,0.7636250533023409,0.037,0.18968072289156626,High-High,Not significant
E01005793,Stockport 039C,Stockport,0.4976303317535545,0.02485533986061908,0.049,0.21494329896907216,High-High,Not significant
E01005794,Stockport 041B,Stockport,0.644927536231884,0.932208082192374,0.008,0.07780571428571428,High-High,Not significant
E01005795,Stockport 039D,Stockport,0.6513157894736842,0.824817674263624,0.026,0.1591798561151079,High-High,Not significant
E01005796,Stockport 039E,Stockport,0.5950413223140496,-0.006956127832370504,0.456,0.4859812147777082,High-Low,Not significant
E01005797,Stockport 023C,Stockport,0.707936507936508,0.706971065158598,0.105,0.2962430213464696,High-High,Not significant
E01005798,Stockport 027A,Stockport,0.5909090909090909,0.4320803509795475,0.008,0.07780571428571428,High-High,Not significant
E01005799,Stockport 026D,Stockport,0.4345549738219895,-0.016450166639035653,0.496,0.4977547169811321,Low-High,Not significant
E01005800,Stockport 023D,Stockport,0.6182572614107884,0.23825584297998562,0.234,0.4002693467336684,High-High,Not significant
E01005801,Stockport 027B,Stockport,0.4156769596199525,-0.4174059974635689,0.001,0.016686274509803922,Low-High,Low-High
E01005802,Stockport 027C,Stockport,0.8118279569892473,0.824367852013623,0.237,0.4025688622754491,High-High,Not significant
E01005803,Stockport 027D,Stockport,0.6898395721925134,0.8819659639022055,0.013,0.10586602870813396,High-High,Not significant
E01005804,Stockport 023E,Stockport,0.7435897435897436,0.9886764967934912,0.097,0.2841549053356282,High-High,Not significant
E01005805,Stockport 035A,Stockport,0.6551724137931034,0.8959115922929581,0.015,0.11711009174311926,High-High,Not significant
E01005806,Stockport 033A,Stockport,0.6482758620689655,1.064512974376663,0.001,0.016686274509803922,High-High,High-High
E01005807,Stockport 035B,Stockport,0.7294117647058823,1.264179630188245,0.016,0.12211659192825111,High-High,Not significant
E01005808,Stockport 037A,Stockport,0.802547770700637,1.8519154210432298,0.012,0.10212,High-High,Not significant
E01005809,Stockport 037B,Stockport,0.6484848484848484,1.1765950536618925,0.001,0.016686274509803922,High-High,High-High
E01005810,Stockport 037C,Stockport,0.679324894514768,0.9759099308067822,0.021,0.14354216867469882,High-High,Not significant
E01005811,Stockport 037D,Stockport,0.5320197044334976,0.27834448943483125,0.005,0.05789115646258503,High-High,Not significant
E01005812,Stockport 037E,Stockport,0.6944444444444444,1.1965096129009263,0.002,0.029599999999999998,High-High,High-High
E01005813,Stockport 033B,Stockport,0.6735751295336787,0.7158933163738384,0.047,0.2094083769633508,High-High,Not significant
E01005814,Stockport 033C,Stockport,0.6474358974358975,0.6183177060101098,0.055,0.22776155717761556,High-High,Not significant
E01005815,Stockport 033D,Stockport,0.7289156626506024,1.221460024180878,0.014,0.11134579439252336,High-High,Not significant
E01005816,Stockport 016B,Stockport,0.7564935064935064,1.9642119608357433,0.002,0.029599999999999998,High-High,High-High
E01005817,Stockport 016C,Stockport,0.7909407665505227,1.420000627715037,0.03,0.1685148514851485,High-High,Not significant
E01005818,Stockport 018B,Stockport,0.6984924623115578,1.859450088647133,0.001,0.016686274509803922,High-High,High-High
E01005819,Stockport 018C,Stockport,0.8021390374331551,1.6068103126049618,0.022,0.14569649805447468,High-High,Not significant
E01005820,Stockport 018D,Stockport,0.8099547511312217,2.4825559675224103,0.001,0.016686274509803922,High-High,High-High
E01005821,Stockport 018E,Stockport,0.7136363636363636,0.949822877044444,0.007,0.07264634146341463,High-High,Not significant
E01005822,Stockport 016D,Stockport,0.3505917159763314,-0.5001795154587749,0.035,0.18329230769230773,Low-High,Not significant
E01005823,Stockport 018F,Stockport,0.5414847161572053,0.38057919794381967,0.001,0.016686274509803922,High-High,High-High
E01005824,Stockport 024A,Stockport,0.680952380952381,0.586346776888003,0.07,0.2487265135699374,High-High,Not significant
E01005825,Stockport 019A,Stockport,0.5412844036697247,0.16500673601316068,0.106,0.2962430213464696,High-High,Not significant
E01005826,Stockport 024B,Stockport,0.2903225806451613,-0.26237645069311094,0.335,0.44130804953560376,Low-High,Not significant
E01005827,Stockport 024C,Stockport,0.5474137931034483,0.15236594680501597,0.13,0.3160857142857143,High-High,Not significant
E01005828,Stockport 024D,Stockport,0.4820717131474104,-0.0006762001146318293,0.472,0.4916425948592411,Low-High,Not significant
E01005829,Stockport 024E,Stockport,0.5507246376811594,0.10294683522726861,0.224,0.3958961578400831,High-High,Not significant
E01005830,Stockport 027E,Stockport,0.5189504373177842,0.09155529975934538,0.083,0.26306517690875236,High-High,Not significant
E01005831,Stockport 027F,Stockport,0.7416974169741697,0.349334625852137,0.326,0.43689133858267715,High-High,Not significant
E01005832,Stockport 021A,Stockport,0.6339285714285714,0.3356323101924663,0.147,0.3376437246963563,High-High,Not significant
E01005833,Stockport 021B,Stockport,0.4304635761589404,-0.13383461534296248,0.209,0.38539328277356444,Low-High,Not significant
E01005834,Stockport 031A,Stockport,0.4,-0.4085026640610919,0.037,0.18968072289156626,Low-High,Not significant
E01005835,Stockport 021C,Stockport,0.6666666666666666,0.5804149410011583,0.057,0.22989099526066353,High-High,Not significant
E01005836,Stockport 031B,Stockport,0.5966101694915255,0.3345288598974705,0.073,0.2498968253968254,High-High,Not significant
E01005837,Stockport 021D,Stockport,0.6303317535545023,0.5493625001964739,0.027,0.16238162544169613,High-High,Not significant
E01005838,Stockport 031C,Stockport,0.6245059288537549,0.24531256746829047,0.24,0.40483647175421206,High-High,Not significant
E01005839,Stockport 035C,Stockport,0.6814814814814815,0.7622008399575163,0.106,0.2962430213464696,High-High,Not significant
E01005840,Stockport 031D,Stockport,0.5612535612535613,0.27033009777429773,0.065,0.24367841409691632,High-High,Not significant
E01005841,Stockport 035D,Stockport,0.4798206278026906,-0.0689078118858663,0.003,0.04020472440944882,Low-High,Low-High
E01005842,Stockport 038A,Stockport,0.7106598984771574,0.956750639184717,0.007,0.07264634146341463,High-High,Not significant
E01005843,Stockport 021E,Stockport,0.7016574585635359,0.2589724605146829,0.329,0.43746718749999997,High-High,Not significant
E01005844,Stockport 036A,Stockport,0.56353591160221,0.33388725513542283,0.005,0.05789115646258503,High-High,Not significant
E01005845,Stockport 036B,Stockport,0.7230769230769231,0.5529216528745696,0.217,0.3904164904862579,High-High,Not significant
E01005846,Stockport 040A,Stockport,0.6192893401015228,-0.05117889800152229,0.412,0.4738458471760797,High-Low,Not significant
E01005847,Stockport 040B,Stockport,0.5374449339207048,0.02812624523607471,0.451,0.4830723725613593,High-High,Not significant
E01005848,Stockport 040C,Stockport,0.3280182232346241,-0.16958055168668743,0.346,0.4464051398337112,Low-High,Not significant
E01005849,Stockport 036C,Stockport,0.6548672566371682,0.11812599099249872,0.418,0.4738458471760797,High-High,Not significant
E01005850,Stockport 040D,Stockport,0.4883720930232558,0.004695252978085713,0.257,0.4132297674418605,Low-Low,Not significant
E01005851,Stockport 036D,Stockport,0.7743362831858407,-0.030618702643677737,0.456,0.4859812147777082,High-Low,Not significant
E01005852,Stockport 013A,Stockport,0.5043988269794721,0.0566859756516478,0.011,0.09650515463917525,High-High,Not significant
E01005853,Stockport 011A,Stockport,0.5520833333333334,0.3366963252899508,0.013,0.10586602870813396,High-High,Not significant
E01005854,Stockport 013B,Stockport,0.7816091954022989,1.2091417521706092,0.022,0.14569649805447468,High-High,Not significant
E01005855,Stockport 013C,Stockport,0.615,0.49102612922566446,0.04,0.19790697674418603,High-High,Not significant
E01005856,Stockport 011B,Stockport,0.6820276497695853,0.8892735393109069,0.011,0.09650515463917525,High-High,Not significant
E01005857,Stockport 013D,Stockport,0.5357142857142857,0.2192185538569519,0.028,0.16489965397923875,High-High,Not significant
E01005858,Stockport 013E,Stockport,0.5297297297297298,0.11455424470776084,0.131,0.31760968660968664,High-High,Not significant
E01005859,Stockport 008A,Stockport,0.5705705705705706,0.397104401899555,0.013,0.10586602870813396,High-High,Not significant
E01005860,Stockport 011C,Stockport,0.7329192546583851,1.2649965323980752,0.005,0.05789115646258503,High-High,Not significant
E01005861,Stockport 011D,Stockport,0.6313725490196078,0.5549319068651614,0.056,0.22856594724220622,High-High,Not significant
E01005862,Stockport 003A,Stockport,0.6809815950920245,0.9227052361243009,0.029,0.16731525423728816,High-High,Not significant
E01005863,Stockport 006A,Stockport,0.5691823899371069,0.413187186655112,0.005,0.05789115646258503,High-High,Not significant
E01005864,Stockport 006B,Stockport,0.6455696202531646,0.4061501211282189,0.198,0.3748565072302559,High-High,Not significant
E01005865,Stockport 008B,Stockport,0.4926470588235294,0.005177808301689779,0.047,0.2094083769633508,High-High,Not significant
E01005866,Stockport 006C,Stockport,0.6363636363636364,0.6078336773813159,0.047,0.2094083769633508,High-High,Not significant
E01005867,Stockport 008C,Stockport,0.5923076923076923,0.4863223241260351,0.03,0.1685148514851485,High-High,Not significant
E01005868,Stockport 008D,Stockport,0.6909090909090909,-0.05989947073751952,0.432,0.4768249027237354,High-Low,Not significant
E01005869,Stockport 006D,Stockport,0.6724890829694323,0.5527165022243276,0.071,0.2498968253968254,High-High,Not significant
E01005870,Stockport 015A,Stockport,0.6828193832599119,0.9054453455409768,0.012,0.10212,High-High,Not significant
E01005871,Stockport 015B,Stockport,0.6320754716981132,0.4588213300097833,0.084,0.2637785977859779,High-High,Not significant
E01005872,Stockport 019B,Stockport,0.6191950464396285,-0.26695588778784324,0.205,0.382157721796276,High-Low,Not significant
E01005873,Stockport 015C,Stockport,0.7055555555555556,1.0109706825904083,0.023,0.14828030303030304,High-High,Not significant
E01005874,Stockport 019C,Stockport,0.2401960784313725,-0.12354824276452024,0.44,0.48005128205128206,Low-High,Not significant
E01005875,Stockport 015D,Stockport,0.5427631578947368,0.3459788321563137,0.004,0.05080597014925373,High-High,Not significant
E01005876,Stockport 019D,Stockport,0.7211538461538461,0.11613687677129261,0.449,0.48275300063171195,High-High,Not significant
E01005877,Stockport 019E,Stockport,0.4326923076923077,-0.15572547207375945,0.122,0.31271686746987953,Low-High,Not significant
E01005878,Stockport 020A,Stockport,0.2904290429042904,-0.8865841096862863,0.007,0.07264634146341463,Low-High,Not significant
E01005879,Stockport 020B,Stockport,0.677570093457944,-0.05005679472638607,0.433,0.4768676565526146,High-Low,Not significant
E01005880,Stockport 017A,Stockport,0.7081545064377682,1.2970492406646852,0.007,0.07264634146341463,High-High,Not significant
E01005881,Stockport 017B,Stockport,0.725,1.2108694314259492,0.022,0.14569649805447468,High-High,Not significant
E01005882,Stockport 020C,Stockport,0.4821428571428571,-0.025541336586688692,0.109,0.300677471636953,Low-High,Not significant
E01005883,Stockport 017C,Stockport,0.693069306930693,0.7559796799955323,0.036,0.1868048780487805,High-High,Not significant
E01005884,Stockport 020D,Stockport,0.704225352112676,0.11666095222265102,0.442,0.4813077415227127,High-High,Not significant
E01005885,Stockport 020E,Stockport,0.4678362573099415,-0.08384071351627394,0.071,0.2498968253968254,Low-High,Not significant
E01005886,Stockport 001A,Stockport,0.610909090909091,0.47298077965368696,0.043,0.20405449591280653,High-High,Not significant
E01005887,Stockport 002A,Stockport,0.4409090909090909,-0.028934089210635332,0.432,0.4768249027237354,Low-High,Not significant
E01005888,Stockport 001B,Stockport,0.7165775401069518,0.9840487051664552,0.042,0.20193220338983053,High-High,Not significant
E01005889,Stockport 001C,Stockport,0.5328947368421053,0.1887436805148726,0.026,0.1591798561151079,High-High,Not significant
E01005890,Stockport 002B,Stockport,0.6010928961748634,0.08187337430664622,0.389,0.4651502086230877,High-High,Not significant
E01005891,Stockport 001D,Stockport,0.6547619047619048,0.7184881408996946,0.016,0.12211659192825111,High-High,Not significant
E01005892,Stockport 003B,Stockport,0.5944700460829493,0.05399150643371214,0.436,0.4775238095238095,High-High,Not significant
E01005893,Stockport 002C,Stockport,0.4826388888888889,-0.029257547668268654,0.078,0.25579190751445086,Low-High,Not significant
E01005894,Stockport 001E,Stockport,0.7068062827225131,0.5720901568821868,0.192,0.37134545454545453,High-High,Not significant
E01005895,Stockport 003C,Stockport,0.6946564885496184,0.31932873857512434,0.306,0.4314929577464789,High-High,Not significant
E01005896,Stockport 002D,Stockport,0.647887323943662,0.05328233483049192,0.453,0.4843002512562814,High-High,Not significant
E01005897,Stockport 010A,Stockport,0.6292682926829268,0.4897093304726377,0.07,0.2487265135699374,High-High,Not significant
E01005898,Stockport 010B,Stockport,0.5058365758754864,0.10733335468235375,0.001,0.016686274509803922,High-High,High-High
E01005899,Stockport 012B,Stockport,0.5032051282051282,-0.011817165694776784,0.312,0.43449430894308944,High-Low,Not significant
E01005900,Stockport 010C,Stockport,0.5152354570637119,0.05739047428082001,0.163,0.35072819216182044,High-High,Not significant
E01005901,Stockport 012C,Stockport,0.592391304347826,0.4649231956308319,0.005,0.05789115646258503,High-High,Not significant
E01005902,Stockport 012D,Stockport,0.2535612535612536,-0.41482186756965334,0.29,0.4255,Low-High,Not significant
E01005903,Stockport 010D,Stockport,0.7551020408163265,0.6114004927329927,0.132,0.31822096317280457,High-High,Not significant
E01005904,Stockport 010E,Stockport,0.6105769230769231,0.5867555823976145,0.056,0.22856594724220622,High-High,Not significant
E01005905,Stockport 012E,Stockport,0.3125,-0.209048382987258,0.341,0.44405661820964043,Low-High,Not significant
E01005906,Stockport 038B,Stockport,0.7914438502673797,2.3385395657146586,0.004,0.05080597014925373,High-High,Not significant
E01005907,Stockport 038C,Stockport,0.7277486910994765,2.016250864508692,0.002,0.029599999999999998,High-High,High-High
E01005908,Stockport 017D,Stockport,0.6702702702702703,1.2851475260317191,0.002,0.029599999999999998,High-High,High-High
E01005909,Stockport 029A,Stockport,0.6650246305418719,0.7502112568200315,0.043,0.20405449591280653,High-High,Not significant
E01005910,Stockport 029B,Stockport,0.5201465201465202,0.061861943820328585,0.217,0.3904164904862579,High-High,Not significant
E01005911,Stockport 029C,Stockport,0.6444444444444445,0.05908118177393387,0.491,0.4954934911242604,High-High,Not significant
E01005912,Stockport 029D,Stockport,0.6962616822429907,1.0442056319995774,0.001,0.016686274509803922,High-High,High-High
E01005913,Stockport 038D,Stockport,0.725,1.9439853677789005,0.001,0.016686274509803922,High-High,High-High
E01005914,Stockport 007A,Stockport,0.6043478260869565,0.5455767017619663,0.029,0.16731525423728816,High-High,Not significant
E01005915,Stockport 007B,Stockport,0.6048951048951049,0.37653405499288284,0.027,0.16238162544169613,High-High,Not significant
E01005916,Stockport 007C,Stockport,0.6383561643835617,0.7194794893392791,0.028,0.16489965397923875,High-High,Not significant
E01005917,Stockport 007D,Stockport,0.6239669421487604,0.17651971842731984,0.297,0.42693749999999997,High-High,Not significant
E01005918,Stockport 014D,Stockport,0.3096774193548387,-0.6312039940257255,0.127,0.31417732558139533,Low-High,Not significant
E01005919,Stockport 002E,Stockport,0.4324324324324324,-0.15259403011857856,0.125,0.31417732558139533,Low-High,Not significant
E01005920,Stockport 003D,Stockport,0.675531914893617,0.6665954429376092,0.068,0.2487265135699374,High-High,Not significant
E01005921,Stockport 003E,Stockport,0.5548387096774193,0.15765017002565854,0.178,0.3650072289156626,High-High,Not significant
E01005922,Stockport 003F,Stockport,0.6284403669724771,0.618744676000248,0.024,0.15185130111524164,High-High,Not significant
E01005923,Stockport 041C,Stockport,0.7439613526570048,-0.004202533517802555,0.487,0.49396543504171636,High-Low,Not significant
E01005924,Stockport 042A,Stockport,0.5161290322580645,0.08741129944033187,0.122,0.31271686746987953,High-High,Not significant
E01005925,Stockport 042B,Stockport,0.4119601328903654,-0.21207962048601256,0.132,0.31822096317280457,Low-High,Not significant
E01005926,Stockport 042C,Stockport,0.1296518607442977,-1.645119403509646,0.072,0.2498968253968254,Low-High,Not significant
E01005927,Stockport 032A,Stockport,0.6942148760330579,0.6664329523050007,0.064,0.24260133630289532,High-High,Not significant
E01005928,Stockport 032B,Stockport,0.3625,-0.41265689884720513,0.061,0.23703652968036532,Low-High,Not significant
E01005929,Stockport 032C,Stockport,0.575,0.2687906475023857,0.087,0.2692254545454545,High-High,Not significant
E01005930,Stockport 032D,Stockport,0.6302083333333334,0.6500634286611934,0.002,0.029599999999999998,High-High,High-High
E01005931,Stockport 041D,Stockport,0.5829596412556054,0.4824890329636036,0.019,0.13702542372881357,High-High,Not significant
E01005932,Stockport 042D,Stockport,0.7123287671232876,-0.1818718860119665,0.36,0.4515254237288136,High-Low,Not significant
E01005933,Tameside 006A,Tameside,0.4663865546218487,-0.030301638180445057,0.337,0.44252,Low-High,Not significant
E01005934,Tameside 006B,Tameside,0.6666666666666666,0.1360239349841137,0.391,0.4651502086230877,High-High,Not significant
E01005935,Tameside 006C,Tameside,0.4428571428571428,-0.014108617790605132,0.472,0.4916425948592411,Low-High,Not significant
E01005936,Tameside 004A,Tameside,0.5022421524663677,-0.03934285354769853,0.088,0.2708426763110307,High-Low,Not significant
E01005937,Tameside 004B,Tameside,0.3977695167286245,0.11089092861745102,0.317,0.43475745366639806,Low-Low,Not significant
E01005938,Tameside 002A,Tameside,0.3757062146892655,0.15385445405448492,0.188,0.3703425925925926,Low-Low,Not significant
E01005939,Tameside 002B,Tameside,0.5804195804195804,-0.06610645453434087,0.385,0.46374380750176925,High-Low,Not significant
E01005940,Tameside 002C,Tameside,0.5670731707317073,-0.046300544732264165,0.375,0.4598342939481268,High-Low,Not significant
E01005941,Tameside 007A,Tameside,0.4986225895316804,0.01227025574596295,0.264,0.4148919667590028,High-High,Not significant
E01005942,Tameside 007B,Tameside,0.6383763837638377,0.01092832604482131,0.487,0.49396543504171636,High-High,Not significant
E01005943,Tameside 007C,Tameside,0.6351706036745407,-0.16803719331374747,0.3,0.42871536523929465,High-Low,Not significant
E01005944,Tameside 007D,Tameside,0.3343283582089552,-0.01889413929707063,0.49,0.4954934911242604,Low-High,Not significant
E01005945,Tameside 004C,Tameside,0.3928571428571428,0.10536763855561952,0.312,0.43449430894308944,Low-Low,Not significant
E01005946,Tameside 004D,Tameside,0.5512367491166078,-0.045453009712454695,0.353,0.44769448584202676,High-Low,Not significant
E01005947,Tameside 004E,Tameside,0.4699738903394256,0.005890017208272807,0.421,0.4745311258278146,Low-Low,Not significant
E01005948,Tameside 013A,Tameside,0.3943661971830985,0.25314594837140053,0.092,0.2776312056737589,Low-Low,Not significant
E01005949,Tameside 006D,Tameside,0.5420054200542005,0.032280849822662855,0.414,0.4738458471760797,High-High,Not significant
E01005950,Tameside 013B,Tameside,0.5170940170940171,-0.07385355555479015,0.084,0.2637785977859779,High-Low,Not significant
E01005951,Tameside 013C,Tameside,0.570694087403599,0.016736881989902985,0.488,0.4943904761904762,High-High,Not significant
E01005953,Tameside 013E,Tameside,0.4613466334164589,0.06895220907195544,0.237,0.4025688622754491,Low-Low,Not significant
E01005954,Tameside 005A,Tameside,0.3475409836065574,-0.13585360954419726,0.359,0.4509357933579336,Low-High,Not significant
E01005955,Tameside 002D,Tameside,0.5597826086956522,0.1433031378993736,0.226,0.39690224032586563,High-High,Not significant
E01005956,Tameside 005B,Tameside,0.5777777777777777,-0.13984747381256096,0.227,0.39690224032586563,High-Low,Not significant
E01005957,Tameside 005C,Tameside,0.6730769230769231,-0.3042656655236549,0.252,0.41088358778625955,High-Low,Not significant
E01005958,Tameside 005D,Tameside,0.4152542372881356,-0.01441170531844636,0.493,0.49591371158392433,Low-High,Not significant
E01005959,Tameside 005E,Tameside,0.3881118881118881,-0.07951613745719198,0.382,0.46275017793594303,Low-High,Not significant
E01005960,Tameside 006E,Tameside,0.5031645569620253,0.019218970670298333,0.272,0.4205300988319856,High-High,Not significant
E01005961,Tameside 014A,Tameside,0.2690582959641255,-0.3992930405717978,0.15,0.3381456953642384,Low-High,Not significant
E01005962,Tameside 014B,Tameside,0.6927083333333334,-0.015623632331000684,0.449,0.48275300063171195,High-Low,Not significant
E01005963,Tameside 019A,Tameside,0.5428571428571428,-0.040152387455167714,0.362,0.4530323529411765,High-Low,Not significant
E01005964,Tameside 019B,Tameside,0.6150442477876106,0.01046453528045024,0.491,0.4954934911242604,High-High,Not significant
E01005965,Tameside 019C,Tameside,0.2198952879581152,-0.2316047805092883,0.373,0.4589387166546503,Low-High,Not significant
E01005966,Tameside 019D,Tameside,0.4170403587443946,0.016251798419591262,0.431,0.4768249027237354,Low-Low,Not significant
E01005967,Tameside 019E,Tameside,0.4691011235955056,0.03726345701251531,0.246,0.40854616132167154,Low-Low,Not significant
E01005968,Tameside 014C,Tameside,0.7225433526011561,0.3989657194048021,0.229,0.39690224032586563,High-High,Not significant
E01005969,Tameside 014D,Tameside,0.2671232876712329,-0.2583177982947517,0.354,0.44796133828996276,Low-High,Not significant
E01005970,Tameside 021A,Tameside,0.6470588235294118,-0.44042712019608027,0.117,0.3082569659442725,High-Low,Not significant
E01005971,Tameside 025A,Tameside,0.6544715447154471,0.003609607190377522,0.483,0.493274251497006,High-High,Not significant
E01005972,Tameside 021B,Tameside,0.4162790697674418,-0.011505705631373613,0.5,0.5,Low-High,Not significant
E01005973,Tameside 026A,Tameside,0.5416666666666666,-0.047040493392605076,0.316,0.43475745366639806,High-Low,Not significant
E01005974,Tameside 021C,Tameside,0.5659090909090909,0.08596369975031266,0.317,0.43475745366639806,High-High,Not significant
E01005975,Tameside 021D,Tameside,0.5481927710843374,-0.08979432494936594,0.231,0.3979372469635628,High-Low,Not significant
E01005976,Tameside 026B,Tameside,0.2807881773399014,-0.38139841243385025,0.278,0.4213321460373999,Low-High,Not significant
E01005977,Tameside 026C,Tameside,0.5185185185185185,-0.04698993955753468,0.236,0.40207407407407403,High-Low,Not significant
E01005978,Tameside 026D,Tameside,0.4678111587982833,-0.03985006240122472,0.26,0.4132297674418605,Low-High,Not significant
E01005979,Tameside 029A,Tameside,0.5275080906148867,0.11199763817899941,0.123,0.3129237668161435,High-High,Not significant
E01005980,Tameside 029B,Tameside,0.4782608695652174,-0.012398868315275697,0.374,0.4589387166546503,Low-High,Not significant
E01005981,Tameside 029C,Tameside,0.3323353293413174,0.03447762676824028,0.432,0.4768249027237354,Low-Low,Not significant
E01005982,Tameside 029D,Tameside,0.3625498007968127,0.30084742719109037,0.185,0.370259649122807,Low-Low,Not significant
E01005983,Tameside 029E,Tameside,0.7487684729064039,-0.22461477270615918,0.333,0.43969433669511254,High-Low,Not significant
E01005984,Tameside 029F,Tameside,0.2528409090909091,-0.12196732934860587,0.454,0.4847603513174404,Low-High,Not significant
E01005985,Tameside 024A,Tameside,0.6666666666666666,0.7085818351658555,0.022,0.14569649805447468,High-High,Not significant
E01005986,Tameside 025B,Tameside,0.4909090909090909,-0.0006491314388099268,0.179,0.3652973621103118,Low-High,Not significant
E01005987,Tameside 024B,Tameside,0.7251184834123223,1.1550974275031318,0.027,0.16238162544169613,High-High,Not significant
E01005988,Tameside 024C,Tameside,0.5631578947368421,0.4968083617924996,0.001,0.016686274509803922,High-High,High-High
E01005989,Tameside 025C,Tameside,0.5683453237410072,0.07988498701202013,0.314,0.43449430894308944,High-High,Not significant
E01005990,Tameside 024D,Tameside,0.7365853658536585,1.3778081633884922,0.029,0.16731525423728816,High-High,Not significant
E01005991,Tameside 024E,Tameside,0.730593607305936,0.8244735231490319,0.05,0.21653944020356236,High-High,Not significant
E01005992,Tameside 025D,Tameside,0.615686274509804,0.4226080869858767,0.097,0.2841549053356282,High-High,Not significant
E01005993,Tameside 010A,Tameside,0.6243654822335025,0.4396749968135717,0.146,0.336254397834912,High-High,Not significant
E01005994,Tameside 011A,Tameside,0.6235294117647059,0.2675871306626629,0.206,0.38318251366120215,High-High,Not significant
E01005995,Tameside 010B,Tameside,0.5669291338582677,0.24117496254412088,0.078,0.25579190751445086,High-High,Not significant
E01005996,Tameside 010C,Tameside,0.5454545454545454,0.20504107872974872,0.072,0.2498968253968254,High-High,Not significant
E01005997,Tameside 010D,Tameside,0.5196850393700787,0.0516989855676663,0.243,0.4062730844793713,High-High,Not significant
E01005998,Tameside 012A,Tameside,0.4446952595936794,0.03117605326319407,0.357,0.4500844444444444,Low-Low,Not significant
E01005999,Tameside 011B,Tameside,0.4120171673819742,0.14276854124289431,0.202,0.38031415929203544,Low-Low,Not significant
E01006000,Tameside 010E,Tameside,0.4184210526315789,0.15279289021373718,0.208,0.3852187159956474,Low-Low,Not significant
E01006001,Tameside 012B,Tameside,0.7012987012987013,1.254435507948326,0.008,0.07780571428571428,High-High,Not significant
E01006002,Tameside 011C,Tameside,0.5671641791044776,0.21046172103707955,0.155,0.3426103896103896,High-High,Not significant
E01006003,Tameside 012C,Tameside,0.7245762711864406,0.8684634125234577,0.075,0.25029411764705883,High-High,Not significant
E01006004,Tameside 011D,Tameside,0.6839378238341969,0.20525848393398383,0.347,0.4464051398337112,High-High,Not significant
E01006005,Tameside 011E,Tameside,0.4463519313304721,-0.19428310350559855,0.043,0.20405449591280653,Low-High,Not significant
E01006006,Tameside 012D,Tameside,0.7254901960784313,0.9330846684916536,0.041,0.1999484240687679,High-High,Not significant
E01006007,Tameside 011F,Tameside,0.5907172995780591,0.5088409308646547,0.006,0.06762913907284768,High-High,Not significant
E01006008,Tameside 017A,Tameside,0.4489795918367347,0.13145740493339142,0.059,0.23572300469483567,Low-Low,Not significant
E01006009,Tameside 016A,Tameside,0.4926108374384236,0.00024905892395292277,0.489,0.49481450653983355,High-High,Not significant
E01006010,Tameside 017B,Tameside,0.378125,0.17384228733374982,0.268,0.4184733944954129,Low-Low,Not significant
E01006011,Tameside 018A,Tameside,0.3157894736842105,-0.27559107929235266,0.296,0.42693749999999997,Low-High,Not significant
E01006012,Tameside 017C,Tameside,0.4551495016611295,0.09623014649673876,0.15,0.3381456953642384,Low-Low,Not significant
E01006013,Tameside 018B,Tameside,0.6699029126213593,-0.3108437667400573,0.208,0.3852187159956474,High-Low,Not significant
E01006014,Tameside 018C,Tameside,0.538961038961039,-0.10958230020915233,0.188,0.3703425925925926,High-Low,Not significant
E01006015,Tameside 017D,Tameside,0.5263157894736842,-0.04894357662808649,0.269,0.41849908592321755,High-Low,Not significant
E01006016,Tameside 017E,Tameside,0.3434959349593496,0.32727447730715603,0.153,0.34174015748031494,Low-Low,Not significant
E01006017,Tameside 016B,Tameside,0.6581196581196581,-0.11394488542288894,0.349,0.44762471740768645,High-Low,Not significant
E01006018,Tameside 016C,Tameside,0.6666666666666666,-0.16659820348876211,0.321,0.4358944050433412,High-Low,Not significant
E01006019,Tameside 018D,Tameside,0.2879746835443038,-0.7722253016452781,0.108,0.29937459283387624,Low-High,Not significant
E01006020,Tameside 018E,Tameside,0.392,0.04215256563207966,0.395,0.4652525951557094,Low-Low,Not significant
E01006021,Tameside 016D,Tameside,0.6756756756756757,0.0489863022204873,0.498,0.4991731448763251,High-High,Not significant
E01006022,Tameside 015A,Tameside,0.3914473684210526,-0.3229625070199366,0.074,0.2498968253968254,Low-High,Not significant
E01006023,Tameside 015B,Tameside,0.3768996960486322,-0.35635868990321773,0.065,0.24367841409691632,Low-High,Not significant
E01006024,Tameside 022A,Tameside,0.5133689839572193,-0.08247164043564507,0.034,0.1819748427672956,High-Low,Not significant
E01006025,Tameside 027A,Tameside,0.2810218978102189,1.1695207142025585,0.015,0.11711009174311926,Low-Low,Not significant
E01006026,Tameside 022B,Tameside,0.4812680115273775,0.022369014504604438,0.243,0.4062730844793713,Low-Low,Not significant
E01006027,Tameside 027B,Tameside,0.0518234165067178,2.8755763919523063,0.034,0.1819748427672956,Low-Low,Not significant
E01006028,Tameside 028A,Tameside,0.4873096446700508,0.007417354489691229,0.192,0.37134545454545453,Low-Low,Not significant
E01006029,Tameside 028B,Tameside,0.4873949579831932,-0.00206360728373787,0.459,0.4876457426973276,Low-High,Not significant
E01006030,Tameside 028C,Tameside,0.4456140350877193,-0.11302562510743518,0.163,0.35072819216182044,Low-High,Not significant
E01006031,Tameside 020A,Tameside,0.2639484978540772,-0.03722892035013634,0.484,0.493274251497006,Low-High,Not significant
E01006032,Tameside 020B,Tameside,0.3272727272727272,0.5739257635873378,0.088,0.2708426763110307,Low-Low,Not significant
E01006033,Tameside 020C,Tameside,0.3955696202531645,0.23080946052226223,0.157,0.3439047619047619,Low-Low,Not significant
E01006034,Tameside 020D,Tameside,0.3463541666666667,0.09961934292916112,0.359,0.4509357933579336,Low-Low,Not significant
E01006035,Tameside 020E,Tameside,0.2760180995475113,0.3800731240212116,0.203,0.38051321585903086,Low-Low,Not significant
E01006036,Tameside 020F,Tameside,0.3362068965517241,0.4089332697397452,0.118,0.3094545454545454,Low-Low,Not significant
E01006037,Tameside 022C,Tameside,0.439516129032258,0.004835876743110518,0.446,0.4821254752851711,Low-Low,Not significant
E01006038,Tameside 022D,Tameside,0.5392670157068062,-0.1841234496649852,0.081,0.2601169811320755,High-Low,Not significant
E01006039,Tameside 028D,Tameside,0.671875,0.34966053897618815,0.227,0.39690224032586563,High-High,Not significant
E01006040,Tameside 028E,Tameside,0.5054545454545455,-0.005128783596941828,0.398,0.4674920634920635,High-Low,Not significant
E01006041,Tameside 028F,Tameside,0.59,0.3192957254325638,0.073,0.2498968253968254,High-High,Not significant
E01006042,Tameside 030A,Tameside,0.5738636363636364,0.3910424989158753,0.047,0.2094083769633508,High-High,Not significant
E01006043,Tameside 030B,Tameside,0.6575342465753424,0.8364978759899863,0.033,0.17944408945686902,High-High,Not significant
E01006044,Tameside 030C,Tameside,0.5341880341880342,0.28401229865811317,0.001,0.016686274509803922,High-High,High-High
E01006045,Tameside 030D,Tameside,0.7257142857142858,0.7136176431621419,0.035,0.18329230769230773,High-High,Not significant
E01006046,Tameside 030E,Tameside,0.75,1.120014792360407,0.042,0.20193220338983053,High-High,Not significant
E01006047,Tameside 023A,Tameside,0.5265017667844523,0.10127153047077014,0.359,0.4509357933579336,High-High,Not significant
E01006048,Tameside 023B,Tameside,0.6045016077170418,0.19526303937181042,0.278,0.4213321460373999,High-High,Not significant
E01006049,Tameside 023C,Tameside,0.573943661971831,0.18853099335750692,0.203,0.38051321585903086,High-High,Not significant
E01006050,Tameside 027C,Tameside,0.1111111111111111,1.0388587426085971,0.124,0.31312759643916915,Low-Low,Not significant
E01006051,Tameside 023D,Tameside,0.6278026905829597,-0.15847602591602938,0.29,0.4255,High-Low,Not significant
E01006052,Tameside 027D,Tameside,0.2727272727272727,0.3607138701091257,0.243,0.4062730844793713,Low-Low,Not significant
E01006053,Tameside 001A,Tameside,0.4571428571428571,-0.03301231211958907,0.358,0.4506775147928994,Low-High,Not significant
E01006054,Tameside 001B,Tameside,0.3796033994334277,0.02746796156997295,0.418,0.4738458471760797,Low-Low,Not significant
E01006055,Tameside 001C,Tameside,0.6754716981132075,-0.47830183863928116,0.18,0.36558472553699284,High-Low,Not significant
E01006056,Tameside 003A,Tameside,0.3380952380952381,-0.28674641018087366,0.186,0.370259649122807,Low-High,Not significant
E01006057,Tameside 001D,Tameside,0.5783132530120482,-0.16108680420910834,0.275,0.4205300988319856,High-Low,Not significant
E01006058,Tameside 001E,Tameside,0.4895397489539749,-0.00038962211618125933,0.5,0.5,Low-High,Not significant
E01006059,Tameside 001F,Tameside,0.6406926406926406,-0.24196088125823273,0.23,0.39701825557809334,High-Low,Not significant
E01006060,Tameside 008A,Tameside,0.5061728395061729,-0.012940030642161485,0.328,0.43746718749999997,High-Low,Not significant
E01006061,Tameside 003B,Tameside,0.3343023255813953,-0.2284884567543234,0.273,0.4205300988319856,Low-High,Not significant
E01006062,Tameside 003C,Tameside,0.6066350710900474,-0.5495078174228334,0.082,0.2613558052434457,High-Low,Not significant
E01006063,Tameside 003D,Tameside,0.6148648648648649,-0.3799241712876938,0.065,0.24367841409691632,High-Low,Not significant
E01006064,Tameside 008B,Tameside,0.2961783439490446,0.33848247510223345,0.247,0.40854616132167154,Low-Low,Not significant
E01006065,Tameside 008C,Tameside,0.1698113207547169,-0.2704578839725775,0.411,0.4738458471760797,Low-High,Not significant
E01006066,Tameside 008D,Tameside,0.6446886446886447,-0.5531204734248857,0.069,0.2487265135699374,High-Low,Not significant
E01006067,Tameside 009A,Tameside,0.5660377358490566,-0.06166529589267687,0.328,0.43746718749999997,High-Low,Not significant
E01006068,Tameside 009B,Tameside,0.5,0.016056980444500824,0.259,0.4132297674418605,High-High,Not significant
E01006069,Tameside 009C,Tameside,0.460377358490566,-0.08179310393541551,0.161,0.34951785714285716,Low-High,Not significant
E01006070,Tameside 015C,Tameside,0.7935222672064778,-0.05305116352938249,0.434,0.4768676565526146,High-Low,Not significant
E01006071,Tameside 015D,Tameside,0.5924170616113744,0.0055911605510557206,0.471,0.4916425948592411,High-High,Not significant
E01006072,Tameside 015E,Tameside,0.6378378378378379,0.24673936885988104,0.307,0.43182975206611574,High-High,Not significant
E01006073,Tameside 009D,Tameside,0.388235294117647,-0.16880805266335974,0.219,0.39194321766561513,Low-High,Not significant
E01006074,Trafford 025A,Trafford,0.6826923076923077,-0.01900138359354168,0.446,0.4821254752851711,High-Low,Not significant
E01006075,Trafford 025B,Trafford,0.3997214484679666,0.042735318300268776,0.394,0.4652525951557094,Low-Low,Not significant
E01006076,Trafford 025C,Trafford,0.4813953488372093,-0.00897183287484034,0.355,0.44889301634472506,Low-High,Not significant
E01006077,Trafford 027A,Trafford,0.606516290726817,0.1132609104232365,0.407,0.47219768234492154,High-High,Not significant
E01006078,Trafford 024A,Trafford,0.4952919020715631,-0.0011386442919985738,0.414,0.4738458471760797,High-Low,Not significant
E01006079,Trafford 025D,Trafford,0.2333333333333333,-0.2978909144046537,0.339,0.44280736761320033,Low-High,Not significant
E01006080,Trafford 024B,Trafford,0.6597014925373135,0.2738865891929537,0.31,0.4338980263157895,High-High,Not significant
E01006081,Trafford 027B,Trafford,0.4388888888888889,-0.21096214733183277,0.089,0.2724424460431654,Low-High,Not significant
E01006082,Trafford 027C,Trafford,0.5588235294117647,0.2803481655498962,0.01,0.09101604278074867,High-High,Not significant
E01006083,Trafford 026A,Trafford,0.6516129032258065,0.793736995309537,0.008,0.07780571428571428,High-High,Not significant
E01006084,Trafford 026B,Trafford,0.7254098360655737,0.744478628244216,0.149,0.3381456953642384,High-High,Not significant
E01006085,Trafford 027D,Trafford,0.6422413793103449,0.22622124975977922,0.346,0.4464051398337112,High-High,Not significant
E01006086,Trafford 027E,Trafford,0.6055776892430279,0.3965427349105808,0.122,0.31271686746987953,High-High,Not significant
E01006087,Trafford 025E,Trafford,0.625,-0.17107314609571161,0.224,0.3958961578400831,High-Low,Not significant
E01006088,Trafford 026C,Trafford,0.8141263940520446,0.8243903104428523,0.197,0.3742120535714286,High-High,Not significant
E01006089,Trafford 024C,Trafford,0.4748743718592965,0.03539365066158057,0.167,0.35440648379052375,Low-Low,Not significant
E01006090,Trafford 020A,Trafford,0.3925233644859813,-0.43895952457511667,0.024,0.15185130111524164,Low-High,Not significant
E01006091,Trafford 019A,Trafford,0.1966019417475728,-0.606339241711213,0.253,0.41088358778625955,Low-High,Not significant
E01006092,Trafford 019B,Trafford,0.6133333333333333,-0.2054983563242484,0.248,0.4090714285714286,High-Low,Not significant
E01006093,Trafford 023A,Trafford,0.7083333333333334,0.9160218551460472,0.045,0.20756097560975612,High-High,Not significant
E01006094,Trafford 020B,Trafford,0.6896551724137931,1.0111768151676164,0.024,0.15185130111524164,High-High,Not significant
E01006095,Trafford 019C,Trafford,0.4894736842105263,5.4515902293588236e-05,0.461,0.4876457426973276,Low-Low,Not significant
E01006096,Trafford 020C,Trafford,0.5767195767195767,0.25721585266896524,0.106,0.2962430213464696,High-High,Not significant
E01006097,Trafford 015A,Trafford,0.4403183023872679,-0.25667831422631354,0.014,0.11134579439252336,Low-High,Not significant
E01006098,Trafford 014A,Trafford,0.6944444444444444,0.49779931001253225,0.183,0.3699121140142518,High-High,Not significant
E01006099,Trafford 014B,Trafford,0.6574074074074074,0.8778116639640484,0.013,0.10586602870813396,High-High,Not significant
E01006100,Trafford 020D,Trafford,0.6282722513089005,1.0450731907807382,0.001,0.016686274509803922,High-High,High-High
E01006101,Trafford 021A,Trafford,0.6891891891891891,0.9932997721407271,0.007,0.07264634146341463,High-High,Not significant
E01006102,Trafford 018A,Trafford,0.5513513513513514,0.17070086879296978,0.145,0.33485753052917233,High-High,Not significant
E01006103,Trafford 020E,Trafford,0.6973684210526315,1.0118849112075554,0.017,0.12746255506607929,High-High,Not significant
E01006104,Trafford 017A,Trafford,0.345054945054945,0.22685019835301437,0.245,0.408013698630137,Low-Low,Not significant
E01006105,Trafford 017B,Trafford,0.3746031746031746,0.19886730274342915,0.253,0.41088358778625955,Low-Low,Not significant
E01006106,Trafford 017C,Trafford,0.3630573248407643,-0.19890083544944367,0.315,0.43475745366639806,Low-High,Not significant
E01006107,Trafford 017D,Trafford,0.2579365079365079,-0.20944426289729026,0.316,0.43475745366639806,Low-High,Not significant
E01006108,Trafford 017E,Trafford,0.5391304347826087,-0.10655659857560247,0.213,0.38772834224598934,High-Low,Not significant
E01006109,Trafford 001A,Trafford,0.1778846153846154,2.336824752322786,0.006,0.06762913907284768,Low-Low,Not significant
E01006110,Trafford 001B,Trafford,0.7631578947368421,0.38674472659286846,0.294,0.4265882352941176,High-High,Not significant
E01006111,Trafford 001C,Trafford,0.6770186335403726,0.25722469993051833,0.354,0.44796133828996276,High-High,Not significant
E01006112,Trafford 001D,Trafford,0.4843304843304843,0.016010261818700567,0.137,0.32340360610263524,Low-Low,Not significant
E01006113,Trafford 004A,Trafford,0.8881118881118881,0.3709930044113598,0.388,0.46505352112676057,High-High,Not significant
E01006114,Trafford 004B,Trafford,0.5114155251141552,0.05732247794574634,0.1,0.28847457627118644,High-High,Not significant
E01006115,Trafford 004C,Trafford,0.5900383141762452,0.4083141381146765,0.023,0.14828030303030304,High-High,Not significant
E01006116,Trafford 002A,Trafford,0.7697841726618705,1.7594349204020867,0.016,0.12211659192825111,High-High,Not significant
E01006117,Trafford 002B,Trafford,0.7058823529411765,0.9715332507662423,0.021,0.14354216867469882,High-High,Not significant
E01006118,Trafford 002C,Trafford,0.5947955390334573,0.8057866336948046,0.001,0.016686274509803922,High-High,High-High
E01006119,Trafford 002D,Trafford,0.6589595375722543,0.5543785578748005,0.106,0.2962430213464696,High-High,Not significant
E01006120,Trafford 010A,Trafford,0.7307692307692307,1.3327264524179063,0.005,0.05789115646258503,High-High,Not significant
E01006121,Trafford 002E,Trafford,0.6775956284153005,-0.19638303622752423,0.242,0.40619723865877716,High-Low,Not significant
E01006122,Trafford 005A,Trafford,0.6570048309178744,0.6237251314530063,0.072,0.2498968253968254,High-High,Not significant
E01006123,Trafford 005B,Trafford,0.6956521739130435,1.1726270008583648,0.001,0.016686274509803922,High-High,High-High
E01006124,Trafford 005C,Trafford,0.7337278106508875,1.2354583712234213,0.013,0.10586602870813396,High-High,Not significant
E01006125,Trafford 007A,Trafford,0.6344086021505376,0.3829366177056686,0.155,0.3426103896103896,High-High,Not significant
E01006126,Trafford 007B,Trafford,0.5164473684210527,0.15410832758622675,0.003,0.04020472440944882,High-High,High-High
E01006127,Trafford 007C,Trafford,0.7039473684210527,-0.06703048305783853,0.415,0.4738458471760797,High-Low,Not significant
E01006128,Trafford 005D,Trafford,0.602996254681648,0.800270142245496,0.001,0.016686274509803922,High-High,High-High
E01006129,Trafford 010B,Trafford,0.6083333333333333,0.981629488136023,0.001,0.016686274509803922,High-High,High-High
E01006130,Trafford 007D,Trafford,0.7239819004524887,1.2908943850944128,0.018,0.13148497854077254,High-High,Not significant
E01006131,Trafford 005E,Trafford,0.7526881720430108,1.4981295893865023,0.008,0.07780571428571428,High-High,Not significant
E01006132,Trafford 007E,Trafford,0.6502242152466368,0.6755919507792748,0.044,0.20405449591280653,High-High,Not significant
E01006133,Trafford 010C,Trafford,0.8387096774193549,1.185384250232922,0.069,0.2487265135699374,High-High,Not significant
E01006134,Trafford 028A,Trafford,0.5161290322580645,0.12209102848296781,0.039,0.19580530973451327,High-High,Not significant
E01006135,Trafford 028B,Trafford,0.5859030837004405,0.34929430524644844,0.058,0.23282075471698116,High-High,Not significant
E01006136,Trafford 028C,Trafford,0.6307053941908713,0.014884526846158798,0.479,0.493274251497006,High-High,Not significant
E01006137,Trafford 028D,Trafford,0.5666666666666667,0.05163582800573985,0.434,0.4768676565526146,High-High,Not significant
E01006138,Trafford 028E,Trafford,0.5134228187919463,0.015645300087120503,0.395,0.4652525951557094,High-High,Not significant
E01006139,Trafford 026D,Trafford,0.5310077519379846,0.25071627308032335,0.008,0.07780571428571428,High-High,Not significant
E01006140,Trafford 026E,Trafford,0.7078189300411523,0.6571925904884874,0.084,0.2637785977859779,High-High,Not significant
E01006141,Trafford 003A,Trafford,0.3112244897959184,-0.3287648928292403,0.241,0.4053181818181818,Low-High,Not significant
E01006142,Trafford 011A,Trafford,0.5229681978798587,0.14982891488897845,0.004,0.05080597014925373,High-High,Not significant
E01006143,Trafford 011B,Trafford,0.6394052044609665,0.5674111313788113,0.075,0.25029411764705883,High-High,Not significant
E01006144,Trafford 011C,Trafford,0.5175718849840255,0.11119952874623687,0.021,0.14354216867469882,High-High,Not significant
E01006145,Trafford 004D,Trafford,0.4112903225806452,0.09327711122334559,0.29,0.4255,Low-Low,Not significant
E01006146,Trafford 004E,Trafford,0.6744186046511628,0.2984914153872214,0.262,0.4136586270871985,High-High,Not significant
E01006147,Trafford 012A,Trafford,0.8026315789473685,1.0293167123200424,0.11,0.3022752,High-High,Not significant
E01006148,Trafford 016A,Trafford,0.4493392070484581,-0.3018210485857991,0.001,0.016686274509803922,Low-High,Low-High
E01006149,Trafford 012B,Trafford,0.5468164794007491,0.2639448922756688,0.033,0.17944408945686902,High-High,Not significant
E01006150,Trafford 012C,Trafford,0.6988505747126437,0.9427463826128505,0.016,0.12211659192825111,High-High,Not significant
E01006151,Trafford 016B,Trafford,0.7197802197802198,1.0679843592101377,0.018,0.13148497854077254,High-High,Not significant
E01006152,Trafford 016C,Trafford,0.6338797814207651,0.1975823830657561,0.291,0.42623235800344234,High-High,Not significant
E01006153,Trafford 016D,Trafford,0.6573033707865169,0.01838831898581901,0.484,0.493274251497006,High-High,Not significant
E01006154,Trafford 012D,Trafford,0.6559139784946236,0.6029925135679437,0.06,0.23584295612009235,High-High,Not significant
E01006155,Trafford 006A,Trafford,0.5571428571428572,0.2257831349765283,0.098,0.2856095890410959,High-High,Not significant
E01006156,Trafford 008A,Trafford,0.4456521739130434,-0.11228552043545098,0.167,0.35440648379052375,Low-High,Not significant
E01006157,Trafford 006B,Trafford,0.2914046121593291,0.35773189853912524,0.12,0.3113414634146341,Low-Low,Not significant
E01006158,Trafford 008B,Trafford,0.5181058495821727,0.052529194479246914,0.216,0.3902675159235669,High-High,Not significant
E01006159,Trafford 006C,Trafford,0.6539923954372624,0.21194140940727818,0.348,0.44667873303167416,High-High,Not significant
E01006160,Trafford 015B,Trafford,0.4356120826709062,-0.22279802241237814,0.041,0.1999484240687679,Low-High,Not significant
E01006161,Trafford 015C,Trafford,0.4083885209713024,-0.2022383298616893,0.189,0.3710242214532872,Low-High,Not significant
E01006162,Trafford 015D,Trafford,0.6666666666666666,0.4823870538112491,0.107,0.29805891980360066,High-High,Not significant
E01006163,Trafford 015E,Trafford,0.7742857142857142,0.9988375079332541,0.065,0.24367841409691632,High-High,Not significant
E01006164,Trafford 014C,Trafford,0.5748987854251012,0.28330180584661946,0.08,0.2588593155893536,High-High,Not significant
E01006165,Trafford 012E,Trafford,0.5480943738656987,0.15339170611087885,0.094,0.2796993006993007,High-High,Not significant
E01006166,Trafford 013A,Trafford,0.4013840830449827,0.1876380599204922,0.191,0.37134545454545453,Low-Low,Not significant
E01006167,Trafford 019D,Trafford,0.1970149253731343,0.09093708050865798,0.424,0.4749507550886409,Low-Low,Not significant
E01006168,Trafford 019E,Trafford,0.2362030905077262,0.7978650044300923,0.117,0.3082569659442725,Low-Low,Not significant
E01006169,Trafford 013B,Trafford,0.6864406779661016,0.32799584912828805,0.385,0.46374380750176925,High-High,Not significant
E01006170,Trafford 013C,Trafford,0.5825688073394495,0.2620439399029366,0.074,0.2498968253968254,High-High,Not significant
E01006171,Trafford 013D,Trafford,0.4968354430379746,0.009258486622101008,0.282,0.42365481352992196,High-High,Not significant
E01006172,Trafford 016E,Trafford,0.7621621621621621,0.20305816718918895,0.398,0.4674920634920635,High-High,Not significant
E01006173,Trafford 018B,Trafford,0.7374301675977654,1.0151105096996904,0.038,0.19422222222222224,High-High,Not significant
E01006174,Trafford 014D,Trafford,0.5838150289017341,0.43776566204550865,0.018,0.13148497854077254,High-High,Not significant
E01006175,Trafford 018C,Trafford,0.5566343042071198,0.11176781422667427,0.302,0.42903993344425956,High-High,Not significant
E01006176,Trafford 018D,Trafford,0.5133333333333333,0.01450183234399777,0.389,0.4651502086230877,High-High,Not significant
E01006177,Trafford 018E,Trafford,0.6291666666666667,-0.03717353926748131,0.416,0.4738458471760797,High-Low,Not significant
E01006178,Trafford 014E,Trafford,0.7216117216117216,0.8864875044876291,0.103,0.2931538461538461,High-High,Not significant
E01006179,Trafford 008C,Trafford,0.5966101694915255,0.60781885598742,0.012,0.10212,High-High,Not significant
E01006180,Trafford 011D,Trafford,0.7423312883435583,0.7632543973912941,0.129,0.31545689655172415,High-High,Not significant
E01006181,Trafford 011E,Trafford,0.6416666666666667,0.618547372018804,0.055,0.22776155717761556,High-High,Not significant
E01006182,Trafford 006D,Trafford,0.7484276729559748,0.7726736399246849,0.135,0.32225806451612904,High-High,Not significant
E01006183,Trafford 006E,Trafford,0.8032786885245902,0.8775800637125577,0.15,0.3381456953642384,High-High,Not significant
E01006184,Trafford 008D,Trafford,0.5840978593272171,0.3261796309814367,0.022,0.14569649805447468,High-High,Not significant
E01006186,Trafford 003B,Trafford,0.325,0.5971167308979557,0.092,0.2776312056737589,Low-Low,Not significant
E01006187,Trafford 003C,Trafford,0.714,-0.7714542317836312,0.097,0.2841549053356282,High-Low,Not significant
E01006188,Trafford 001F,Trafford,0.2080329557157569,0.7631533570956613,0.082,0.2613558052434457,Low-Low,Not significant
E01006189,Trafford 003D,Trafford,0.6162162162162163,0.19952451987608202,0.261,0.4132297674418605,High-High,Not significant
E01006190,Trafford 021B,Trafford,0.6476683937823834,0.9567152952965018,0.004,0.05080597014925373,High-High,Not significant
E01006191,Trafford 023B,Trafford,0.5613207547169812,0.4351071860461537,0.01,0.09101604278074867,High-High,Not significant
E01006192,Trafford 023C,Trafford,0.5865384615384616,0.4361848776914695,0.005,0.05789115646258503,High-High,Not significant
E01006193,Trafford 024D,Trafford,0.7391304347826086,0.5930630469592675,0.148,0.3381154362416107,High-High,Not significant
E01006194,Trafford 024E,Trafford,0.518348623853211,0.11042351763262344,0.007,0.07264634146341463,High-High,Not significant
E01006195,Trafford 021C,Trafford,0.7248677248677249,1.173887325941556,0.012,0.10212,High-High,Not significant
E01006196,Trafford 021D,Trafford,0.7428571428571429,1.3825421667136655,0.016,0.12211659192825111,High-High,Not significant
E01006197,Trafford 010D,Trafford,0.6737967914438503,1.1893760092154488,0.003,0.04020472440944882,High-High,High-High
E01006198,Trafford 009A,Trafford,0.4836065573770491,-0.03693118223718466,0.017,0.12746255506607929,Low-High,Not significant
E01006199,Trafford 009B,Trafford,0.5860927152317881,0.20306432902156937,0.217,0.3904164904862579,High-High,Not significant
E01006200,Trafford 009C,Trafford,0.4707903780068728,-0.06419805307860951,0.055,0.22776155717761556,Low-High,Not significant
E01006201,Trafford 009D,Trafford,0.6402877697841727,0.9235959919287811,0.008,0.07780571428571428,High-High,Not significant
E01006202,Trafford 009E,Trafford,0.6642857142857143,0.6417733210850037,0.11,0.3022752,High-High,Not significant
E01006203,Trafford 010E,Trafford,0.7986111111111112,1.6823325378958291,0.009,0.0851,High-High,Not significant
E01006204,Trafford 022A,Trafford,0.38671875,-0.1515822229628977,0.271,0.4205300988319856,Low-High,Not significant
E01006205,Trafford 023D,Trafford,0.7006802721088435,0.21239953535201514,0.356,0.4491564121571534,High-High,Not significant
E01006206,Trafford 022B,Trafford,0.4042553191489361,0.030384199841197466,0.4,0.468870523415978,Low-Low,Not significant
E01006207,Trafford 022C,Trafford,0.4018987341772151,0.03143900811144659,0.425,0.4749507550886409,Low-Low,Not significant
E01006208,Trafford 022D,Trafford,0.5596330275229358,0.014827165867076981,0.48,0.493274251497006,High-High,Not significant
E01006209,Trafford 023E,Trafford,0.6650943396226415,0.7367717622444702,0.048,0.21330548302872063,High-High,Not significant
E01006210,Trafford 021E,Trafford,0.5047169811320755,0.03833049839858231,0.128,0.31545689655172415,High-High,Not significant
E01006211,Trafford 022E,Trafford,0.6834170854271356,0.548962453626963,0.143,0.3315885558583106,High-High,Not significant
E01006212,Wigan 026A,Wigan,0.7435897435897436,-0.23235273885098123,0.344,0.4455768645357686,High-Low,Not significant
E01006213,Wigan 024A,Wigan,0.4018987341772151,0.09284285317515384,0.292,0.4265882352941176,Low-Low,Not significant
E01006214,Wigan 026B,Wigan,0.5801526717557252,-0.28621954054344,0.05,0.21653944020356236,High-Low,Not significant
E01006215,Wigan 024B,Wigan,0.3424657534246575,0.12975114715158664,0.315,0.43475745366639806,Low-Low,Not significant
E01006216,Wigan 026C,Wigan,0.3576923076923077,0.020727016626222703,0.437,0.4780038560411311,Low-Low,Not significant
E01006217,Wigan 024C,Wigan,0.3360881542699724,0.5605918883689744,0.069,0.2487265135699374,Low-Low,Not significant
E01006218,Wigan 024D,Wigan,0.3221052631578947,0.44409784659145624,0.18,0.36558472553699284,Low-Low,Not significant
E01006219,Wigan 024E,Wigan,0.6363636363636364,-0.14977412273836546,0.363,0.45361674008810576,High-Low,Not significant
E01006220,Wigan 035A,Wigan,0.5021097046413502,0.00817658401402074,0.369,0.4569956458635704,High-High,Not significant
E01006221,Wigan 035B,Wigan,0.5959183673469388,0.4441408670438602,0.05,0.21653944020356236,High-High,Not significant
E01006222,Wigan 035C,Wigan,0.593939393939394,0.30201433025025676,0.208,0.3852187159956474,High-High,Not significant
E01006223,Wigan 036A,Wigan,0.6402877697841727,0.7558933978211374,0.01,0.09101604278074867,High-High,Not significant
E01006224,Wigan 035D,Wigan,0.6302521008403361,0.43598090234959175,0.118,0.3094545454545454,High-High,Not significant
E01006225,Wigan 036B,Wigan,0.7454545454545455,1.1469977149613448,0.055,0.22776155717761556,High-High,Not significant
E01006226,Wigan 035E,Wigan,0.5765765765765766,0.40887060044796897,0.044,0.20405449591280653,High-High,Not significant
E01006227,Wigan 038A,Wigan,0.5621301775147929,0.15969607336661854,0.276,0.42054789615040294,High-High,Not significant
E01006228,Wigan 038B,Wigan,0.6334405144694534,-0.2039298482397095,0.267,0.4176783088235294,High-Low,Not significant
E01006229,Wigan 002A,Wigan,0.4771929824561403,0.009402352499950592,0.325,0.4358944050433412,Low-Low,Not significant
E01006230,Wigan 002B,Wigan,0.1755027422303473,0.5464921634247444,0.237,0.4025688622754491,Low-Low,Not significant
E01006231,Wigan 004A,Wigan,0.631578947368421,-0.15296183520172185,0.272,0.4205300988319856,High-Low,Not significant
E01006232,Wigan 004B,Wigan,0.4280936454849498,0.03509342236783116,0.325,0.4358944050433412,Low-Low,Not significant
E01006233,Wigan 002C,Wigan,0.6384615384615384,-0.2724827283885315,0.228,0.39690224032586563,High-Low,Not significant
E01006234,Wigan 004C,Wigan,0.5078125,-0.004277341027154324,0.425,0.4749507550886409,High-Low,Not significant
E01006235,Wigan 004D,Wigan,0.3807106598984771,-0.1491633308791865,0.37,0.4569956458635704,Low-High,Not significant
E01006236,Wigan 007A,Wigan,0.5309278350515464,-0.060842931744002085,0.185,0.370259649122807,High-Low,Not significant
E01006237,Wigan 002D,Wigan,0.1794871794871795,1.433546716505978,0.049,0.21494329896907216,Low-Low,Not significant
E01006238,Wigan 002E,Wigan,0.4820717131474104,0.06141777062789687,0.011,0.09650515463917525,Low-Low,Not significant
E01006239,Wigan 017A,Wigan,0.3824451410658307,0.3491723544172516,0.09,0.27353571428571427,Low-Low,Not significant
E01006240,Wigan 017B,Wigan,0.3919597989949748,0.38957080028058294,0.089,0.2724424460431654,Low-Low,Not significant
E01006241,Wigan 017C,Wigan,0.1594488188976378,0.2846914582838772,0.313,0.43449430894308944,Low-Low,Not significant
E01006242,Wigan 023A,Wigan,0.4412607449856733,0.17039552067649358,0.082,0.2613558052434457,Low-Low,Not significant
E01006243,Wigan 023B,Wigan,0.4772727272727273,0.03553285921158876,0.126,0.31417732558139533,Low-Low,Not significant
E01006244,Wigan 023C,Wigan,0.4765625,-0.0005091952413523096,0.474,0.49221964612568636,Low-High,Not significant
E01006245,Wigan 023D,Wigan,0.3804573804573805,0.11040146483146754,0.275,0.4205300988319856,Low-Low,Not significant
E01006246,Wigan 034A,Wigan,0.4328859060402684,-0.11581781191270005,0.215,0.3892872340425532,Low-High,Not significant
E01006247,Wigan 034B,Wigan,0.6717557251908397,-0.11696080865085735,0.392,0.4651502086230877,High-Low,Not significant
E01006248,Wigan 031A,Wigan,0.1097560975609756,-0.21557853683329262,0.432,0.4768249027237354,Low-High,Not significant
E01006249,Wigan 031B,Wigan,0.3947368421052631,0.13555992593662577,0.286,0.42365481352992196,Low-Low,Not significant
E01006250,Wigan 029A,Wigan,0.3638888888888889,0.18617136772489168,0.256,0.4126060606060606,Low-Low,Not significant
E01006251,Wigan 029B,Wigan,0.5707762557077626,-0.25761044855613147,0.035,0.18329230769230773,High-Low,Not significant
E01006252,Wigan 034C,Wigan,0.6884422110552764,-0.29663789997494405,0.261,0.4132297674418605,High-Low,Not significant
E01006253,Wigan 005A,Wigan,0.6970954356846473,-0.4149274792985463,0.252,0.41088358778625955,High-Low,Not significant
E01006254,Wigan 005B,Wigan,0.430379746835443,-0.10041279695691957,0.259,0.4132297674418605,Low-High,Not significant
E01006255,Wigan 005C,Wigan,0.6176470588235294,0.495703525430816,0.039,0.19580530973451327,High-High,Not significant
E01006256,Wigan 005D,Wigan,0.3247588424437299,-0.15418347142739522,0.382,0.46275017793594303,Low-High,Not significant
E01006257,Wigan 008A,Wigan,0.6559139784946236,0.5695469570085648,0.129,0.31545689655172415,High-High,Not significant
E01006258,Wigan 008B,Wigan,0.56640625,-0.032340086907337945,0.388,0.46505352112676057,High-Low,Not significant
E01006259,Wigan 003A,Wigan,0.5434782608695652,-0.0275653463765523,0.372,0.4588,High-Low,Not significant
E01006260,Wigan 005E,Wigan,0.5459459459459459,0.15222059433245932,0.134,0.32032022471910115,High-High,Not significant
E01006261,Wigan 036C,Wigan,0.5669642857142857,0.2541700018288149,0.081,0.2601169811320755,High-High,Not significant
E01006262,Wigan 032A,Wigan,0.25,-0.6499502707541316,0.093,0.27769473684210527,Low-High,Not significant
E01006263,Wigan 032B,Wigan,0.7019867549668874,0.10902725144637439,0.445,0.4821254752851711,High-High,Not significant
E01006264,Wigan 036D,Wigan,0.5978260869565217,0.5667476389486585,0.028,0.16489965397923875,High-High,Not significant
E01006265,Wigan 036E,Wigan,0.6715686274509803,0.7948433170276492,0.044,0.20405449591280653,High-High,Not significant
E01006266,Wigan 032C,Wigan,0.777027027027027,-0.3098424114215842,0.298,0.4272923336141533,High-Low,Not significant
E01006267,Wigan 032D,Wigan,0.3448275862068966,-0.6959741866794771,0.078,0.25579190751445086,Low-High,Not significant
E01006268,Wigan 032E,Wigan,0.5421245421245421,0.12964786090020394,0.137,0.32340360610263524,High-High,Not significant
E01006269,Wigan 013A,Wigan,0.3955696202531645,0.3072840216649807,0.164,0.35154659949622163,Low-Low,Not significant
E01006270,Wigan 016A,Wigan,0.3480392156862745,-0.10255015980602235,0.409,0.4732277362338545,Low-High,Not significant
E01006271,Wigan 013B,Wigan,0.6111111111111112,-0.057148222556833064,0.388,0.46505352112676057,High-Low,Not significant
E01006272,Wigan 013C,Wigan,0.2869127516778523,0.18634436615789923,0.294,0.4265882352941176,Low-Low,Not significant
E01006273,Wigan 013D,Wigan,0.5490196078431373,-0.05671096652183169,0.313,0.43449430894308944,High-Low,Not significant
E01006274,Wigan 016B,Wigan,0.4296028880866426,0.06717922687420938,0.296,0.42693749999999997,Low-Low,Not significant
E01006275,Wigan 016C,Wigan,0.4502369668246445,0.020647025926216225,0.367,0.45660380116959065,Low-Low,Not significant
E01006276,Wigan 013E,Wigan,0.5056179775280899,-0.041233063265726025,0.111,0.3022752,High-Low,Not significant
E01006277,Wigan 016D,Wigan,0.4205128205128205,-0.04866725507538484,0.416,0.4738458471760797,Low-High,Not significant
E01006278,Wigan 019A,Wigan,0.6908212560386473,0.12212245160696109,0.451,0.4830723725613593,High-High,Not significant
E01006279,Wigan 019B,Wigan,0.5668449197860963,-0.08026285519753198,0.3,0.42871536523929465,High-Low,Not significant
E01006280,Wigan 019C,Wigan,0.6373056994818653,0.12263182392298616,0.39,0.4651502086230877,High-High,Not significant
E01006281,Wigan 019D,Wigan,0.5,-0.024074154396723,0.122,0.31271686746987953,High-Low,Not significant
E01006282,Wigan 027A,Wigan,0.3322981366459627,0.6431678277324495,0.053,0.22495261845386536,Low-Low,Not significant
E01006283,Wigan 027B,Wigan,0.3413333333333333,0.3876360195630034,0.112,0.30354140127388535,Low-Low,Not significant
E01006284,Wigan 027C,Wigan,0.2904411764705882,1.061196868954353,0.068,0.2487265135699374,Low-Low,Not significant
E01006285,Wigan 019E,Wigan,0.4901185770750988,-0.0007797164241137812,0.392,0.4651502086230877,Low-High,Not significant
E01006286,Wigan 016E,Wigan,0.6345177664974619,-0.14129221663632607,0.314,0.43449430894308944,High-Low,Not significant
E01006287,Wigan 017D,Wigan,0.6767676767676768,0.9531647349667197,0.032,0.1762588996763754,High-High,Not significant
E01006288,Wigan 025A,Wigan,0.3644444444444444,-0.5429716650071155,0.009,0.0851,Low-High,Not significant
E01006289,Wigan 017E,Wigan,0.3170731707317073,-0.5101697763808694,0.119,0.30969113149847094,Low-High,Not significant
E01006290,Wigan 022A,Wigan,0.75,0.6512941457883271,0.138,0.324414364640884,High-High,Not significant
E01006291,Wigan 022B,Wigan,0.6030534351145038,0.1212090484559208,0.356,0.4491564121571534,High-High,Not significant
E01006292,Wigan 022C,Wigan,0.6861924686192469,0.5472336922253289,0.177,0.364273276904474,High-High,Not significant
E01006293,Wigan 022D,Wigan,0.4594594594594595,0.021444382474074115,0.354,0.44796133828996276,Low-Low,Not significant
E01006294,Wigan 025B,Wigan,0.5361990950226244,0.03928370903772605,0.408,0.47271341048332194,High-High,Not significant
E01006295,Wigan 025C,Wigan,0.5802469135802469,-0.13839520111382367,0.266,0.4164967801287949,High-Low,Not significant
E01006296,Wigan 037A,Wigan,0.1929824561403508,-0.03137682058223505,0.479,0.493274251497006,Low-High,Not significant
E01006297,Wigan 034D,Wigan,0.4135593220338983,-0.006757765150474738,0.489,0.49481450653983355,Low-High,Not significant
E01006298,Wigan 037B,Wigan,0.3015384615384615,-0.22108999861021533,0.342,0.4446783804430864,Low-High,Not significant
E01006299,Wigan 037C,Wigan,0.4982817869415807,0.008760514061294734,0.316,0.43475745366639806,High-High,Not significant
E01006300,Wigan 037D,Wigan,0.708994708994709,-0.9149075810047503,0.063,0.2404170403587444,High-Low,Not significant
E01006301,Wigan 037E,Wigan,0.4420600858369098,-0.02172870730603878,0.471,0.4916425948592411,Low-High,Not significant
E01006302,Wigan 040A,Wigan,0.4107648725212464,0.1699154491712401,0.221,0.39386596858638745,Low-Low,Not significant
E01006303,Wigan 040B,Wigan,0.4880952380952381,0.009481387294983663,0.068,0.2487265135699374,Low-Low,Not significant
E01006304,Wigan 040C,Wigan,0.5384615384615384,-0.21653108375426386,0.06,0.23584295612009235,High-Low,Not significant
E01006305,Wigan 012A,Wigan,0.3246073298429319,0.01428812241114851,0.46,0.4876457426973276,Low-Low,Not significant
E01006306,Wigan 009A,Wigan,0.4957507082152974,-0.011503996662930711,0.147,0.3376437246963563,High-Low,Not significant
E01006307,Wigan 009B,Wigan,0.4823008849557522,0.014637454498951553,0.229,0.39690224032586563,Low-Low,Not significant
E01006308,Wigan 012B,Wigan,0.5696969696969697,-0.12091822098764227,0.219,0.39194321766561513,High-Low,Not significant
E01006309,Wigan 012C,Wigan,0.4828897338403042,0.013917019217486375,0.224,0.3958961578400831,Low-Low,Not significant
E01006310,Wigan 012D,Wigan,0.4831460674157303,0.004560465223388113,0.364,0.45453264856933234,Low-Low,Not significant
E01006311,Wigan 012E,Wigan,0.4076086956521739,0.0859739027438763,0.287,0.42365481352992196,Low-Low,Not significant
E01006312,Wigan 003B,Wigan,0.7032967032967034,0.08773428196458226,0.472,0.4916425948592411,High-High,Not significant
E01006313,Wigan 003C,Wigan,0.3147208121827411,-0.23368013575920227,0.32,0.435712,Low-High,Not significant
E01006314,Wigan 003D,Wigan,0.4780876494023904,-0.04176336367448689,0.077,0.2554658869395712,Low-High,Not significant
E01006315,Wigan 001A,Wigan,0.3470588235294117,0.9915084041860291,0.011,0.09650515463917525,Low-Low,Not significant
E01006316,Wigan 001B,Wigan,0.2094594594594594,0.06689894434561308,0.419,0.4738458471760797,Low-Low,Not significant
E01006317,Wigan 001C,Wigan,0.3577981651376147,0.7724973755512085,0.023,0.14828030303030304,Low-Low,Not significant
E01006318,Wigan 003E,Wigan,0.7019867549668874,0.03170206574617378,0.499,0.49988110653325485,High-High,Not significant
E01006319,Wigan 001D,Wigan,0.2857142857142857,0.8269219228936694,0.067,0.2479,Low-Low,Not significant
E01006320,Wigan 003F,Wigan,0.609375,-0.05862555547359598,0.389,0.4651502086230877,High-Low,Not significant
E01006321,Wigan 003G,Wigan,0.5176470588235295,0.048219297613052325,0.358,0.4506775147928994,High-High,Not significant
E01006322,Wigan 026D,Wigan,0.3410138248847926,0.27909220479817143,0.148,0.3381154362416107,Low-Low,Not significant
E01006323,Wigan 033A,Wigan,0.4086687306501548,0.31653310542001906,0.079,0.2575823754789272,Low-Low,Not significant
E01006324,Wigan 033B,Wigan,0.5301204819277109,0.04097592544070026,0.37,0.4569956458635704,High-High,Not significant
E01006325,Wigan 033C,Wigan,0.5836734693877551,-0.2726282656122641,0.13,0.3160857142857143,High-Low,Not significant
E01006326,Wigan 033D,Wigan,0.6656441717791411,0.0099280063958728,0.461,0.4876457426973276,High-High,Not significant
E01006327,Wigan 033E,Wigan,0.1045016077170418,0.800212290143375,0.159,0.3473915275994865,Low-Low,Not significant
E01006328,Wigan 030A,Wigan,0.631578947368421,0.08848035148504936,0.418,0.4738458471760797,High-High,Not significant
E01006329,Wigan 026E,Wigan,0.518324607329843,-0.07563362101376869,0.106,0.2962430213464696,High-Low,Not significant
E01006330,Wigan 031C,Wigan,0.6607142857142857,0.2409729339956598,0.301,0.42903993344425956,High-High,Not significant
E01006331,Wigan 031D,Wigan,0.7483443708609272,-0.14903083228103975,0.361,0.4521133186166299,High-Low,Not significant
E01006332,Wigan 031E,Wigan,0.4543429844097995,-0.04533189304567566,0.33,0.4384140077821012,Low-High,Not significant
E01006333,Wigan 030B,Wigan,0.5924528301886792,-0.10210233187711604,0.292,0.4265882352941176,High-Low,Not significant
E01006334,Wigan 030C,Wigan,0.4680851063829787,-0.013683496831301422,0.426,0.47513237221494103,Low-High,Not significant
E01006335,Wigan 034E,Wigan,0.5525525525525525,0.11973779983883244,0.247,0.40854616132167154,High-High,Not significant
E01006336,Wigan 027D,Wigan,0.2941176470588235,0.40944288125949263,0.176,0.36397569866342644,Low-Low,Not significant
E01006337,Wigan 027E,Wigan,0.4930875576036866,-0.0015996780189020498,0.335,0.44130804953560376,High-Low,Not significant
E01006338,Wigan 030D,Wigan,0.5246913580246914,0.012250113733125938,0.474,0.49221964612568636,High-High,Not significant
E01006339,Wigan 039A,Wigan,0.744,-1.0622919180387485,0.051,0.2186448362720403,High-Low,Not significant
E01006340,Wigan 039B,Wigan,0.1726078799249531,0.2558797748103963,0.329,0.43746718749999997,Low-Low,Not significant
E01006341,Wigan 040D,Wigan,0.2513513513513513,-0.4130552156496592,0.253,0.41088358778625955,Low-High,Not significant
E01006342,Wigan 038C,Wigan,0.4785992217898833,0.0287700847085008,0.189,0.3710242214532872,Low-Low,Not significant
E01006343,Wigan 039C,Wigan,0.5035460992907801,0.019483669832065387,0.322,0.4358944050433412,High-High,Not significant
E01006344,Wigan 038D,Wigan,0.5724137931034483,-0.23371962802442245,0.187,0.3703425925925926,High-Low,Not significant
E01006345,Wigan 039D,Wigan,0.5899280575539568,0.047973796710391835,0.463,0.48824411400247836,High-High,Not significant
E01006346,Wigan 038E,Wigan,0.5330073349633252,0.0009354674992668548,0.475,0.49249361702127653,High-High,Not significant
E01006347,Wigan 040E,Wigan,0.5608465608465608,-0.17358982202183895,0.172,0.3609667077681874,High-Low,Not significant
E01006348,Wigan 039E,Wigan,0.2123176661264181,-0.3142844814601601,0.314,0.43449430894308944,Low-High,Not significant
E01006349,Wigan 015A,Wigan,0.3801065719360568,0.24714989105185994,0.156,0.34348253557567915,Low-Low,Not significant
E01006350,Wigan 010A,Wigan,0.4863636363636364,0.009550739321058557,0.182,0.3687666666666667,Low-Low,Not significant
E01006351,Wigan 010B,Wigan,0.548951048951049,-0.017252061642845047,0.423,0.4749507550886409,High-Low,Not significant
E01006352,Wigan 015B,Wigan,0.4275,0.1130910716449573,0.218,0.39138818565400846,Low-Low,Not significant
E01006353,Wigan 014A,Wigan,0.6363636363636364,-0.04382507289378788,0.422,0.4749507550886409,High-Low,Not significant
E01006354,Wigan 014B,Wigan,0.4612546125461255,-0.0470040983132764,0.298,0.4272923336141533,Low-High,Not significant
E01006355,Wigan 014C,Wigan,0.5830258302583026,-0.12076815099681265,0.269,0.41849908592321755,High-Low,Not significant
E01006356,Wigan 011A,Wigan,0.4023668639053254,0.2302087076291239,0.127,0.31417732558139533,Low-Low,Not significant
E01006357,Wigan 010C,Wigan,0.4010416666666667,0.1691501446839216,0.18,0.36558472553699284,Low-Low,Not significant
E01006358,Wigan 014D,Wigan,0.4344262295081967,0.015475758718647559,0.425,0.4749507550886409,Low-Low,Not significant
E01006359,Wigan 014E,Wigan,0.5137614678899083,-0.0014073152358876394,0.464,0.48839084724799015,High-Low,Not significant
E01006360,Wigan 010D,Wigan,0.263681592039801,0.4694957171247278,0.224,0.3958961578400831,Low-Low,Not significant
E01006361,Wigan 010E,Wigan,0.3838862559241706,0.2995532367158569,0.106,0.2962430213464696,Low-Low,Not significant
E01006362,Wigan 018A,Wigan,0.7004830917874396,0.42788424663808855,0.234,0.4002693467336684,High-High,Not significant
E01006363,Wigan 018B,Wigan,0.6473029045643154,0.4912534850323753,0.119,0.30969113149847094,High-High,Not significant
E01006364,Wigan 018C,Wigan,0.5725490196078431,0.2942476575342071,0.046,0.20933689839572192,High-High,Not significant
E01006365,Wigan 018D,Wigan,0.5148148148148148,0.0965518747177131,0.114,0.30603785488958996,High-High,Not significant
E01006366,Wigan 018E,Wigan,0.5541125541125541,0.16810438944246128,0.185,0.370259649122807,High-High,Not significant
E01006367,Wigan 018F,Wigan,0.5909090909090909,0.28554816462319343,0.212,0.38715021459227467,High-High,Not significant
E01006368,Wigan 018G,Wigan,0.5950413223140496,0.20947056562120095,0.173,0.36128343558282205,High-High,Not significant
E01006369,Wigan 008C,Wigan,0.4557926829268293,-0.06614819594589397,0.2,0.3778024417314096,Low-High,Not significant
E01006370,Wigan 006A,Wigan,0.582089552238806,0.14577988533436328,0.261,0.4132297674418605,High-High,Not significant
E01006371,Wigan 008D,Wigan,0.7245283018867924,1.2229041810165613,0.01,0.09101604278074867,High-High,Not significant
E01006372,Wigan 006B,Wigan,0.5614973262032086,0.2722178734153313,0.07,0.2487265135699374,High-High,Not significant
E01006373,Wigan 006C,Wigan,0.7035175879396985,1.017886727107953,0.031,0.17299016393442623,High-High,Not significant
E01006374,Wigan 006D,Wigan,0.6990740740740741,0.9310864773057664,0.021,0.14354216867469882,High-High,Not significant
E01006375,Wigan 008E,Wigan,0.7240437158469946,1.0005530013097885,0.074,0.2498968253968254,High-High,Not significant
E01006376,Wigan 028A,Wigan,0.3928571428571428,0.30344311163082444,0.117,0.3082569659442725,Low-Low,Not significant
E01006377,Wigan 025D,Wigan,0.695906432748538,0.5688757158899517,0.111,0.3022752,High-High,Not significant
E01006378,Wigan 025E,Wigan,0.7298850574712644,-0.1618223957378328,0.353,0.44769448584202676,High-Low,Not significant
E01006379,Wigan 029C,Wigan,0.3384146341463415,0.4202494447728154,0.055,0.22776155717761556,Low-Low,Not significant
E01006380,Wigan 029D,Wigan,0.1469344608879492,-0.9140329015331027,0.144,0.3334530612244898,Low-High,Not significant
E01006381,Wigan 028B,Wigan,0.4247787610619469,0.040485285017412456,0.361,0.4521133186166299,Low-Low,Not significant
E01006382,Wigan 028C,Wigan,0.7043478260869566,1.6049257222861644,0.007,0.07264634146341463,High-High,Not significant
E01006383,Wigan 028D,Wigan,0.54,0.094412503914462,0.215,0.3892872340425532,High-High,Not significant
E01006384,Wigan 028E,Wigan,0.7006802721088435,0.6934347696436098,0.073,0.2498968253968254,High-High,Not significant
E01006385,Wigan 029E,Wigan,0.7039473684210527,-0.3919112088803845,0.24,0.40483647175421206,High-Low,Not significant
E01006386,Wigan 009C,Wigan,0.2953846153846154,-0.05063688331327644,0.485,0.49340705319784817,Low-High,Not significant
E01006387,Wigan 009D,Wigan,0.6445497630331753,-0.38132123408674784,0.17,0.35809405940594063,High-Low,Not significant
E01006388,Wigan 007B,Wigan,0.2296918767507002,-0.239574345979719,0.41,0.4734192672998643,Low-High,Not significant
E01006389,Wigan 007C,Wigan,0.3884297520661157,-0.0721644566897531,0.413,0.4738458471760797,Low-High,Not significant
E01006390,Wigan 006E,Wigan,0.5154639175257731,0.049030057651451596,0.234,0.4002693467336684,High-High,Not significant
E01006391,Wigan 007D,Wigan,0.7039106145251397,-0.7157048295613955,0.1,0.28847457627118644,High-Low,Not significant
E01006392,Wigan 009E,Wigan,0.3148936170212766,0.18191453671345525,0.313,0.43449430894308944,Low-Low,Not significant
E01006393,Wigan 021A,Wigan,0.5847953216374269,0.17049297753638334,0.255,0.41216524216524214,High-High,Not significant
E01006394,Wigan 021B,Wigan,0.6966292134831461,0.7030797196409228,0.128,0.31545689655172415,High-High,Not significant
E01006395,Wigan 021C,Wigan,0.4685990338164251,-0.0551237850200693,0.142,0.3306210670314637,Low-High,Not significant
E01006396,Wigan 011B,Wigan,0.5384615384615384,-0.07290428056156119,0.188,0.3703425925925926,High-Low,Not significant
E01006397,Wigan 011C,Wigan,0.323671497584541,0.21817633642611547,0.327,0.43746718749999997,Low-Low,Not significant
E01006398,Wigan 011D,Wigan,0.4195402298850574,0.10392936922409485,0.273,0.4205300988319856,Low-Low,Not significant
E01006399,Wigan 011E,Wigan,0.5321100917431193,0.01469337975203385,0.475,0.49249361702127653,High-High,Not significant
E01006400,Wigan 021D,Wigan,0.1491442542787286,-1.1505423471738399,0.072,0.2498968253968254,Low-High,Not significant
E01006401,Wigan 021E,Wigan,0.5669291338582677,0.12630434127180065,0.179,0.3652973621103118,High-High,Not significant
E01006402,Wigan 021F,Wigan,0.74,0.07091039768492345,0.493,0.49591371158392433,High-High,Not significant
E01006403,Wigan 021G,Wigan,0.6645161290322581,-0.1544674541543395,0.313,0.43449430894308944,High-Low,Not significant
E01006404,Wigan 015C,Wigan,0.391304347826087,0.1820698239752101,0.194,0.37225253664036073,Low-Low,Not significant
E01006405,Wigan 015D,Wigan,0.3727598566308244,0.16018002650998264,0.286,0.42365481352992196,Low-Low,Not significant
E01006406,Wigan 020A,Wigan,0.7885714285714286,0.21791961940052007,0.405,0.47148426812585503,High-High,Not significant
E01006407,Wigan 020B,Wigan,0.6171875,0.12224320320495798,0.38,0.46275017793594303,High-High,Not significant
E01006408,Wigan 020C,Wigan,0.4128440366972477,-0.06377889924509898,0.408,0.47271341048332194,Low-High,Not significant
E01006409,Wigan 020D,Wigan,0.6756756756756757,0.7691395803330218,0.052,0.22125999999999998,High-High,Not significant
E01006410,Wigan 020E,Wigan,0.5752212389380531,0.12811211933624111,0.305,0.4307966804979253,High-High,Not significant
E01006411,Wigan 015E,Wigan,0.19533527696793,0.9638144094851535,0.102,0.2907939698492462,Low-Low,Not significant
E01032556,Oldham 026E,Oldham,0.6050420168067226,0.027269977401007714,0.483,0.493274251497006,High-High,Not significant
E01032557,Oldham 026F,Oldham,0.425,0.06529009860723893,0.333,0.43969433669511254,Low-Low,Not significant
E01032558,Oldham 007E,Oldham,0.2305194805194805,-0.15949107624330383,0.473,0.49221964612568636,Low-High,Not significant
E01032559,Oldham 007F,Oldham,0.3898809523809524,-0.0097506879464091,0.483,0.493274251497006,Low-High,Not significant
E01032684,Salford 034D,Salford,0.3167938931297709,2.0966709481030468,0.001,0.016686274509803922,Low-Low,Low-Low
E01032906,Salford 034E,Salford,0.0806368772470467,5.172800084864568,0.001,0.016686274509803922,Low-Low,Low-Low
E01032909,Salford 033F,Salford,0.0511520737327188,6.129825218218973,0.001,0.016686274509803922,Low-Low,Low-Low
E01032912,Salford 035B,Salford,0.073170731707317,5.142021785498115,0.001,0.016686274509803922,Low-Low,Low-Low
E01032914,Salford 035A,Salford,0.1305220883534136,4.3757566563406645,0.001,0.016686274509803922,Low-Low,Low-Low
E01032915,Salford 036C,Salford,0.0851755526657997,5.767742471408528,0.001,0.016686274509803922,Low-Low,Low-Low
E01032920,Oldham 011E,Oldham,0.3563941299790356,-0.1827954255359605,0.308,0.4321648804616653,Low-High,Not significant
E01032922,Oldham 020E,Oldham,0.5976331360946746,0.1938819368953436,0.238,0.40386440677966096,High-High,Not significant
E01033217,Bolton 016E,Bolton,0.1815680880330124,0.38123210654426976,0.256,0.4126060606060606,Low-Low,Not significant
E01033218,Bolton 028F,Bolton,0.1853281853281853,0.8092151590399764,0.154,0.342177545691906,Low-Low,Not significant
E01033219,Bolton 028G,Bolton,0.3968253968253968,0.4466565661406041,0.044,0.20405449591280653,Low-Low,Not significant
E01033220,Bolton 016F,Bolton,0.2897862232779097,0.7863810839374376,0.028,0.16489965397923875,Low-Low,Not significant
E01033330,Salford 033E,Salford,0.2176258992805755,3.38723825373284,0.001,0.016686274509803922,Low-Low,Low-Low
E01033651,Manchester 054B,Manchester,0.0617469879518072,4.887445218768152,0.001,0.016686274509803922,Low-Low,Low-Low
E01033653,Manchester 055B,Manchester,0.2469418960244648,2.631905538885948,0.001,0.016686274509803922,Low-Low,Low-Low
E01033654,Manchester 055C,Manchester,0.1612903225806451,3.840714626019844,0.001,0.016686274509803922,Low-Low,Low-Low
E01033655,Manchester 056B,Manchester,0.0579268292682926,5.26119866609746,0.001,0.016686274509803922,Low-Low,Low-Low
E01033656,Manchester 057B,Manchester,0.0818345323741007,5.312304386966253,0.001,0.016686274509803922,Low-Low,Low-Low
E01033658,Manchester 054C,Manchester,0.1524064171122994,4.268420203026275,0.001,0.016686274509803922,Low-Low,Low-Low
E01033660,Manchester 059B,Manchester,0.1067683508102955,5.298494507530141,0.001,0.016686274509803922,Low-Low,Low-Low
E01033661,Manchester 055E,Manchester,0.1580110497237569,4.086678236115488,0.001,0.016686274509803922,Low-Low,Low-Low
E01033662,Manchester 057C,Manchester,0.2270114942528735,3.0292580160876654,0.001,0.016686274509803922,Low-Low,Low-Low
E01033664,Manchester 054D,Manchester,0.1128433556050482,4.888495062849985,0.001,0.016686274509803922,Low-Low,Low-Low
E01033665,Manchester 056C,Manchester,0.1129568106312292,4.684399276548056,0.001,0.016686274509803922,Low-Low,Low-Low
E01033667,Manchester 054E,Manchester,0.2020295202952029,3.2567202715319215,0.001,0.016686274509803922,Low-Low,Low-Low
E01033668,Manchester 015F,Manchester,0.1524064171122994,0.168248947723011,0.399,0.46802067539627845,Low-Low,Not significant
E01033669,Manchester 015G,Manchester,0.1824817518248175,1.7665187882952378,0.001,0.016686274509803922,Low-Low,Low-Low
E01033670,Manchester 039E,Manchester,0.1870824053452116,1.187190079763297,0.088,0.2708426763110307,Low-Low,Not significant
E01033671,Manchester 039F,Manchester,0.5176252319109462,-0.09719135841049252,0.049,0.21494329896907216,High-Low,Not significant
E01033672,Manchester 059C,Manchester,0.1171393341553637,4.587564210073908,0.001,0.016686274509803922,Low-Low,Low-Low
E01033673,Manchester 059D,Manchester,0.1170520231213872,5.342698044427777,0.001,0.016686274509803922,Low-Low,Low-Low
E01033674,Manchester 058C,Manchester,0.1814254859611231,3.9382382855589575,0.001,0.016686274509803922,Low-Low,Low-Low
E01033675,Manchester 058D,Manchester,0.1843575418994413,2.7690847070505433,0.002,0.029599999999999998,Low-Low,Low-Low
E01033676,Manchester 056D,Manchester,0.1977611940298507,1.8745572943174866,0.003,0.04020472440944882,Low-Low,Low-Low
E01033677,Manchester 060A,Manchester,0.1796875,3.550492941222395,0.001,0.016686274509803922,Low-Low,Low-Low
E01033678,Manchester 009F,Manchester,0.166077738515901,1.9602436174025362,0.02,0.1406611570247934,Low-Low,Not significant
E01033679,Manchester 009G,Manchester,0.1054852320675105,3.8874675162349916,0.001,0.016686274509803922,Low-Low,Low-Low
E01033680,Manchester 028E,Manchester,0.4009661835748792,0.2722683616566222,0.12,0.3113414634146341,Low-Low,Not significant
E01033681,Manchester 060B,Manchester,0.0723822909346451,5.545092831598015,0.001,0.016686274509803922,Low-Low,Low-Low
E01033682,Manchester 060C,Manchester,0.2101449275362318,3.826133683881059,0.001,0.016686274509803922,Low-Low,Low-Low
E01033684,Manchester 062D,Manchester,0.1368778280542986,4.062764575929395,0.002,0.029599999999999998,Low-Low,Low-Low
E01033685,Manchester 003F,Manchester,0.2120141342756183,1.2637319589362668,0.056,0.22856594724220622,Low-Low,Not significant
E01033686,Manchester 028F,Manchester,0.4485294117647059,0.15098336395028855,0.108,0.29937459283387624,Low-Low,Not significant
E01033687,Manchester 003G,Manchester,0.25,1.2931361877264278,0.009,0.0851,Low-Low,Not significant
E01033688,Manchester 062B,Manchester,0.245014245014245,3.185394674614228,0.001,0.016686274509803922,Low-Low,Low-Low
E01033947,Stockport 014E,Stockport,0.439146800501882,-0.027188425087837118,0.435,0.4770425257731959,Low-High,Not significant
E01033948,Stockport 014F,Stockport,0.16,0.7772753244281011,0.179,0.3652973621103118,Low-Low,Not significant
E01033949,Tameside 013F,Tameside,0.126865671641791,1.5835351836945013,0.099,0.28656122448979593,Low-Low,Not significant
E01033950,Tameside 013G,Tameside,0.1847826086956521,0.8702926755339201,0.102,0.2907939698492462,Low-Low,Not significant
E01033976,Salford 003D,Salford,0.106060606060606,-0.02053039620442678,0.476,0.49249361702127653,Low-High,Not significant
E01033977,Salford 003E,Salford,0.3110236220472441,1.088536782529186,0.018,0.13148497854077254,Low-Low,Not significant
E01033978,Salford 008E,Salford,0.2629107981220657,1.207833896849755,0.034,0.1819748427672956,Low-Low,Not significant
E01033979,Salford 008F,Salford,0.2448979591836734,0.7046995567248469,0.039,0.19580530973451327,Low-Low,Not significant
E01033980,Salford 017G,Salford,0.1891025641025641,1.5339067443397305,0.022,0.14569649805447468,Low-Low,Not significant
E01033981,Salford 017H,Salford,0.3141122913505311,2.033166607761855,0.001,0.016686274509803922,Low-Low,Low-Low
E01033982,Salford 021H,Salford,0.4403292181069959,0.3253059861926258,0.017,0.12746255506607929,Low-Low,Not significant
E01033983,Salford 021I,Salford,0.224907063197026,0.9488807192566473,0.074,0.2498968253968254,Low-Low,Not significant
E01033984,Salford 024E,Salford,0.1777188328912466,2.6863514613517356,0.001,0.016686274509803922,Low-Low,Low-Low
E01033985,Salford 032A,Salford,0.0831168831168831,4.4992697359082,0.001,0.016686274509803922,Low-Low,Low-Low
E01033986,Salford 032B,Salford,0.0160183066361556,5.320718962448748,0.001,0.016686274509803922,Low-Low,Low-Low
E01033987,Salford 033A,Salford,0.0509745127436281,5.2219671671552375,0.001,0.016686274509803922,Low-Low,Low-Low
E01033988,Salford 033B,Salford,0.0439802089059923,6.20058247438268,0.001,0.016686274509803922,Low-Low,Low-Low
E01033989,Salford 033C,Salford,0.245982694684796,3.1427694161222344,0.001,0.016686274509803922,Low-Low,Low-Low
E01033990,Salford 033D,Salford,0.0123203285420944,6.347391109448729,0.001,0.016686274509803922,Low-Low,Low-Low
E01033991,Salford 034A,Salford,0.1358921161825726,4.7474060826526525,0.001,0.016686274509803922,Low-Low,Low-Low
E01033992,Salford 034B,Salford,0.0103204780010863,6.59114939295493,0.001,0.016686274509803922,Low-Low,Low-Low
E01033993,Salford 036A,Salford,0.0675403225806451,5.998242197745531,0.001,0.016686274509803922,Low-Low,Low-Low
E01033994,Salford 036B,Salford,0.0266429840142095,6.328402845319132,0.001,0.016686274509803922,Low-Low,Low-Low
E01033995,Salford 037A,Salford,0.0140056022408963,6.714606749086059,0.001,0.016686274509803922,Low-Low,Low-Low
E01033996,Salford 037B,Salford,0.0657718120805369,5.0004000101732125,0.001,0.016686274509803922,Low-Low,Low-Low
E01033997,Salford 037C,Salford,0.1048,5.4753630499850185,0.001,0.016686274509803922,Low-Low,Low-Low
E01033998,Salford 037D,Salford,0.0561403508771929,5.683427689546685,0.001,0.016686274509803922,Low-Low,Low-Low
E01033999,Salford 037E,Salford,0.0652173913043478,5.922616006201667,0.002,0.029599999999999998,Low-Low,Low-Low
E01034000,Trafford 001G,Trafford,0.109051254089422,4.358098413734569,0.001,0.016686274509803922,Low-Low,Low-Low
E01034001,Trafford 001H,Trafford,0.3459715639810427,0.3161997884315186,0.175,0.36397569866342644,Low-Low,Not significant
E01034107,Manchester 002F,Manchester,0.3596214511041009,0.08864802469266263,0.353,0.44769448584202676,Low-Low,Not significant
E01034108,Manchester 002G,Manchester,0.4128686327077748,0.08739093281927991,0.287,0.42365481352992196,Low-Low,Not significant
E01034109,Manchester 008G,Manchester,0.6459627329192547,0.10163842307314931,0.419,0.4738458471760797,High-High,Not significant
E01034110,Manchester 008H,Manchester,0.4094202898550724,0.23573951008633934,0.152,0.3399526938239159,Low-Low,Not significant
E01034111,Manchester 017G,Manchester,0.2191780821917808,1.1887642439533859,0.062,0.2387420814479638,Low-Low,Not significant
E01034112,Manchester 017H,Manchester,0.265774378585086,0.28122901687905427,0.259,0.4132297674418605,Low-Low,Not significant
E01034113,Manchester 017I,Manchester,0.2865671641791045,1.414652725264705,0.003,0.04020472440944882,Low-Low,Low-Low
E01034114,Manchester 017J,Manchester,0.4235807860262008,0.1205827158098419,0.218,0.39138818565400846,Low-Low,Not significant
E01034115,Manchester 018F,Manchester,0.1139240506329113,4.082275886567566,0.001,0.016686274509803922,Low-Low,Low-Low
E01034116,Manchester 018G,Manchester,0.0144927536231884,5.7732571188685675,0.001,0.016686274509803922,Low-Low,Low-Low
E01034117,Manchester 019E,Manchester,0.0986964618249534,1.9309866935046212,0.023,0.14828030303030304,Low-Low,Not significant
E01034118,Manchester 019F,Manchester,0.2452830188679245,2.016207976273935,0.003,0.04020472440944882,Low-Low,Low-Low
E01034119,Manchester 022H,Manchester,0.3944444444444444,0.633790882043558,0.002,0.029599999999999998,Low-Low,Low-Low
E01034120,Manchester 023F,Manchester,0.3454545454545454,0.008827176148645676,0.464,0.48839084724799015,Low-Low,Not significant
E01034121,Manchester 023G,Manchester,0.20703125,0.3527966020817026,0.297,0.42693749999999997,Low-Low,Not significant
E01034122,Manchester 024E,Manchester,0.4103896103896104,0.29002388445161775,0.072,0.2498968253968254,Low-Low,Not significant
E01034123,Manchester 024F,Manchester,0.2960662525879917,0.9888878323440419,0.014,0.11134579439252336,Low-Low,Not significant
E01034124,Manchester 025F,Manchester,0.3952095808383233,0.331540506681717,0.081,0.2601169811320755,Low-Low,Not significant
E01034125,Manchester 025G,Manchester,0.5,-0.0024164396986752898,0.425,0.4749507550886409,High-Low,Not significant
E01034126,Manchester 025H,Manchester,0.3664772727272727,-0.016999363625479883,0.492,0.4954934911242604,Low-High,Not significant
E01034127,Manchester 025I,Manchester,0.6857142857142857,-0.3338084561717549,0.245,0.408013698630137,High-Low,Not significant
E01034128,Manchester 032F,Manchester,0.6233108108108109,0.4732015365051328,0.022,0.14569649805447468,High-High,Not significant
E01034129,Manchester 055F,Manchester,0.252836304700162,2.729141215982851,0.001,0.016686274509803922,Low-Low,Low-Low
E01034130,Manchester 055G,Manchester,0.1308900523560209,3.567120611817516,0.001,0.016686274509803922,Low-Low,Low-Low
E01034131,Manchester 060E,Manchester,0.0503388189738625,5.642471530826234,0.001,0.016686274509803922,Low-Low,Low-Low
E01034132,Manchester 060F,Manchester,0.0120904836193447,5.776105865433129,0.001,0.016686274509803922,Low-Low,Low-Low
E01034133,Manchester 061C,Manchester,0.06765899864682,4.838404802995404,0.001,0.016686274509803922,Low-Low,Low-Low
E01034134,Manchester 061D,Manchester,0.2049469964664311,3.9262950831726138,0.001,0.016686274509803922,Low-Low,Low-Low
E01034135,Manchester 062A,Manchester,0.046195652173913,5.340466586718123,0.001,0.016686274509803922,Low-Low,Low-Low
E01034136,Manchester 062C,Manchester,0.0753768844221105,4.954149784414262,0.001,0.016686274509803922,Low-Low,Low-Low
E01034137,Manchester 063C,Manchester,0.8260869565217391,1.0693604315363727,0.078,0.25579190751445086,High-High,Not significant
E01034138,Manchester 064B,Manchester,0.6596491228070176,1.3768385597459623,0.001,0.016686274509803922,High-High,High-High
E01034232,Oldham 036A,Oldham,0.2938144329896907,0.349675923569876,0.239,0.40395034756703074,Low-Low,Not significant
E01034233,Oldham 036B,Oldham,0.4545454545454545,0.1377864512019054,0.044,0.20405449591280653,Low-Low,Not significant
E01034234,Rochdale 008H,Rochdale,0.4825870646766169,0.006711980655690201,0.37,0.4569956458635704,Low-Low,Not significant
E01034235,Rochdale 008I,Rochdale,0.4873949579831932,0.004830871880560702,0.295,0.42693749999999997,Low-Low,Not significant
