lsoa21,lsoa21_name,lad24_name,observed_below_c_pp,predicted_dummy_pp,predicted_random_forest_pp,predicted_xgboost_pp
E01004766,Bolton 005A,Bolton,59.70873786407766,48.98978476692554,57.99293541076137,56.743167877197266
E01004767,Bolton 005B,Bolton,48.52216748768473,48.98978476692554,38.669406836634685,38.648956298828125
E01004768,Bolton 001A,Bolton,62.637362637362635,48.98978476692554,57.99878175649245,57.14774703979492
E01004769,Bolton 003A,Bolton,62.31884057971014,48.98978476692554,61.528028622040594,60.609230041503906
E01004770,Bolton 003B,Bolton,71.15384615384616,48.98978476692554,68.83907899688083,69.28787994384766
E01004771,Bolton 003C,Bolton,72.68722466960352,48.98978476692554,70.80823172910665,68.55533599853516
E01004772,Bolton 005C,Bolton,28.57142857142857,48.98978476692554,29.50946624885062,30.2647647857666
E01004773,Bolton 003D,Bolton,48.56396866840731,48.98978476692554,50.485307131774015,49.98920822143555
E01004774,Bolton 005D,Bolton,49.80694980694981,48.98978476692554,48.2138448441217,49.548954010009766
E01004775,Bolton 014A,Bolton,19.967532467532457,48.98978476692554,28.966174514266125,31.801246643066406
E01004776,Bolton 031A,Bolton,40.10840108401084,48.98978476692554,46.0386844524444,46.67276382446289
E01004777,Bolton 004A,Bolton,36.61616161616162,48.98978476692554,34.7471900822811,38.21786880493164
E01004778,Bolton 009A,Bolton,54.85714285714286,48.98978476692554,59.32368658571975,62.03388977050781
E01004779,Bolton 007A,Bolton,42.99065420560747,48.98978476692554,43.05298125335539,44.95448303222656
E01004780,Bolton 009B,Bolton,40.53333333333333,48.98978476692554,38.78624933127997,40.74751281738281
E01004781,Bolton 007B,Bolton,24.16,48.98978476692554,31.323789737902988,35.38085174560547
E01004782,Bolton 009C,Bolton,39.189189189189186,48.98978476692554,56.27889447389965,54.94508361816406
E01004783,Bolton 009D,Bolton,57.268722466960355,48.98978476692554,67.80113822393282,63.681156158447266
E01004784,Bolton 006A,Bolton,68.93939393939394,48.98978476692554,70.08686547335262,70.24105072021484
E01004785,Bolton 006B,Bolton,54.54545454545454,48.98978476692554,45.690237173664514,49.685916900634766
E01004786,Bolton 006C,Bolton,47.45762711864407,48.98978476692554,53.194876247328985,52.3712043762207
E01004787,Bolton 013A,Bolton,30.545454545454547,48.98978476692554,34.15477893126684,34.28406524658203
E01004788,Bolton 002A,Bolton,67.70186335403726,48.98978476692554,56.730750415531475,57.109039306640625
E01004789,Bolton 006D,Bolton,71.84466019417476,48.98978476692554,71.28326668488619,66.73357391357422
E01004790,Bolton 002B,Bolton,65.06550218340611,48.98978476692554,61.13290971957427,63.08115005493164
E01004791,Bolton 006E,Bolton,59.74025974025974,48.98978476692554,60.77128731063665,59.48548889160156
E01004792,Bolton 006F,Bolton,84.07960199004975,48.98978476692554,71.85367093456703,71.49295806884766
E01004793,Bolton 013B,Bolton,34.883720930232556,48.98978476692554,32.02438341652041,31.1817684173584
E01004794,Bolton 013C,Bolton,42.51207729468599,48.98978476692554,47.09084261793152,43.58249282836914
E01004795,Bolton 013D,Bolton,44.91525423728814,48.98978476692554,40.826370732169025,39.792884826660156
E01004796,Bolton 019A,Bolton,53.11355311355312,48.98978476692554,53.804423826519425,51.95065689086914
E01004797,Bolton 013E,Bolton,50.0,48.98978476692554,48.39171216956041,48.343299865722656
E01004798,Bolton 019B,Bolton,58.15899581589959,48.98978476692554,46.186689608151326,46.19252014160156
E01004799,Bolton 019C,Bolton,64.35643564356435,48.98978476692554,58.29693149237851,60.001136779785156
E01004800,Bolton 019D,Bolton,54.861111111111114,48.98978476692554,66.51003359789105,65.8596420288086
E01004801,Bolton 019E,Bolton,33.81642512077294,48.98978476692554,30.551374807375275,32.89973831176758
E01004802,Bolton 010A,Bolton,40.400000000000006,48.98978476692554,38.96256179902304,37.87738800048828
E01004803,Bolton 001B,Bolton,58.55513307984791,48.98978476692554,54.43718774833579,55.13325119018555
E01004804,Bolton 001C,Bolton,64.5320197044335,48.98978476692554,59.566346204630584,57.274295806884766
E01004805,Bolton 002C,Bolton,45.3125,48.98978476692554,49.604324027939406,49.20797348022461
E01004806,Bolton 002D,Bolton,58.00711743772242,48.98978476692554,66.70178586985377,64.1592025756836
E01004807,Bolton 001D,Bolton,37.74509803921568,48.98978476692554,43.718288686027684,42.352783203125
E01004808,Bolton 001E,Bolton,53.09734513274337,48.98978476692554,54.532848963186325,56.09284591674805
E01004809,Bolton 003E,Bolton,51.45118733509235,48.98978476692554,56.05500834528757,55.065853118896484
E01004810,Bolton 002E,Bolton,63.63636363636363,48.98978476692554,46.597756826724165,49.208065032958984
E01004811,Bolton 022A,Bolton,51.52354570637119,48.98978476692554,37.71608944835157,36.620548248291016
E01004812,Bolton 022B,Bolton,36.11793611793611,48.98978476692554,34.1542438656705,35.9255485534668
E01004813,Bolton 022C,Bolton,60.352422907488986,48.98978476692554,50.93344803584079,52.12721633911133
E01004814,Bolton 027A,Bolton,56.98529411764706,48.98978476692554,46.0995695643724,47.757568359375
E01004815,Bolton 022D,Bolton,60.679611650485434,48.98978476692554,61.0483440091582,59.53082275390625
E01004816,Bolton 029A,Bolton,70.05649717514125,48.98978476692554,65.83402594383215,62.63542938232422
E01004817,Bolton 022E,Bolton,38.40304182509506,48.98978476692554,33.941004726092416,32.68943786621094
E01004818,Bolton 017A,Bolton,45.14672686230248,48.98978476692554,55.90992125915307,55.41383361816406
E01004819,Bolton 017B,Bolton,50.349650349650354,48.98978476692554,57.798380819985574,53.59160614013672
E01004820,Bolton 011A,Bolton,51.06382978723404,48.98978476692554,46.55798370139302,42.99626541137695
E01004822,Bolton 016B,Bolton,40.45801526717557,48.98978476692554,31.15194504162414,33.02753829956055
E01004823,Bolton 016C,Bolton,17.50405186385737,48.98978476692554,21.196693176927322,17.81614875793457
E01004824,Bolton 005E,Bolton,69.8224852071006,48.98978476692554,66.23631104519866,65.03983306884766
E01004825,Bolton 011B,Bolton,50.46296296296296,48.98978476692554,45.674447766173486,43.73651123046875
E01004826,Bolton 011C,Bolton,52.20338983050847,48.98978476692554,51.874008055253974,52.00240707397461
E01004827,Bolton 021A,Bolton,50.602409638554214,48.98978476692554,46.93509869179364,45.61264419555664
E01004828,Bolton 023A,Bolton,52.40174672489083,48.98978476692554,55.269916663197996,56.53505325317383
E01004829,Bolton 023B,Bolton,69.66292134831461,48.98978476692554,58.08631594654037,57.9889030456543
E01004830,Bolton 026A,Bolton,48.05970149253731,48.98978476692554,49.032187211509296,50.204322814941406
E01004831,Bolton 026B,Bolton,69.06474820143885,48.98978476692554,65.69216884853897,63.307559967041016
E01004832,Bolton 023C,Bolton,55.55555555555556,48.98978476692554,56.284752753638955,54.15004348754883
E01004833,Bolton 026C,Bolton,59.375,48.98978476692554,58.929397668478366,58.178466796875
E01004834,Bolton 018A,Bolton,61.30268199233716,48.98978476692554,66.04609308171418,65.04813385009766
E01004835,Bolton 020A,Bolton,52.972972972972975,48.98978476692554,58.85451459475166,58.991458892822266
E01004836,Bolton 020B,Bolton,70.14218009478674,48.98978476692554,60.28685420943725,60.51776123046875
E01004837,Bolton 020C,Bolton,56.62650602409639,48.98978476692554,57.800048740339626,54.92990493774414
E01004838,Bolton 018B,Bolton,59.68992248062015,48.98978476692554,47.83426954376654,49.8916130065918
E01004839,Bolton 026D,Bolton,22.9802513464991,48.98978476692554,19.574908871048407,19.904006958007812
E01004840,Bolton 012A,Bolton,46.15384615384615,48.98978476692554,44.88278502440421,45.70225143432617
E01004841,Bolton 012B,Bolton,36.59793814432989,48.98978476692554,39.28359013553389,40.29698181152344
E01004842,Bolton 012C,Bolton,57.14285714285714,48.98978476692554,52.78562921082564,53.49332809448242
E01004843,Bolton 018C,Bolton,53.2520325203252,48.98978476692554,54.552881433761605,57.65774917602539
E01004844,Bolton 020D,Bolton,54.41176470588235,48.98978476692554,59.50098051747495,56.752197265625
E01004845,Bolton 018D,Bolton,41.91616766467065,48.98978476692554,46.52784270071265,45.02789306640625
E01004846,Bolton 025A,Bolton,54.506437768240346,48.98978476692554,54.927932179167534,56.41828918457031
E01004847,Bolton 025B,Bolton,46.95652173913043,48.98978476692554,44.799905015809756,44.949012756347656
E01004848,Bolton 016D,Bolton,31.377551020408163,48.98978476692554,24.190014556435763,24.013708114624023
E01004849,Bolton 021B,Bolton,69.72972972972973,48.98978476692554,57.362011732175795,59.05333709716797
E01004850,Bolton 021C,Bolton,62.546816479400746,48.98978476692554,42.53028217360648,44.407470703125
E01004851,Bolton 021D,Bolton,39.91935483870967,48.98978476692554,33.193037173187,35.4865608215332
E01004852,Bolton 025C,Bolton,58.730158730158735,48.98978476692554,63.91841781178264,62.61347198486328
E01004853,Bolton 021E,Bolton,53.84615384615385,48.98978476692554,47.34609413771359,45.397274017333984
E01004854,Bolton 023D,Bolton,68.66666666666667,48.98978476692554,71.14423237066602,69.4098129272461
E01004855,Bolton 027B,Bolton,59.36254980079681,48.98978476692554,59.464872901432514,58.22099685668945
E01004856,Bolton 027C,Bolton,32.9512893982808,48.98978476692554,41.08977376012631,40.62250518798828
E01004857,Bolton 027D,Bolton,46.468401486988846,48.98978476692554,44.15146912241221,45.103668212890625
E01004858,Bolton 032A,Bolton,42.30769230769231,48.98978476692554,36.929510891891844,35.034461975097656
E01004859,Bolton 032B,Bolton,37.40053050397878,48.98978476692554,30.250362572830145,28.91719627380371
E01004860,Bolton 032C,Bolton,45.38461538461538,48.98978476692554,56.85428778753044,55.367469787597656
E01004861,Bolton 033A,Bolton,28.619528619528612,48.98978476692554,40.02099639194229,38.670169830322266
E01004862,Bolton 033B,Bolton,34.53237410071942,48.98978476692554,30.49391489974371,29.638137817382812
E01004863,Bolton 033C,Bolton,43.209876543209866,48.98978476692554,46.09546789907906,44.682159423828125
E01004864,Bolton 008A,Bolton,58.75,48.98978476692554,62.57878713714061,65.33792114257812
E01004865,Bolton 011D,Bolton,46.22093023255814,48.98978476692554,52.95223469039039,53.94878005981445
E01004866,Bolton 011E,Bolton,25.428571428571427,48.98978476692554,32.23645473678562,29.797119140625
E01004867,Bolton 008B,Bolton,61.354581673306775,48.98978476692554,70.16006819480597,67.13185119628906
E01004868,Bolton 015A,Bolton,58.22784810126582,48.98978476692554,60.43282171897803,59.06526184082031
E01004869,Bolton 015B,Bolton,51.5274949083503,48.98978476692554,61.09994526225597,61.74245071411133
E01004870,Bolton 015C,Bolton,70.37037037037037,48.98978476692554,58.186844478790384,57.75270080566406
E01004871,Bolton 015D,Bolton,62.5,48.98978476692554,62.69525042895607,63.86453628540039
E01004872,Bolton 029B,Bolton,57.55102040816327,48.98978476692554,59.424158760573945,61.12797927856445
E01004873,Bolton 029C,Bolton,47.802197802197796,48.98978476692554,50.918642594174415,54.002262115478516
E01004874,Bolton 033D,Bolton,44.34389140271493,48.98978476692554,48.31857527656436,45.284271240234375
E01004875,Bolton 029D,Bolton,53.13807531380753,48.98978476692554,63.98146045754024,63.98511505126953
E01004876,Bolton 033E,Bolton,35.036496350364956,48.98978476692554,34.067747966900285,34.34064483642578
E01004877,Bolton 025D,Bolton,34.73282442748092,48.98978476692554,33.050055575268104,31.72983169555664
E01004878,Bolton 023E,Bolton,54.3010752688172,48.98978476692554,54.70320147864661,57.10740280151367
E01004879,Bolton 025E,Bolton,34.59715639810427,48.98978476692554,34.17107826357252,34.17143249511719
E01004880,Bolton 029E,Bolton,73.40425531914893,48.98978476692554,69.51831317749118,70.12641906738281
E01004881,Bolton 004B,Bolton,40.92219020172911,48.98978476692554,44.467424843300925,46.93968200683594
E01004882,Bolton 007C,Bolton,53.7117903930131,48.98978476692554,52.24319139272226,52.260677337646484
E01004883,Bolton 007D,Bolton,38.10888252148997,48.98978476692554,52.83291112585919,52.24164962768555
E01004884,Bolton 007E,Bolton,62.75303643724697,48.98978476692554,53.39904481906154,55.6019172668457
E01004885,Bolton 014B,Bolton,56.666666666666664,48.98978476692554,55.199417496948854,55.33003616333008
E01004886,Bolton 014C,Bolton,52.97805642633229,48.98978476692554,39.59408597422232,40.69733810424805
E01004887,Bolton 014D,Bolton,41.08108108108108,48.98978476692554,42.61416915867515,41.8171272277832
E01004888,Bolton 004C,Bolton,39.516129032258064,48.98978476692554,42.59100482881404,42.15606689453125
E01004889,Bolton 004D,Bolton,48.75,48.98978476692554,48.02285113800045,46.7278938293457
E01004890,Bolton 004E,Bolton,65.625,48.98978476692554,63.92173564112682,61.08937454223633
E01004891,Bolton 028A,Bolton,43.51851851851852,48.98978476692554,35.94232124015865,35.12934112548828
E01004892,Bolton 030A,Bolton,65.11627906976744,48.98978476692554,63.398516872387894,61.82586669921875
E01004893,Bolton 028B,Bolton,47.682119205298015,48.98978476692554,58.39572339405726,59.57476043701172
E01004894,Bolton 028C,Bolton,30.0,48.98978476692554,35.09102161587553,35.39912033081055
E01004895,Bolton 031B,Bolton,45.83333333333333,48.98978476692554,43.22672214778396,47.002010345458984
E01004896,Bolton 030B,Bolton,84.02777777777779,48.98978476692554,72.1733554621411,71.05819702148438
E01004897,Bolton 020E,Bolton,61.30952380952381,48.98978476692554,62.336550757751226,62.611690521240234
E01004899,Bolton 030C,Bolton,37.16475095785441,48.98978476692554,28.99636841000009,29.636423110961914
E01004900,Bolton 030D,Bolton,49.35064935064935,48.98978476692554,26.608151156465397,28.536300659179688
E01004901,Bolton 028E,Bolton,46.82926829268293,48.98978476692554,49.184851905164926,45.270992279052734
E01004902,Bolton 032D,Bolton,39.22077922077922,48.98978476692554,40.976394893192165,40.113014221191406
E01004903,Bolton 034A,Bolton,54.43037974683544,48.98978476692554,35.73265142409214,38.89093017578125
E01004904,Bolton 034B,Bolton,48.26086956521739,48.98978476692554,33.53205403899853,31.428007125854492
E01004905,Bolton 034C,Bolton,56.8,48.98978476692554,54.619375137355554,57.365421295166016
E01004906,Bolton 032E,Bolton,30.90452261306532,48.98978476692554,37.084915118285416,35.86420440673828
E01004907,Bolton 034D,Bolton,51.23456790123457,48.98978476692554,49.56044467301765,49.72294998168945
E01004908,Bolton 034E,Bolton,78.52760736196319,48.98978476692554,63.239087057211364,67.38243865966797
E01004909,Bolton 034F,Bolton,40.1673640167364,48.98978476692554,41.14274115856833,35.89973068237305
E01004910,Bolton 034G,Bolton,35.35353535353535,48.98978476692554,32.50582351099702,30.4738712310791
E01004911,Bolton 024A,Bolton,35.26170798898072,48.98978476692554,38.180490349917,36.7841796875
E01004912,Bolton 024B,Bolton,60.60606060606061,48.98978476692554,60.507091507667695,60.9255485534668
E01004913,Bolton 024C,Bolton,42.23107569721115,48.98978476692554,46.84758387802311,46.96653366088867
E01004914,Bolton 024D,Bolton,58.108108108108105,48.98978476692554,64.4355129245259,64.1166763305664
E01004915,Bolton 024E,Bolton,74.30555555555556,48.98978476692554,71.00301696171469,69.61647033691406
E01004916,Bolton 024F,Bolton,51.39442231075697,48.98978476692554,38.442376655901,41.37858200073242
E01004917,Bolton 019F,Bolton,36.74121405750798,48.98978476692554,39.12685961290917,42.840450286865234
E01004918,Bolton 024G,Bolton,63.1578947368421,48.98978476692554,67.89032012697156,67.45874786376953
E01004919,Bolton 012D,Bolton,78.78787878787878,48.98978476692554,70.4405277390693,70.37732696533203
E01004920,Bolton 012E,Bolton,66.21621621621621,48.98978476692554,63.70616224538813,61.406368255615234
E01004921,Bolton 008C,Bolton,68.53146853146853,48.98978476692554,67.23006097806739,65.44602966308594
E01004922,Bolton 015E,Bolton,45.370370370370374,48.98978476692554,50.30368719963419,52.07224655151367
E01004923,Bolton 018E,Bolton,61.258278145695364,48.98978476692554,62.449157710469834,58.11697006225586
E01004924,Bolton 008D,Bolton,60.526315789473685,48.98978476692554,58.67238842345757,57.91374206542969
E01004925,Bolton 008E,Bolton,68.19923371647509,48.98978476692554,66.41264242996616,66.54335021972656
E01004926,Bolton 010B,Bolton,47.4025974025974,48.98978476692554,45.343947568584234,48.40449523925781
E01004927,Bolton 010C,Bolton,24.68468468468468,48.98978476692554,29.281024372997077,27.285173416137695
E01004928,Bolton 017C,Bolton,54.76839237057221,48.98978476692554,66.83127507923759,66.84519958496094
E01004929,Bolton 010D,Bolton,22.22222222222222,48.98978476692554,42.95239474149757,41.33644485473633
E01004930,Bolton 017D,Bolton,74.56647398843931,48.98978476692554,66.98738199353518,68.5561294555664
E01004931,Bolton 017E,Bolton,35.74007220216607,48.98978476692554,37.950045361695864,39.461002349853516
E01004932,Bolton 017F,Bolton,50.45045045045045,48.98978476692554,52.38521623505538,53.53547286987305
E01004933,Bolton 035A,Bolton,47.77777777777778,48.98978476692554,58.816898552955294,56.754817962646484
E01004934,Bolton 035B,Bolton,28.04232804232804,48.98978476692554,20.929336497532326,25.485652923583984
E01004935,Bolton 035C,Bolton,47.38805970149253,48.98978476692554,39.929482531325306,43.131134033203125
E01004936,Bolton 031C,Bolton,28.75354107648725,48.98978476692554,31.5123465929781,34.991390228271484
E01004937,Bolton 035D,Bolton,43.54066985645933,48.98978476692554,45.738397557067465,46.742698669433594
E01004938,Bolton 031D,Bolton,44.85981308411215,48.98978476692554,28.27771329683727,34.44534683227539
E01004939,Bolton 031E,Bolton,34.08239700374532,48.98978476692554,40.226955987833826,42.08617401123047
E01004940,Bolton 035E,Bolton,61.66666666666667,48.98978476692554,63.41494714408777,61.033390045166016
E01033217,Bolton 016E,Bolton,18.15680880330124,48.98978476692554,12.095350185151704,13.13736629486084
E01033218,Bolton 028F,Bolton,18.532818532818528,48.98978476692554,23.00360576396394,27.060972213745117
E01033219,Bolton 028G,Bolton,39.682539682539684,48.98978476692554,48.86607436546367,48.78224182128906
E01033220,Bolton 016F,Bolton,28.97862232779097,48.98978476692554,26.77604213944186,20.80894660949707
E01004941,Bury 021A,Bury,37.97909407665505,48.5865994880948,36.48630575224734,34.24221420288086
E01004942,Bury 021B,Bury,48.68804664723032,48.5865994880948,35.277520406680225,35.429931640625
E01004943,Bury 021C,Bury,57.22543352601156,48.5865994880948,48.4482119821649,45.13679885864258
E01004944,Bury 021D,Bury,57.01357466063348,48.5865994880948,42.137719954065126,42.48053741455078
E01004945,Bury 017A,Bury,65.38461538461539,48.5865994880948,62.509193525780844,61.93338394165039
E01004946,Bury 021E,Bury,19.927536231884048,48.5865994880948,27.13341802855917,26.65543556213379
E01004947,Bury 009A,Bury,62.37942122186495,48.5865994880948,59.51348057121722,60.141090393066406
E01004948,Bury 009B,Bury,55.75,48.5865994880948,46.355273043212655,48.64311599731445
E01004949,Bury 010A,Bury,70.0,48.5865994880948,61.07497902368199,59.68346405029297
E01004950,Bury 010B,Bury,48.823529411764696,48.5865994880948,64.10824549030576,62.60288619995117
E01004951,Bury 010C,Bury,75.87939698492463,48.5865994880948,68.22043246272092,66.77802276611328
E01004952,Bury 010D,Bury,80.89171974522293,48.5865994880948,70.4556485857408,71.52800750732422
E01004953,Bury 010E,Bury,51.33689839572193,48.5865994880948,57.165908797832365,56.27302551269531
E01004954,Bury 007A,Bury,56.016597510373444,48.5865994880948,52.10134809126179,50.75224304199219
E01004955,Bury 007B,Bury,50.68493150684932,48.5865994880948,55.039708204660506,55.6551628112793
E01004956,Bury 007C,Bury,51.15606936416185,48.5865994880948,45.41245608930913,47.21846389770508
E01004957,Bury 007D,Bury,56.32754342431762,48.5865994880948,33.261419294830745,34.33200454711914
E01004958,Bury 008A,Bury,53.31230283911672,48.5865994880948,53.32684675860275,54.107749938964844
E01004959,Bury 008B,Bury,61.7363344051447,48.5865994880948,50.8453676835484,52.23380661010742
E01004960,Bury 007E,Bury,42.685370741482956,48.5865994880948,37.879216478585995,38.45979309082031
E01004961,Bury 005A,Bury,77.44360902255639,48.5865994880948,48.3473573673108,48.461669921875
E01004962,Bury 009C,Bury,52.14723926380368,48.5865994880948,56.81501531445662,56.91669845581055
E01004963,Bury 006A,Bury,45.18272425249169,48.5865994880948,49.00390411703788,48.24322509765625
E01004964,Bury 009D,Bury,56.417112299465245,48.5865994880948,50.478790170553296,50.03337097167969
E01004965,Bury 005B,Bury,56.32911392405063,48.5865994880948,64.50432558416861,64.88432312011719
E01004966,Bury 005C,Bury,54.46428571428571,48.5865994880948,38.020038373414785,37.32316589355469
E01004967,Bury 005D,Bury,60.86956521739131,48.5865994880948,67.03312811631189,67.82426452636719
E01004968,Bury 006B,Bury,71.69811320754717,48.5865994880948,62.84469886865156,62.33045196533203
E01004969,Bury 022A,Bury,69.03914590747331,48.5865994880948,60.306563648553976,60.20576095581055
E01004970,Bury 022B,Bury,65.95744680851064,48.5865994880948,65.07368300952885,67.17158508300781
E01004971,Bury 022C,Bury,70.73170731707317,48.5865994880948,71.46228443076288,71.50162506103516
E01004972,Bury 023A,Bury,51.71232876712328,48.5865994880948,50.48309815426718,52.2592887878418
E01004973,Bury 023B,Bury,63.96761133603239,48.5865994880948,66.8042664611145,64.97300720214844
E01004974,Bury 024A,Bury,75.38461538461539,48.5865994880948,68.19765057159401,67.32234191894531
E01004975,Bury 023C,Bury,50.282485875706215,48.5865994880948,50.08761911519926,52.81630325317383
E01004976,Bury 004A,Bury,64.08450704225352,48.5865994880948,41.689401383142446,42.12999725341797
E01004977,Bury 004B,Bury,42.46153846153846,48.5865994880948,47.03797791371029,46.24559020996094
E01004978,Bury 004C,Bury,71.95121951219512,48.5865994880948,61.70758867147608,63.980735778808594
E01004979,Bury 008C,Bury,54.037267080745345,48.5865994880948,55.382984711114986,53.92057800292969
E01004980,Bury 008D,Bury,65.28301886792453,48.5865994880948,56.234780365877945,55.09511184692383
E01004981,Bury 004D,Bury,66.24472573839662,48.5865994880948,63.79209743957676,65.37291717529297
E01004982,Bury 004E,Bury,46.93877551020408,48.5865994880948,37.27462278902538,42.632659912109375
E01004983,Bury 020A,Bury,58.05084745762712,48.5865994880948,55.108706417489145,52.17580795288086
E01004984,Bury 019A,Bury,60.71428571428571,48.5865994880948,68.92757292018598,65.61878204345703
E01004985,Bury 019B,Bury,60.84656084656085,48.5865994880948,62.39961785686234,62.93226623535156
E01004986,Bury 020B,Bury,47.67726161369193,48.5865994880948,57.510436443122,55.71017837524414
E01004987,Bury 020C,Bury,35.754189944134076,48.5865994880948,35.72775968158274,34.82267761230469
E01004988,Bury 020D,Bury,58.56573705179283,48.5865994880948,60.324917205768905,60.05912780761719
E01004989,Bury 019C,Bury,65.48223350253807,48.5865994880948,52.64105642062842,51.983680725097656
E01004990,Bury 016A,Bury,58.536585365853654,48.5865994880948,51.19633407281148,51.252227783203125
E01004991,Bury 015A,Bury,29.64824120603015,48.5865994880948,27.214865973023997,27.29729652404785
E01004992,Bury 015B,Bury,63.059701492537314,48.5865994880948,60.89690617930466,60.32594680786133
E01004993,Bury 015C,Bury,41.734417344173444,48.5865994880948,43.719608214457686,46.417694091796875
E01004994,Bury 015D,Bury,38.67595818815331,48.5865994880948,48.862037868039295,48.53968811035156
E01004995,Bury 018A,Bury,57.05521472392638,48.5865994880948,71.73508276970071,70.01982116699219
E01004996,Bury 016B,Bury,44.07713498622589,48.5865994880948,40.36942962573835,42.09767150878906
E01004997,Bury 014A,Bury,56.94444444444444,48.5865994880948,56.08723830813787,55.01685333251953
E01004998,Bury 014B,Bury,47.63636363636364,48.5865994880948,69.32173365620737,68.82164764404297
E01004999,Bury 014C,Bury,51.204819277108435,48.5865994880948,55.31949926634977,55.369686126708984
E01005000,Bury 012A,Bury,60.40268456375839,48.5865994880948,54.37118984649367,54.40559768676758
E01005001,Bury 012B,Bury,39.49579831932773,48.5865994880948,30.394290923833797,33.06560516357422
E01005002,Bury 014D,Bury,56.54450261780105,48.5865994880948,63.96495745567698,65.38570404052734
E01005003,Bury 014E,Bury,56.37982195845698,48.5865994880948,55.557481592881985,55.48451232910156
E01005004,Bury 016C,Bury,33.47107438016529,48.5865994880948,33.98675810853999,31.495872497558594
E01005005,Bury 012C,Bury,67.3469387755102,48.5865994880948,66.33781455563064,64.08677673339844
E01005006,Bury 012D,Bury,35.85858585858585,48.5865994880948,58.41944767219655,59.6903076171875
E01005007,Bury 019D,Bury,71.59533073929961,48.5865994880948,65.40368137458185,64.02365112304688
E01005008,Bury 016D,Bury,40.08528784648187,48.5865994880948,41.06132282848248,40.099578857421875
E01005009,Bury 016E,Bury,49.88558352402746,48.5865994880948,43.11583104569749,44.03654861450195
E01005010,Bury 018B,Bury,67.5392670157068,48.5865994880948,54.47592624658472,52.14887237548828
E01005011,Bury 019E,Bury,72.53886010362694,48.5865994880948,73.81745822228571,72.65367126464844
E01005012,Bury 018C,Bury,40.20618556701031,48.5865994880948,36.401893136412106,37.804561614990234
E01005013,Bury 018D,Bury,51.115618661257614,48.5865994880948,39.24064057857513,42.08946990966797
E01005014,Bury 001A,Bury,55.10204081632652,48.5865994880948,48.78298681292557,51.59846496582031
E01005015,Bury 001B,Bury,56.074766355140184,48.5865994880948,42.91994161462942,41.337406158447266
E01005016,Bury 001C,Bury,68.36363636363636,48.5865994880948,65.19257670801366,66.30238342285156
E01005017,Bury 001D,Bury,49.62686567164179,48.5865994880948,46.76800638829306,48.91962814331055
E01005018,Bury 001E,Bury,50.943396226415096,48.5865994880948,47.166821873866496,50.680904388427734
E01005019,Bury 002A,Bury,67.27272727272727,48.5865994880948,58.532395913595074,58.300453186035156
E01005020,Bury 003A,Bury,54.54545454545454,48.5865994880948,63.51547357027208,59.249691009521484
E01005021,Bury 001F,Bury,72.80701754385966,48.5865994880948,67.84634630623562,68.93474578857422
E01005022,Bury 003B,Bury,62.18487394957983,48.5865994880948,66.55860362370028,64.9199447631836
E01005023,Bury 002B,Bury,55.26315789473685,48.5865994880948,63.09366050071813,62.72092056274414
E01005024,Bury 008E,Bury,32.90322580645161,48.5865994880948,28.062788753915555,29.21786117553711
E01005025,Bury 011A,Bury,51.971326164874554,48.5865994880948,55.52141300073443,55.28799819946289
E01005026,Bury 008F,Bury,42.61603375527426,48.5865994880948,45.06623354551493,44.180450439453125
E01005027,Bury 011B,Bury,48.07692307692308,48.5865994880948,43.00144293748477,45.449462890625
E01005028,Bury 011C,Bury,29.71576227390181,48.5865994880948,35.74699246209929,32.98849105834961
E01005029,Bury 011D,Bury,64.8854961832061,48.5865994880948,63.64142830487789,62.9312744140625
E01005030,Bury 013A,Bury,29.04761904761905,48.5865994880948,34.625598105459666,34.88752746582031
E01005031,Bury 025A,Bury,41.87725631768953,48.5865994880948,44.05772957450729,44.16018295288086
E01005032,Bury 025B,Bury,27.66497461928934,48.5865994880948,31.12167522172104,28.648038864135742
E01005033,Bury 024B,Bury,50.0,48.5865994880948,46.48284170835213,46.99109649658203
E01005034,Bury 022D,Bury,52.30263157894737,48.5865994880948,66.76831022248501,67.20173645019531
E01005035,Bury 025C,Bury,63.52459016393443,48.5865994880948,65.4636457872876,68.21690368652344
E01005036,Bury 024C,Bury,34.13078149920255,48.5865994880948,33.44788363412247,33.584896087646484
E01005037,Bury 024D,Bury,68.26086956521739,48.5865994880948,66.96759974969764,66.21925354003906
E01005038,Bury 025D,Bury,56.73758865248227,48.5865994880948,56.0441771518115,55.82038879394531
E01005039,Bury 023D,Bury,54.93827160493827,48.5865994880948,47.848031587593724,47.07445526123047
E01005040,Bury 026A,Bury,57.73195876288659,48.5865994880948,63.55221144859829,64.19340515136719
E01005041,Bury 026B,Bury,70.9090909090909,48.5865994880948,72.37606256593868,71.50921630859375
E01005042,Bury 026C,Bury,66.9260700389105,48.5865994880948,69.08134837786781,66.69951629638672
E01005043,Bury 026D,Bury,74.01129943502825,48.5865994880948,70.02016496603085,69.92962646484375
E01005044,Bury 026E,Bury,82.29665071770334,48.5865994880948,72.41097014129811,70.98201751708984
E01005045,Bury 023E,Bury,55.04322766570605,48.5865994880948,62.40369132737978,63.20759963989258
E01005046,Bury 002C,Bury,58.778625954198475,48.5865994880948,66.85767195391007,66.3985366821289
E01005047,Bury 003C,Bury,59.2964824120603,48.5865994880948,62.24523608436901,64.01178741455078
E01005048,Bury 002D,Bury,64.24870466321244,48.5865994880948,66.04671140944333,66.48049926757812
E01005049,Bury 003D,Bury,70.0,48.5865994880948,66.74360646564041,65.72711181640625
E01005050,Bury 006C,Bury,58.909090909090914,48.5865994880948,54.50102558289459,54.82758331298828
E01005051,Bury 003E,Bury,46.875,48.5865994880948,53.944467445109254,52.571449279785156
E01005052,Bury 006D,Bury,77.85234899328859,48.5865994880948,67.18684050216267,66.0794906616211
E01005053,Bury 006E,Bury,58.108108108108105,48.5865994880948,58.64611082005647,57.49845504760742
E01005054,Bury 013B,Bury,54.961832061068705,48.5865994880948,52.771751536978606,51.84702682495117
E01005055,Bury 017B,Bury,80.87431693989072,48.5865994880948,69.39216791112462,71.35550689697266
E01005056,Bury 017C,Bury,76.08695652173914,48.5865994880948,62.48814677217308,62.792972564697266
E01005057,Bury 017D,Bury,53.13653136531366,48.5865994880948,41.83133580427545,42.72641372680664
E01005058,Bury 017E,Bury,73.88059701492537,48.5865994880948,73.85729280798697,72.60753631591797
E01005059,Bury 013C,Bury,36.87943262411347,48.5865994880948,37.62476929370589,36.30724334716797
E01005060,Bury 013D,Bury,55.43859649122807,48.5865994880948,54.57648162941957,52.85173797607422
E01005061,Manchester 018A,Manchester,7.38461538461538,50.74455996041616,13.535496486751954,15.654481887817383
E01005063,Manchester 018C,Manchester,19.15887850467289,50.74455996041616,13.734210915692065,10.253364562988281
E01005065,Manchester 018D,Manchester,11.70212765957446,50.74455996041616,18.934248326676414,14.004403114318848
E01005066,Manchester 018E,Manchester,14.41441441441441,50.74455996041616,23.020777442158884,20.846755981445312
E01005067,Manchester 020A,Manchester,14.37768240343347,50.74455996041616,26.78728060630003,29.670978546142578
E01005068,Manchester 051A,Manchester,31.397849462365592,50.74455996041616,33.34679173657147,29.433897018432617
E01005069,Manchester 047A,Manchester,47.89473684210526,50.74455996041616,47.824722841749235,48.20899200439453
E01005070,Manchester 051B,Manchester,33.64140480591497,50.74455996041616,31.558800503542393,29.973432540893555
E01005071,Manchester 048A,Manchester,40.04914004914005,50.74455996041616,42.51793415766301,38.3497200012207
E01005072,Manchester 048B,Manchester,27.00587084148728,50.74455996041616,31.38314394076452,21.13194465637207
E01005073,Manchester 048C,Manchester,57.831325301204814,50.74455996041616,47.903922774463055,46.902854919433594
E01005074,Manchester 051C,Manchester,33.12883435582822,50.74455996041616,34.86401405211926,33.6774787902832
E01005075,Manchester 051D,Manchester,31.74603174603174,50.74455996041616,33.879097087739886,31.05168342590332
E01005076,Manchester 039A,Manchester,47.20149253731343,50.74455996041616,57.652766613193535,61.176055908203125
E01005077,Manchester 042A,Manchester,29.52380952380952,50.74455996041616,41.33044511568009,43.32929229736328
E01005078,Manchester 042B,Manchester,40.34749034749035,50.74455996041616,37.40513459592685,38.464324951171875
E01005079,Manchester 042C,Manchester,40.50632911392405,50.74455996041616,48.38595690011084,48.80911636352539
E01005081,Manchester 039C,Manchester,19.71153846153846,50.74455996041616,34.775772257299906,34.50141143798828
E01005082,Manchester 037A,Manchester,29.02097902097902,50.74455996041616,39.32111060891313,40.08230209350586
E01005083,Manchester 039D,Manchester,50.55118110236221,50.74455996041616,61.30612002099157,62.3411865234375
E01005084,Manchester 042D,Manchester,29.2604501607717,50.74455996041616,33.536486735140315,28.213115692138672
E01005085,Manchester 049A,Manchester,41.01941747572815,50.74455996041616,29.19705753635252,27.99776840209961
E01005086,Manchester 049B,Manchester,38.89980353634578,50.74455996041616,34.15994350920769,36.74274444580078
E01005087,Manchester 050A,Manchester,41.48760330578512,50.74455996041616,31.686082608199705,34.598846435546875
E01005088,Manchester 050B,Manchester,39.43661971830985,50.74455996041616,25.712632500402346,23.529787063598633
E01005089,Manchester 049C,Manchester,45.49356223175965,50.74455996041616,29.9560202674078,32.67442321777344
E01005090,Manchester 050C,Manchester,21.96620583717358,50.74455996041616,21.264595196280514,17.908876419067383
E01005091,Manchester 050D,Manchester,48.32,50.74455996041616,30.216837135979805,28.959224700927734
E01005092,Manchester 015A,Manchester,55.55555555555556,50.74455996041616,52.39971850013488,49.14301681518555
E01005093,Manchester 012A,Manchester,58.82352941176471,50.74455996041616,44.58041736371154,44.46836853027344
E01005094,Manchester 012B,Manchester,68.97435897435898,50.74455996041616,51.74210685194771,48.359615325927734
E01005097,Manchester 012C,Manchester,70.58823529411765,50.74455996041616,43.48003821748991,46.45951461791992
E01005098,Manchester 001A,Manchester,43.52517985611511,50.74455996041616,34.758220602403114,34.3310546875
E01005099,Manchester 001B,Manchester,38.730158730158735,50.74455996041616,33.04815048509078,35.448936462402344
E01005100,Manchester 001C,Manchester,46.78111587982833,50.74455996041616,45.213046521139184,41.61800765991211
E01005101,Manchester 002A,Manchester,47.385620915032675,50.74455996041616,45.99987803214864,46.811222076416016
E01005102,Manchester 001D,Manchester,62.4,50.74455996041616,63.10722209095722,63.677486419677734
E01005103,Manchester 001E,Manchester,41.52334152334152,50.74455996041616,35.47497861064311,35.69972610473633
E01005104,Manchester 004A,Manchester,24.11924119241192,50.74455996041616,29.45538761655845,24.085535049438477
E01005105,Manchester 015C,Manchester,8.7719298245614,50.74455996041616,18.92268128422896,16.41642189025879
E01005106,Manchester 015D,Manchester,42.61036468330134,50.74455996041616,44.85713774163585,44.17836380004883
E01005107,Manchester 015E,Manchester,13.68209255533199,50.74455996041616,18.72062694255646,17.104717254638672
E01005111,Manchester 047B,Manchester,39.05817174515235,50.74455996041616,40.416767403257786,34.089874267578125
E01005112,Manchester 048D,Manchester,53.58255451713395,50.74455996041616,45.33320528938186,48.3306770324707
E01005113,Manchester 047C,Manchester,35.82417582417582,50.74455996041616,32.227415028676674,34.44880294799805
E01005114,Manchester 047D,Manchester,49.39759036144578,50.74455996041616,51.50409711211414,50.41596603393555
E01005115,Manchester 044A,Manchester,38.046272493573255,50.74455996041616,39.12382751318359,40.61613845825195
E01005116,Manchester 047E,Manchester,20.801526717557252,50.74455996041616,29.696807016930883,26.590652465820312
E01005117,Manchester 048E,Manchester,36.45007923930269,50.74455996041616,28.684846113397633,30.161094665527344
E01005118,Manchester 034A,Manchester,88.57142857142857,50.74455996041616,62.84912028232663,65.99186706542969
E01005119,Manchester 041A,Manchester,44.18604651162791,50.74455996041616,41.868754734307046,44.051490783691406
E01005120,Manchester 034B,Manchester,47.21311475409836,50.74455996041616,40.83188251320053,42.70624923706055
E01005121,Manchester 041B,Manchester,40.63926940639269,50.74455996041616,45.87305021301467,48.31752395629883
E01005122,Manchester 041C,Manchester,47.083333333333336,50.74455996041616,43.377194345015916,45.08080291748047
E01005123,Manchester 041D,Manchester,32.56880733944954,50.74455996041616,44.57147392893845,44.71547317504883
E01005124,Manchester 041E,Manchester,22.89156626506024,50.74455996041616,38.53440922125908,40.40317153930664
E01005125,Manchester 040A,Manchester,45.95588235294117,50.74455996041616,49.15195460757183,47.24739074707031
E01005126,Manchester 045A,Manchester,47.67801857585139,50.74455996041616,45.81316234351078,44.0069694519043
E01005128,Manchester 055A,Manchester,12.9324546952224,50.74455996041616,9.285413210507453,8.627762794494629
E01005129,Manchester 061A,Manchester,29.1015625,50.74455996041616,19.797715378769055,18.992937088012695
E01005130,Manchester 054A,Manchester,9.00692840646651,50.74455996041616,15.41153406421864,9.865618705749512
E01005132,Manchester 061B,Manchester,17.40196078431372,50.74455996041616,33.58846892263934,34.80900573730469
E01005135,Manchester 002B,Manchester,48.23529411764706,50.74455996041616,42.34390087096042,43.09788131713867
E01005136,Manchester 002C,Manchester,67.69911504424779,50.74455996041616,56.17288575825364,54.69223403930664
E01005138,Manchester 002D,Manchester,19.91150442477876,50.74455996041616,33.41115548261704,32.29971694946289
E01005139,Manchester 003B,Manchester,49.16943521594684,50.74455996041616,38.261264309095004,39.958858489990234
E01005141,Manchester 003C,Manchester,31.12391930835735,50.74455996041616,35.704636322142896,37.52278518676758
E01005142,Manchester 058A,Manchester,22.777777777777768,50.74455996041616,27.19660457692414,27.756162643432617
E01005143,Manchester 056A,Manchester,62.46418338108882,50.74455996041616,49.610628049319956,51.70618438720703
E01005145,Manchester 008A,Manchester,46.96969696969697,50.74455996041616,42.98069500089289,40.12474060058594
E01005147,Manchester 058B,Manchester,20.9090909090909,50.74455996041616,17.16399339419067,10.896153450012207
E01005149,Manchester 008C,Manchester,82.52427184466019,50.74455996041616,69.48219091490364,68.55559539794922
E01005150,Manchester 029A,Manchester,58.30564784053156,50.74455996041616,57.74825700684196,58.03441619873047
E01005151,Manchester 029B,Manchester,70.95808383233533,50.74455996041616,53.94766554101351,56.45975875854492
E01005152,Manchester 029C,Manchester,77.25118483412322,50.74455996041616,72.02554306145151,72.21392822265625
E01005153,Manchester 037B,Manchester,63.74133949191686,50.74455996041616,60.215395330356735,63.442832946777344
E01005154,Manchester 033A,Manchester,62.5,50.74455996041616,64.21453278699573,68.13367462158203
E01005155,Manchester 037C,Manchester,66.19718309859155,50.74455996041616,62.85911619331803,65.14351654052734
E01005156,Manchester 033B,Manchester,72.76422764227642,50.74455996041616,62.46300874295664,63.48979568481445
E01005157,Manchester 037D,Manchester,75.84269662921348,50.74455996041616,67.54960249537258,71.42306518554688
E01005158,Manchester 033C,Manchester,45.96100278551532,50.74455996041616,42.66771076547961,44.736572265625
E01005159,Manchester 029D,Manchester,69.09722222222221,50.74455996041616,65.2397539536391,66.38854217529297
E01005160,Manchester 004B,Manchester,48.69281045751634,50.74455996041616,50.280340010671175,48.353538513183594
E01005161,Manchester 004C,Manchester,73.51778656126481,50.74455996041616,64.47507290397502,63.3584098815918
E01005162,Manchester 004D,Manchester,45.110410094637224,50.74455996041616,57.02038780352671,55.8859977722168
E01005163,Manchester 004E,Manchester,65.54307116104869,50.74455996041616,57.799404176294544,57.4620361328125
E01005164,Manchester 006A,Manchester,60.969976905311775,50.74455996041616,55.92552618035616,54.76164245605469
E01005165,Manchester 008D,Manchester,46.58493870402802,50.74455996041616,43.7077800723424,44.60099792480469
E01005166,Manchester 008E,Manchester,67.3289183222958,50.74455996041616,57.95028310630514,55.419227600097656
E01005167,Manchester 008F,Manchester,53.39506172839506,50.74455996041616,50.393382239608215,48.00640869140625
E01005168,Manchester 045B,Manchester,59.77653631284916,50.74455996041616,57.18663170507342,58.344058990478516
E01005169,Manchester 045C,Manchester,34.9673202614379,50.74455996041616,53.38048897086256,50.566253662109375
E01005170,Manchester 045D,Manchester,69.68325791855203,50.74455996041616,66.93063517423467,67.31602478027344
E01005171,Manchester 045E,Manchester,57.3208722741433,50.74455996041616,51.47399443684839,52.059120178222656
E01005172,Manchester 043A,Manchester,46.00484261501211,50.74455996041616,47.088173519312285,45.798828125
E01005173,Manchester 043B,Manchester,37.77777777777777,50.74455996041616,49.55273239316125,49.69966125488281
E01005174,Manchester 043C,Manchester,62.28070175438597,50.74455996041616,60.0417167861152,60.179290771484375
E01005175,Manchester 043D,Manchester,52.34657039711191,50.74455996041616,51.58506427132607,49.16722869873047
E01005176,Manchester 043E,Manchester,50.70422535211267,50.74455996041616,46.5811688982807,43.54646301269531
E01005177,Manchester 043F,Manchester,54.71698113207547,50.74455996041616,58.393315394616415,56.30467987060547
E01005178,Manchester 030A,Manchester,48.40764331210191,50.74455996041616,43.51715993487468,44.31758499145508
E01005179,Manchester 030B,Manchester,48.97260273972603,50.74455996041616,43.56480128979101,43.21783447265625
E01005180,Manchester 030C,Manchester,29.55665024630542,50.74455996041616,36.79287641676014,36.63313674926758
E01005181,Manchester 030D,Manchester,47.10982658959537,50.74455996041616,50.578226402992364,49.03179931640625
E01005182,Manchester 030E,Manchester,40.476190476190474,50.74455996041616,44.58752138610239,43.9322395324707
E01005183,Manchester 030F,Manchester,32.25806451612903,50.74455996041616,32.98066887944244,28.398195266723633
E01005184,Manchester 032A,Manchester,36.5025466893039,50.74455996041616,35.905342903594295,37.544151306152344
E01005185,Manchester 032B,Manchester,55.55555555555556,50.74455996041616,63.080238552199695,64.10607147216797
E01005186,Manchester 020B,Manchester,20.48611111111111,50.74455996041616,22.585255536771434,20.098665237426758
E01005187,Manchester 021A,Manchester,64.83050847457628,50.74455996041616,55.239644117359205,52.176517486572266
E01005188,Manchester 021B,Manchester,59.72222222222222,50.74455996041616,57.677511054509814,60.33646774291992
E01005189,Manchester 017D,Manchester,31.14285714285714,50.74455996041616,33.108732019393635,32.220767974853516
E01005190,Manchester 017E,Manchester,60.879120879120876,50.74455996041616,53.4746108628398,51.801841735839844
E01005191,Manchester 021C,Manchester,48.31013916500994,50.74455996041616,46.82562552053353,46.143028259277344
E01005192,Manchester 021D,Manchester,62.26993865030674,50.74455996041616,58.29687105098881,61.991981506347656
E01005193,Manchester 021E,Manchester,60.86956521739131,50.74455996041616,54.8480727848381,53.8030891418457
E01005195,Manchester 023A,Manchester,39.49044585987261,50.74455996041616,41.455772508769826,44.004066467285156
E01005197,Manchester 023C,Manchester,58.839050131926115,50.74455996041616,46.91068079977379,46.62834548950195
E01005198,Manchester 023D,Manchester,31.858407079646017,50.74455996041616,30.36273350220875,31.46685791015625
E01005199,Manchester 064C,Manchester,69.18238993710692,50.74455996041616,62.51256754849447,59.66850280761719
E01005200,Manchester 064A,Manchester,44.69525959367946,50.74455996041616,51.69933184147671,50.93313980102539
E01005201,Manchester 023E,Manchester,55.15370705244123,50.74455996041616,49.155398301989415,45.822235107421875
E01005202,Manchester 009A,Manchester,47.0873786407767,50.74455996041616,39.86355864971217,38.78045654296875
E01005203,Manchester 009B,Manchester,25.31328320802005,50.74455996041616,22.613320543046147,26.931407928466797
E01005205,Manchester 006B,Manchester,38.11475409836065,50.74455996041616,36.04270748170946,36.42741012573242
E01005206,Manchester 006C,Manchester,49.24012158054711,50.74455996041616,47.82652950078973,48.06941223144531
E01005207,Manchester 006D,Manchester,64.05228758169935,50.74455996041616,59.51417113832264,54.726497650146484
E01005208,Manchester 019A,Manchester,19.11764705882352,50.74455996041616,15.555921099258311,10.545730590820312
E01005210,Manchester 019C,Manchester,28.668941979522177,50.74455996041616,14.681825419292352,12.067124366760254
E01005212,Manchester 057A,Manchester,6.7873303167420795,50.74455996041616,14.815932721426153,17.378482818603516
E01005213,Manchester 059A,Manchester,32.724505327245055,50.74455996041616,14.381118897706129,10.232352256774902
E01005214,Manchester 019D,Manchester,13.442622950819668,50.74455996041616,24.560602542491434,12.711320877075195
E01005215,Manchester 034C,Manchester,43.1547619047619,50.74455996041616,37.70311214806802,35.075721740722656
E01005216,Manchester 034D,Manchester,81.38528138528139,50.74455996041616,71.29341966888384,70.817626953125
E01005217,Manchester 034E,Manchester,65.09803921568627,50.74455996041616,56.79856942449481,56.247230529785156
E01005218,Manchester 034F,Manchester,53.760445682451255,50.74455996041616,56.30462594344386,54.2735710144043
E01005219,Manchester 031A,Manchester,66.98717948717949,50.74455996041616,62.405716655082095,64.43704223632812
E01005220,Manchester 031B,Manchester,78.99159663865547,50.74455996041616,69.31747262389337,68.02310943603516
E01005221,Manchester 031C,Manchester,67.83505154639175,50.74455996041616,66.66998871791697,64.69303131103516
E01005222,Manchester 031D,Manchester,54.603854389721626,50.74455996041616,49.49528979061869,48.37544631958008
E01005223,Manchester 007A,Manchester,58.52713178294574,50.74455996041616,58.7054332545019,60.01963424682617
E01005224,Manchester 007B,Manchester,52.20125786163522,50.74455996041616,46.08311219479717,43.75996017456055
E01005225,Manchester 007C,Manchester,52.21052631578947,50.74455996041616,45.90378983266474,45.511192321777344
E01005226,Manchester 007D,Manchester,66.00441501103754,50.74455996041616,60.747670217369816,56.95674514770508
E01005227,Manchester 009D,Manchester,57.21153846153846,50.74455996041616,49.15044300093291,43.44890594482422
E01005228,Manchester 009E,Manchester,35.69553805774278,50.74455996041616,29.997558342687633,30.572141647338867
E01005229,Manchester 007E,Manchester,74.61139896373057,50.74455996041616,69.1640753746896,70.1253890991211
E01005230,Manchester 022B,Manchester,59.04936014625228,50.74455996041616,44.379900807190864,48.8347053527832
E01005231,Manchester 022C,Manchester,44.463667820069205,50.74455996041616,59.73342479914132,58.59156799316406
E01005232,Manchester 020C,Manchester,39.73941368078176,50.74455996041616,37.05112969187486,35.09490966796875
E01005233,Manchester 063B,Manchester,63.81578947368421,50.74455996041616,52.7135054853162,50.98090744018555
E01005234,Manchester 063A,Manchester,62.05882352941177,50.74455996041616,49.22279468572947,51.72112274169922
E01005235,Manchester 020D,Manchester,41.83006535947712,50.74455996041616,28.96363102413224,29.22885513305664
E01005236,Manchester 022D,Manchester,65.13026052104209,50.74455996041616,48.36878338544505,47.19053268432617
E01005237,Manchester 022E,Manchester,69.41176470588235,50.74455996041616,64.36582148646279,66.98269653320312
E01005238,Manchester 063D,Manchester,70.84870848708486,50.74455996041616,58.90191706497341,59.2320556640625
E01005239,Manchester 020E,Manchester,18.14671814671814,50.74455996041616,33.81731282306309,34.52432632446289
E01005243,Manchester 024B,Manchester,19.81279251170047,50.74455996041616,18.668689025880912,13.69168758392334
E01005244,Manchester 025C,Manchester,56.25,50.74455996041616,54.27034440696773,58.45570755004883
E01005245,Manchester 024C,Manchester,13.075506445672188,50.74455996041616,26.18911922806099,29.100126266479492
E01005246,Manchester 024D,Manchester,37.6953125,50.74455996041616,49.132956027208635,54.28203582763672
E01005247,Manchester 005A,Manchester,64.31924882629107,50.74455996041616,62.99346930481935,64.13318634033203
E01005248,Manchester 005B,Manchester,59.09090909090909,50.74455996041616,65.12294249338538,64.69444274902344
E01005249,Manchester 005C,Manchester,26.40949554896142,50.74455996041616,32.972862348699365,29.192636489868164
E01005250,Manchester 005D,Manchester,28.431372549019603,50.74455996041616,36.40871797526485,33.16466522216797
E01005251,Manchester 003D,Manchester,47.95081967213114,50.74455996041616,39.73321508812477,39.70211410522461
E01005252,Manchester 003E,Manchester,39.40397350993377,50.74455996041616,39.394452234247204,38.459083557128906
E01005253,Manchester 005E,Manchester,47.55555555555555,50.74455996041616,46.728646825983034,47.76960372924805
E01005254,Manchester 005F,Manchester,59.45945945945946,50.74455996041616,58.465415122260914,59.430660247802734
E01005255,Manchester 012D,Manchester,47.48427672955975,50.74455996041616,31.401675272376213,36.90241241455078
E01005256,Manchester 011A,Manchester,18.36363636363636,50.74455996041616,20.086361588008113,12.02351188659668
E01005257,Manchester 011B,Manchester,46.31578947368421,50.74455996041616,42.29710552647623,42.146358489990234
E01005258,Manchester 011C,Manchester,46.778711484593835,50.74455996041616,49.818043667562776,46.940185546875
E01005259,Manchester 011D,Manchester,45.77259475218659,50.74455996041616,49.8418030224238,46.4623908996582
E01005260,Manchester 011E,Manchester,67.91666666666667,50.74455996041616,63.020259700045465,63.98771667480469
E01005261,Manchester 012E,Manchester,64.3598615916955,50.74455996041616,37.47763809314688,40.36975860595703
E01005262,Manchester 044B,Manchester,28.199999999999996,50.74455996041616,32.76961796447075,29.8529052734375
E01005263,Manchester 046A,Manchester,27.77777777777778,50.74455996041616,33.35665504116108,30.806838989257812
E01005264,Manchester 044C,Manchester,32.13610586011342,50.74455996041616,34.8975375009072,29.14634132385254
E01005265,Manchester 044D,Manchester,51.82648401826484,50.74455996041616,39.96333387257394,39.276424407958984
E01005266,Manchester 044E,Manchester,45.059288537549406,50.74455996041616,34.02506466658642,34.23988723754883
E01005267,Manchester 046B,Manchester,62.45210727969349,50.74455996041616,63.70711107016215,62.938018798828125
E01005268,Manchester 046C,Manchester,44.1233140655106,50.74455996041616,51.39192527959035,49.965232849121094
E01005269,Manchester 046D,Manchester,62.42774566473989,50.74455996041616,61.88581487306673,61.070892333984375
E01005270,Manchester 035A,Manchester,37.26235741444867,50.74455996041616,38.45175499446389,38.91545867919922
E01005271,Manchester 032C,Manchester,45.91304347826087,50.74455996041616,42.45124185842068,43.72645568847656
E01005272,Manchester 035B,Manchester,22.03389830508474,50.74455996041616,36.91378389508627,33.29374313354492
E01005273,Manchester 035C,Manchester,53.58974358974359,50.74455996041616,53.44762831570753,53.472984313964844
E01005274,Manchester 038A,Manchester,57.556270096463024,50.74455996041616,49.14168769866452,49.21142578125
E01005275,Manchester 038B,Manchester,53.75939849624061,50.74455996041616,60.15130800888859,61.15566635131836
E01005276,Manchester 038C,Manchester,47.75280898876404,50.74455996041616,52.34627898908719,52.1978759765625
E01005277,Manchester 038D,Manchester,50.45454545454545,50.74455996041616,52.09757116752462,51.6744499206543
E01005278,Manchester 035D,Manchester,62.16216216216216,50.74455996041616,63.78576482952329,55.7464485168457
E01005279,Manchester 035E,Manchester,33.93393393393393,50.74455996041616,34.064310456675074,34.71186065673828
E01005280,Manchester 026A,Manchester,62.612612612612615,50.74455996041616,48.58765476679068,51.990169525146484
E01005281,Manchester 026B,Manchester,50.30120481927711,50.74455996041616,49.57846535391056,48.443058013916016
E01005284,Manchester 026C,Manchester,49.01610017889087,50.74455996041616,37.939761362820484,40.73593521118164
E01005285,Manchester 025D,Manchester,32.8125,50.74455996041616,42.060055499701775,39.12372970581055
E01005286,Manchester 026D,Manchester,51.05042016806722,50.74455996041616,44.7070655519141,43.07023620605469
E01005287,Manchester 026E,Manchester,57.294429708222815,50.74455996041616,40.72637478821995,42.30705261230469
E01005288,Manchester 025E,Manchester,56.148491879350345,50.74455996041616,58.497032554332314,57.83643341064453
E01005289,Manchester 049D,Manchester,31.858407079646017,50.74455996041616,30.388162808770247,29.498769760131836
E01005290,Manchester 052A,Manchester,34.679334916864605,50.74455996041616,33.483229561962105,30.870506286621094
E01005291,Manchester 050E,Manchester,37.826086956521735,50.74455996041616,31.007560898667585,29.759613037109375
E01005292,Manchester 052B,Manchester,29.17594654788418,50.74455996041616,25.937324977411688,22.747411727905273
E01005293,Manchester 052C,Manchester,45.78313253012048,50.74455996041616,51.77383438706294,52.30509567260742
E01005294,Manchester 052D,Manchester,37.903225806451616,50.74455996041616,47.392192748269096,47.577484130859375
E01005295,Manchester 049E,Manchester,35.00837520938023,50.74455996041616,27.158690705267745,25.46970558166504
E01005296,Manchester 029E,Manchester,54.7244094488189,50.74455996041616,52.921556663319976,54.47232437133789
E01005297,Manchester 028A,Manchester,58.659217877094974,50.74455996041616,53.82277022604969,54.706817626953125
E01005298,Manchester 028B,Manchester,71.05263157894737,50.74455996041616,68.77653175718484,71.75172424316406
E01005299,Manchester 029F,Manchester,72.38095238095238,50.74455996041616,64.82948750410618,64.44061279296875
E01005300,Manchester 033D,Manchester,68.48484848484848,50.74455996041616,71.49206893352502,65.40556335449219
E01005301,Manchester 033E,Manchester,67.94425087108013,50.74455996041616,68.2245109554131,71.58486938476562
E01005302,Manchester 028C,Manchester,36.89024390243902,50.74455996041616,41.741545096556585,43.8826904296875
E01005304,Manchester 040B,Manchester,53.84615384615385,50.74455996041616,52.226707964444955,51.2532958984375
E01005305,Manchester 036A,Manchester,56.048387096774185,50.74455996041616,56.30459752575906,53.25668716430664
E01005306,Manchester 040C,Manchester,54.48504983388705,50.74455996041616,60.14112779862993,56.918190002441406
E01005307,Manchester 040D,Manchester,51.42857142857142,50.74455996041616,58.956274424371294,54.45712661743164
E01005308,Manchester 040E,Manchester,48.559670781893,50.74455996041616,45.90987650271256,48.162628173828125
E01005309,Manchester 036B,Manchester,42.15304798962386,50.74455996041616,37.23513112617509,41.47571563720703
E01005310,Manchester 036C,Manchester,57.94117647058824,50.74455996041616,55.679741642147505,58.09089660644531
E01005311,Manchester 036D,Manchester,61.142857142857146,50.74455996041616,59.27798714143857,58.99431610107422
E01005312,Manchester 036E,Manchester,54.525862068965516,50.74455996041616,53.79969575749678,52.73640823364258
E01005313,Manchester 053A,Manchester,34.946236559139784,50.74455996041616,34.42536411529931,29.240800857543945
E01005314,Manchester 053B,Manchester,29.521276595744677,50.74455996041616,35.0484358299902,34.3756103515625
E01005315,Manchester 053C,Manchester,18.38842975206611,50.74455996041616,20.374794805179114,19.14811897277832
E01005316,Manchester 053D,Manchester,31.088082901554397,50.74455996041616,31.818579986859646,30.678844451904297
E01005317,Manchester 052E,Manchester,24.756335282651072,50.74455996041616,32.44606739095975,31.172739028930664
E01005318,Manchester 053E,Manchester,27.20930232558139,50.74455996041616,34.458888414951005,32.56529235839844
E01005319,Manchester 051E,Manchester,22.39089184060721,50.74455996041616,32.57093696008162,32.48692321777344
E01033651,Manchester 054B,Manchester,6.17469879518072,50.74455996041616,10.16776512514055,5.711153030395508
E01033653,Manchester 055B,Manchester,24.69418960244648,50.74455996041616,15.874105114060422,16.297021865844727
E01033654,Manchester 055C,Manchester,16.12903225806451,50.74455996041616,11.676021594897215,11.58945083618164
E01033655,Manchester 056B,Manchester,5.792682926829261,50.74455996041616,3.86184118243755,5.770619869232178
E01033656,Manchester 057B,Manchester,8.18345323741007,50.74455996041616,6.262059317178566,10.651056289672852
E01033658,Manchester 054C,Manchester,15.24064171122994,50.74455996041616,8.651616764864766,9.323805809020996
E01033660,Manchester 059B,Manchester,10.67683508102955,50.74455996041616,6.3445763152324535,10.390734672546387
E01033661,Manchester 055E,Manchester,15.80110497237569,50.74455996041616,13.5656835012662,10.876781463623047
E01033662,Manchester 057C,Manchester,22.70114942528735,50.74455996041616,11.133653143571527,15.167950630187988
E01033664,Manchester 054D,Manchester,11.28433556050482,50.74455996041616,7.606176885087352,11.034347534179688
E01033665,Manchester 056C,Manchester,11.29568106312292,50.74455996041616,13.317969627341856,4.3990936279296875
E01033667,Manchester 054E,Manchester,20.20295202952029,50.74455996041616,12.911386008204001,12.250960350036621
E01033668,Manchester 015F,Manchester,15.24064171122994,50.74455996041616,19.339852786381687,8.115853309631348
E01033669,Manchester 015G,Manchester,18.24817518248175,50.74455996041616,24.33664453843295,20.114185333251953
E01033670,Manchester 039E,Manchester,18.70824053452116,50.74455996041616,17.842772874768972,11.212817192077637
E01033671,Manchester 039F,Manchester,51.76252319109462,50.74455996041616,56.53281547653507,55.81832504272461
E01033672,Manchester 059C,Manchester,11.71393341553637,50.74455996041616,14.193291823640699,14.21524715423584
E01033673,Manchester 059D,Manchester,11.70520231213872,50.74455996041616,5.571159688021365,8.720662117004395
E01033674,Manchester 058C,Manchester,18.14254859611231,50.74455996041616,23.898921548326733,16.253650665283203
E01033675,Manchester 058D,Manchester,18.43575418994413,50.74455996041616,18.64530545384931,10.763221740722656
E01033676,Manchester 056D,Manchester,19.77611940298507,50.74455996041616,25.747201471646363,21.100055694580078
E01033677,Manchester 060A,Manchester,17.96875,50.74455996041616,7.57193741186776,9.68874454498291
E01033678,Manchester 009F,Manchester,16.6077738515901,50.74455996041616,17.261206479805978,16.693525314331055
E01033679,Manchester 009G,Manchester,10.54852320675105,50.74455996041616,18.188964081734138,13.8082857131958
E01033680,Manchester 028E,Manchester,40.09661835748792,50.74455996041616,41.97069280980975,43.77748489379883
E01033681,Manchester 060B,Manchester,7.2382290934645095,50.74455996041616,5.592739712935919,8.817683219909668
E01033682,Manchester 060C,Manchester,21.01449275362318,50.74455996041616,13.671871197660012,9.266274452209473
E01033684,Manchester 062D,Manchester,13.68778280542986,50.74455996041616,5.108501260791897,5.520266532897949
E01033685,Manchester 003F,Manchester,21.20141342756183,50.74455996041616,27.200634140753127,18.247514724731445
E01033686,Manchester 028F,Manchester,44.85294117647059,50.74455996041616,40.72221486574513,44.19484329223633
E01033687,Manchester 003G,Manchester,25.0,50.74455996041616,26.005097392941046,25.007953643798828
E01033688,Manchester 062B,Manchester,24.501424501424502,50.74455996041616,21.137537648586886,22.547643661499023
E01034107,Manchester 002F,Manchester,35.962145110410084,50.74455996041616,40.87568176079273,39.50760269165039
E01034108,Manchester 002G,Manchester,41.28686327077748,50.74455996041616,40.45192641700427,41.10061264038086
E01034109,Manchester 008G,Manchester,64.59627329192547,50.74455996041616,52.21953702457447,46.88914108276367
E01034110,Manchester 008H,Manchester,40.94202898550724,50.74455996041616,44.1240257671781,41.97581100463867
E01034111,Manchester 017G,Manchester,21.91780821917808,50.74455996041616,29.795689279479223,35.706180572509766
E01034112,Manchester 017H,Manchester,26.577437858508603,50.74455996041616,30.272349261822736,36.781795501708984
E01034113,Manchester 017I,Manchester,28.65671641791045,50.74455996041616,41.31880441976941,41.32037353515625
E01034114,Manchester 017J,Manchester,42.35807860262008,50.74455996041616,62.89971495024433,66.77808380126953
E01034115,Manchester 018F,Manchester,11.39240506329113,50.74455996041616,22.091061410577876,15.310274124145508
E01034116,Manchester 018G,Manchester,1.4492753623188401,50.74455996041616,18.277739015316055,13.784445762634277
E01034117,Manchester 019E,Manchester,9.86964618249534,50.74455996041616,12.942220763569264,15.660876274108887
E01034118,Manchester 019F,Manchester,24.528301886792452,50.74455996041616,19.109668209518073,19.42160987854004
E01034119,Manchester 022H,Manchester,39.444444444444436,50.74455996041616,43.54659880855868,42.72416687011719
E01034120,Manchester 023F,Manchester,34.54545454545454,50.74455996041616,29.57152437823118,27.265182495117188
E01034121,Manchester 023G,Manchester,20.703125,50.74455996041616,23.85453403783122,18.549930572509766
E01034122,Manchester 024E,Manchester,41.03896103896104,50.74455996041616,47.377599429368516,46.884464263916016
E01034123,Manchester 024F,Manchester,29.60662525879917,50.74455996041616,36.051336338372145,38.692745208740234
E01034124,Manchester 025F,Manchester,39.52095808383233,50.74455996041616,46.984430208543465,48.88179397583008
E01034125,Manchester 025G,Manchester,50.0,50.74455996041616,51.0608028944199,48.9224739074707
E01034126,Manchester 025H,Manchester,36.64772727272727,50.74455996041616,48.80616134134526,53.45555877685547
E01034127,Manchester 025I,Manchester,68.57142857142857,50.74455996041616,68.27574898738511,68.13384246826172
E01034128,Manchester 032F,Manchester,62.33108108108109,50.74455996041616,59.726113121894755,60.07851791381836
E01034129,Manchester 055F,Manchester,25.2836304700162,50.74455996041616,9.141087512469946,8.969681739807129
E01034130,Manchester 055G,Manchester,13.08900523560209,50.74455996041616,7.328078218946307,5.88300895690918
E01034131,Manchester 060E,Manchester,5.03388189738625,50.74455996041616,6.410174712738691,7.9348249435424805
E01034132,Manchester 060F,Manchester,1.20904836193447,50.74455996041616,3.287600976412701,1.5208204984664917
E01034133,Manchester 061C,Manchester,6.765899864682,50.74455996041616,16.704790510780985,12.21646499633789
E01034134,Manchester 061D,Manchester,20.49469964664311,50.74455996041616,5.257530461470907,5.824370861053467
E01034135,Manchester 062A,Manchester,4.6195652173913,50.74455996041616,15.945886686191992,13.424671173095703
E01034136,Manchester 062C,Manchester,7.53768844221105,50.74455996041616,15.664981695860563,6.5520219802856445
E01034137,Manchester 063C,Manchester,82.6086956521739,50.74455996041616,67.32618286584531,59.40536880493164
E01034138,Manchester 064B,Manchester,65.96491228070175,50.74455996041616,52.25107590734688,53.86106491088867
E01005320,Oldham 024A,Oldham,55.78947368421052,48.90579559657191,60.0121114837603,61.29146194458008
E01005321,Oldham 022A,Oldham,56.734693877551024,48.90579559657191,50.967848628340654,50.074012756347656
E01005322,Oldham 029A,Oldham,39.875389408099686,48.90579559657191,40.35177414342768,39.05262756347656
E01005323,Oldham 029B,Oldham,47.349823321554766,48.90579559657191,42.812835065936,43.55000686645508
E01005324,Oldham 029C,Oldham,23.46938775510204,48.90579559657191,33.60252641712767,33.47329330444336
E01005325,Oldham 029D,Oldham,16.4516129032258,48.90579559657191,21.84262903908837,24.87729835510254
E01005326,Oldham 022B,Oldham,73.04964539007092,48.90579559657191,67.3880090228443,66.48249816894531
E01005327,Oldham 017A,Oldham,32.83208020050125,48.90579559657191,35.84629218000313,37.4499397277832
E01005328,Oldham 017B,Oldham,31.03448275862069,48.90579559657191,28.210533567123317,26.743268966674805
E01005329,Oldham 015A,Oldham,39.59390862944162,48.90579559657191,58.1452776435445,59.348140716552734
E01005330,Oldham 015B,Oldham,31.72413793103448,48.90579559657191,36.4414622920517,38.43895721435547
E01005331,Oldham 017C,Oldham,56.25,48.90579559657191,57.51902233896457,59.54825973510742
E01005332,Oldham 028A,Oldham,45.843230403800476,48.90579559657191,42.672369667732234,40.98419189453125
E01005333,Oldham 015C,Oldham,55.86206896551724,48.90579559657191,70.8592650459037,68.63384246826172
E01005334,Oldham 017D,Oldham,46.4968152866242,48.90579559657191,42.10889256677979,44.83689880371094
E01005335,Oldham 010A,Oldham,63.84180790960452,48.90579559657191,72.19902204285621,70.04354095458984
E01005336,Oldham 015D,Oldham,68.57142857142857,48.90579559657191,68.33712896986812,69.50640106201172
E01005337,Oldham 010B,Oldham,57.417582417582416,48.90579559657191,54.728793748182554,55.77143096923828
E01005338,Oldham 017E,Oldham,51.21951219512195,48.90579559657191,39.000377732553744,41.043487548828125
E01005339,Oldham 010C,Oldham,71.02803738317756,48.90579559657191,71.13229752472954,70.76069641113281
E01005340,Oldham 010D,Oldham,51.50214592274678,48.90579559657191,42.501177344165335,44.244842529296875
E01005341,Oldham 028B,Oldham,67.96116504854369,48.90579559657191,58.520674071158126,56.56722640991211
E01005342,Oldham 027A,Oldham,26.027397260273972,48.90579559657191,32.00161360024919,32.67251205444336
E01005343,Oldham 027B,Oldham,58.94736842105262,48.90579559657191,42.827999629529266,45.413143157958984
E01005344,Oldham 027C,Oldham,53.19767441860465,48.90579559657191,60.28668356711512,60.68644332885742
E01005345,Oldham 028C,Oldham,63.5,48.90579559657191,70.39853923111576,70.35844421386719
E01005346,Oldham 028D,Oldham,71.97802197802197,48.90579559657191,63.179895326954004,62.103939056396484
E01005347,Oldham 028E,Oldham,55.208333333333336,48.90579559657191,62.87300122542549,60.98612976074219
E01005348,Oldham 014A,Oldham,28.61538461538461,48.90579559657191,31.526649403850808,31.196517944335938
E01005349,Oldham 016A,Oldham,60.526315789473685,48.90579559657191,52.8548254924605,54.04944610595703
E01005350,Oldham 014B,Oldham,21.2253829321663,48.90579559657191,32.554636049077374,31.792795181274414
E01005351,Oldham 016B,Oldham,57.446808510638306,48.90579559657191,56.347352657735115,55.43663024902344
E01005352,Oldham 016C,Oldham,33.79629629629629,48.90579559657191,38.79740060870044,39.75014877319336
E01005353,Oldham 016D,Oldham,24.61538461538461,48.90579559657191,32.73686932132007,31.879121780395508
E01005354,Oldham 016E,Oldham,44.76987447698745,48.90579559657191,43.48323500356737,42.025630950927734
E01005355,Oldham 005A,Oldham,71.65991902834008,48.90579559657191,60.136720727336964,59.839561462402344
E01005356,Oldham 005B,Oldham,42.07920792079208,48.90579559657191,35.838451534710536,36.947757720947266
E01005357,Oldham 001A,Oldham,64.81481481481481,48.90579559657191,65.26752610584468,63.844085693359375
E01005358,Oldham 001B,Oldham,45.54794520547945,48.90579559657191,51.69668149125385,51.268775939941406
E01005359,Oldham 001C,Oldham,62.231759656652365,48.90579559657191,60.43020189257776,59.711090087890625
E01005360,Oldham 001D,Oldham,41.45299145299145,48.90579559657191,48.5703872129007,46.02031326293945
E01005361,Oldham 003A,Oldham,63.91304347826087,48.90579559657191,60.67847278167574,59.9487419128418
E01005362,Oldham 031A,Oldham,70.11494252873564,48.90579559657191,62.45422161846595,63.97449493408203
E01005363,Oldham 032A,Oldham,46.11650485436893,48.90579559657191,47.03046820950054,50.830501556396484
E01005364,Oldham 031B,Oldham,68.94977168949772,48.90579559657191,64.66518248374769,62.996620178222656
E01005365,Oldham 033A,Oldham,55.8252427184466,48.90579559657191,53.22719303409793,51.29563522338867
E01005366,Oldham 033B,Oldham,37.5,48.90579559657191,33.13497084915627,35.892356872558594
E01005367,Oldham 033C,Oldham,51.13636363636363,48.90579559657191,58.969499957782666,56.063106536865234
E01005368,Oldham 031C,Oldham,54.7486033519553,48.90579559657191,55.94706034875888,55.406227111816406
E01005369,Oldham 032B,Oldham,40.78947368421052,48.90579559657191,51.122982463714116,50.794307708740234
E01005370,Oldham 032C,Oldham,36.27254509018036,48.90579559657191,37.4639185326697,37.388648986816406
E01005371,Oldham 032D,Oldham,48.85245901639344,48.90579559657191,52.5399855521459,52.316650390625
E01005372,Oldham 034A,Oldham,65.59139784946237,48.90579559657191,60.25000176787024,59.350555419921875
E01005373,Oldham 034B,Oldham,66.0,48.90579559657191,62.88622904720989,62.41066360473633
E01005374,Oldham 034C,Oldham,48.02631578947368,48.90579559657191,55.676425952340715,52.398746490478516
E01005375,Oldham 034D,Oldham,63.190184049079754,48.90579559657191,69.02062185436448,66.78788757324219
E01005376,Oldham 031D,Oldham,41.46341463414634,48.90579559657191,35.947136972048504,36.34219741821289
E01005377,Oldham 030A,Oldham,28.668941979522177,48.90579559657191,39.104970773865396,38.362266540527344
E01005378,Oldham 031E,Oldham,61.95652173913043,48.90579559657191,63.63483438526511,63.062503814697266
E01005379,Oldham 030B,Oldham,55.18518518518518,48.90579559657191,37.45370368541672,38.54679489135742
E01005380,Oldham 030C,Oldham,52.317880794701985,48.90579559657191,34.49487529379824,34.57223892211914
E01005381,Oldham 027D,Oldham,25.0,48.90579559657191,34.805818885092535,34.823421478271484
E01005382,Oldham 030D,Oldham,49.64285714285714,48.90579559657191,44.15743063455608,44.60181427001953
E01005383,Oldham 026A,Oldham,56.97211155378486,48.90579559657191,40.58886792426086,40.61046600341797
E01005386,Oldham 026D,Oldham,26.551724137931032,48.90579559657191,36.316764630263336,37.89390182495117
E01005387,Oldham 018A,Oldham,63.63636363636363,48.90579559657191,65.15369960385759,66.1427230834961
E01005388,Oldham 018B,Oldham,61.37566137566137,48.90579559657191,57.31317988146938,58.69268035888672
E01005389,Oldham 018C,Oldham,41.005291005291,48.90579559657191,40.73717824910729,40.824832916259766
E01005390,Oldham 004A,Oldham,60.57142857142858,48.90579559657191,59.61189825079854,57.975440979003906
E01005391,Oldham 008A,Oldham,65.26315789473685,48.90579559657191,58.63163179115361,58.77000427246094
E01005392,Oldham 008B,Oldham,37.41794310722101,48.90579559657191,31.251250977064355,29.535799026489258
E01005393,Oldham 008C,Oldham,54.90196078431373,48.90579559657191,60.44608130463883,60.56937789916992
E01005394,Oldham 004B,Oldham,59.43396226415094,48.90579559657191,64.04841320079359,63.79818344116211
E01005395,Oldham 004C,Oldham,68.13186813186813,48.90579559657191,67.85066789300332,67.03423309326172
E01005396,Oldham 004D,Oldham,51.53061224489795,48.90579559657191,61.253686646902615,61.70766067504883
E01005397,Oldham 009A,Oldham,43.624161073825505,48.90579559657191,47.61334713577689,44.701026916503906
E01005398,Oldham 009B,Oldham,62.637362637362635,48.90579559657191,64.18702960992891,62.28377914428711
E01005399,Oldham 005C,Oldham,49.31506849315068,48.90579559657191,46.84907246604794,47.75174331665039
E01005400,Oldham 009C,Oldham,36.93181818181818,48.90579559657191,29.851961277760385,27.040372848510742
E01005401,Oldham 008D,Oldham,45.79439252336448,48.90579559657191,52.10286124567833,53.10088348388672
E01005402,Oldham 009D,Oldham,52.72727272727272,48.90579559657191,48.4060249742528,46.99503707885742
E01005403,Oldham 005D,Oldham,34.782608695652165,48.90579559657191,38.03058038675464,36.70426940917969
E01005406,Oldham 021A,Oldham,69.78021978021978,48.90579559657191,63.62381224889315,64.94440460205078
E01005407,Oldham 013A,Oldham,48.828125,48.90579559657191,50.47539978057446,50.99820327758789
E01005408,Oldham 020C,Oldham,40.41297935103244,48.90579559657191,47.68740980107973,47.877750396728516
E01005409,Oldham 020D,Oldham,73.7556561085973,48.90579559657191,65.71330672483572,64.79159545898438
E01005410,Oldham 006A,Oldham,58.333333333333336,48.90579559657191,59.5917801517006,58.43849182128906
E01005411,Oldham 006B,Oldham,48.08362369337979,48.90579559657191,48.29109292305043,48.25570297241211
E01005412,Oldham 013B,Oldham,56.85618729096989,48.90579559657191,50.580972114059634,53.13703918457031
E01005413,Oldham 021B,Oldham,60.1123595505618,48.90579559657191,58.692317064044204,59.07659912109375
E01005414,Oldham 006C,Oldham,69.23076923076923,48.90579559657191,57.01062094027873,59.50986862182617
E01005415,Oldham 006D,Oldham,65.45454545454545,48.90579559657191,57.30376448249277,58.509071350097656
E01005416,Oldham 013C,Oldham,54.86381322957199,48.90579559657191,55.903578244365185,57.98877716064453
E01005417,Oldham 013D,Oldham,71.0,48.90579559657191,68.81626064020878,68.54450225830078
E01005418,Oldham 018D,Oldham,63.80368098159509,48.90579559657191,63.36116594484088,61.59006118774414
E01005419,Oldham 021C,Oldham,54.23728813559322,48.90579559657191,54.47323972539395,55.920711517333984
E01005420,Oldham 021D,Oldham,53.736654804270465,48.90579559657191,53.63754407194334,53.614593505859375
E01005421,Oldham 011A,Oldham,53.760445682451255,48.90579559657191,46.59444365244489,48.028778076171875
E01005422,Oldham 011B,Oldham,69.68503937007874,48.90579559657191,34.49691160185111,34.517940521240234
E01005427,Oldham 022C,Oldham,61.97183098591549,48.90579559657191,59.33968364836803,58.03776931762695
E01005428,Oldham 019A,Oldham,76.26459143968872,48.90579559657191,75.11450830984211,72.72588348388672
E01005429,Oldham 022D,Oldham,60.0,48.90579559657191,58.6396445360065,61.615478515625
E01005430,Oldham 022E,Oldham,66.66666666666666,48.90579559657191,58.68010679876074,62.545780181884766
E01005431,Oldham 019B,Oldham,66.66666666666666,48.90579559657191,62.45121751003377,64.07450103759766
E01005432,Oldham 014C,Oldham,34.19540229885057,48.90579559657191,30.669992560670835,31.580442428588867
E01005433,Oldham 014D,Oldham,38.52459016393442,48.90579559657191,42.56653698102546,46.021080017089844
E01005434,Oldham 024B,Oldham,38.64541832669322,48.90579559657191,36.701403711414166,39.977699279785156
E01005435,Oldham 037B,Oldham,71.6867469879518,48.90579559657191,77.12744887932179,75.21983337402344
E01005436,Oldham 037D,Oldham,63.33333333333333,48.90579559657191,71.61592785841478,72.57766723632812
E01005437,Oldham 024C,Oldham,69.88636363636364,48.90579559657191,67.57799754514097,68.70366668701172
E01005438,Oldham 029E,Oldham,54.25531914893617,48.90579559657191,53.43637455866265,53.24761962890625
E01005439,Oldham 030E,Oldham,64.61538461538461,48.90579559657191,69.5606835033643,69.61771392822266
E01005440,Oldham 033D,Oldham,31.8007662835249,48.90579559657191,38.866636218979586,40.11565017700195
E01005441,Oldham 002A,Oldham,38.64406779661017,48.90579559657191,32.88089296879332,33.29924011230469
E01005442,Oldham 002B,Oldham,59.589041095890416,48.90579559657191,66.36663420918165,65.58871459960938
E01005443,Oldham 003B,Oldham,57.936507936507944,48.90579559657191,67.56663994133146,66.26687622070312
E01005444,Oldham 002C,Oldham,58.26446280991735,48.90579559657191,59.24178355054948,59.72173309326172
E01005445,Oldham 002D,Oldham,60.05665722379604,48.90579559657191,58.787350633644785,56.92414093017578
E01005446,Oldham 003C,Oldham,54.761904761904766,48.90579559657191,55.294661208546266,53.571258544921875
E01005447,Oldham 003D,Oldham,39.72222222222222,48.90579559657191,43.9423522138503,41.99347686767578
E01005448,Oldham 012A,Oldham,40.69148936170212,48.90579559657191,40.724488767612904,39.038875579833984
E01005449,Oldham 012B,Oldham,33.620689655172406,48.90579559657191,33.148628280122985,36.51543045043945
E01005450,Oldham 019C,Oldham,61.12956810631229,48.90579559657191,69.52865509554003,68.81068420410156
E01005451,Oldham 019D,Oldham,46.5,48.90579559657191,47.35441421756369,48.46760177612305
E01005452,Oldham 007C,Oldham,55.72519083969466,48.90579559657191,64.20199431292544,63.20904541015625
E01005453,Oldham 007D,Oldham,36.53846153846153,48.90579559657191,59.5014477654872,58.27118682861328
E01005454,Oldham 012C,Oldham,51.12359550561798,48.90579559657191,56.851835652391784,56.104705810546875
E01005455,Oldham 012D,Oldham,59.11330049261084,48.90579559657191,57.72225609554105,56.934471130371094
E01005456,Oldham 012E,Oldham,49.59568733153638,48.90579559657191,49.79099253292284,50.03143310546875
E01005459,Oldham 024D,Oldham,30.36649214659686,48.90579559657191,44.134477002697686,44.25708770751953
E01005460,Oldham 036C,Oldham,51.320754716981135,48.90579559657191,49.34330171972276,49.37677001953125
E01005461,Oldham 037A,Oldham,60.97560975609756,48.90579559657191,63.37527079357395,64.04662322998047
E01005462,Oldham 037C,Oldham,55.3030303030303,48.90579559657191,60.12189379438903,58.48471450805664
E01005463,Oldham 036D,Oldham,35.88235294117647,48.90579559657191,45.95512838439413,45.09825897216797
E01032556,Oldham 026E,Oldham,60.50420168067227,48.90579559657191,54.98042620456393,54.94478225708008
E01032557,Oldham 026F,Oldham,42.5,48.90579559657191,35.79455186666242,34.18212890625
E01032558,Oldham 007E,Oldham,23.051948051948052,48.90579559657191,35.78731004953537,36.318092346191406
E01032559,Oldham 007F,Oldham,38.98809523809524,48.90579559657191,32.78503965304417,30.73192596435547
E01032920,Oldham 011E,Oldham,35.639412997903555,48.90579559657191,47.26022879016212,47.30301284790039
E01032922,Oldham 020E,Oldham,59.76331360946746,48.90579559657191,59.38448276300546,59.76817321777344
E01034232,Oldham 036A,Oldham,29.381443298969067,48.90579559657191,45.388423069378895,43.46464157104492
E01034233,Oldham 036B,Oldham,45.454545454545446,48.90579559657191,54.39176826875213,51.941776275634766
E01005464,Rochdale 016A,Rochdale,39.73063973063973,49.405917817536356,43.640115473001075,41.705745697021484
E01005465,Rochdale 016B,Rochdale,32.50517598343685,49.405917817536356,44.1434370456992,44.27813720703125
E01005466,Rochdale 016C,Rochdale,18.52367688022284,49.405917817536356,26.169430832679378,25.92620849609375
E01005467,Rochdale 016D,Rochdale,33.89830508474576,49.405917817536356,40.66847326573307,39.58631134033203
E01005468,Rochdale 016E,Rochdale,30.76923076923077,49.405917817536356,55.62096129159039,52.20813751220703
E01005469,Rochdale 012A,Rochdale,66.39004149377593,49.405917817536356,66.24495711640877,63.07538604736328
E01005470,Rochdale 015A,Rochdale,62.857142857142854,49.405917817536356,65.12162886706164,64.92897033691406
E01005471,Rochdale 015B,Rochdale,63.67924528301887,49.405917817536356,66.38037215727712,66.82945251464844
E01005472,Rochdale 010A,Rochdale,47.71428571428571,49.405917817536356,47.92347788819122,46.87358474731445
E01005473,Rochdale 010B,Rochdale,54.54545454545454,49.405917817536356,61.77154870625052,59.9007453918457
E01005474,Rochdale 011A,Rochdale,67.37967914438502,49.405917817536356,66.47807154442464,67.15776062011719
E01005475,Rochdale 015C,Rochdale,48.88059701492537,49.405917817536356,42.16300906152767,43.01683044433594
E01005476,Rochdale 017A,Rochdale,41.17647058823529,49.405917817536356,44.7883337546277,47.2896842956543
E01005477,Rochdale 017B,Rochdale,45.57235421166307,49.405917817536356,55.941082533360046,55.74412536621094
E01005478,Rochdale 017C,Rochdale,56.03448275862068,49.405917817536356,63.62270751943765,63.072566986083984
E01005479,Rochdale 017D,Rochdale,46.666666666666664,49.405917817536356,61.98563055854071,62.24351501464844
E01005480,Rochdale 017E,Rochdale,29.78723404255319,49.405917817536356,32.84572450428311,32.028804779052734
E01005481,Rochdale 017F,Rochdale,33.33333333333333,49.405917817536356,43.13317459069819,44.79932403564453
E01005482,Rochdale 010C,Rochdale,23.76126126126126,49.405917817536356,20.660851973345395,21.17237663269043
E01005483,Rochdale 010D,Rochdale,55.59440559440559,49.405917817536356,45.47928443850976,48.212059020996094
E01005484,Rochdale 010E,Rochdale,28.26086956521739,49.405917817536356,27.849985293272404,32.183597564697266
E01005485,Rochdale 015D,Rochdale,57.85123966942148,49.405917817536356,57.40777421148883,59.975650787353516
E01005486,Rochdale 010F,Rochdale,48.366013071895416,49.405917817536356,64.39714954762572,64.53244018554688
E01005487,Rochdale 010G,Rochdale,62.629757785467135,49.405917817536356,59.1894541407366,59.569244384765625
E01005488,Rochdale 006A,Rochdale,51.59574468085106,49.405917817536356,39.05582175669984,41.065670013427734
E01005489,Rochdale 005A,Rochdale,58.27814569536424,49.405917817536356,61.14647975886038,61.48092269897461
E01005490,Rochdale 005B,Rochdale,49.22279792746113,49.405917817536356,52.49193707052988,57.50233840942383
E01005491,Rochdale 005C,Rochdale,50.0,49.405917817536356,54.611900934352924,54.48984909057617
E01005492,Rochdale 006B,Rochdale,68.96551724137932,49.405917817536356,67.88284204247898,69.52432250976562
E01005493,Rochdale 005D,Rochdale,50.18867924528302,49.405917817536356,50.191921385160754,46.6363525390625
E01005494,Rochdale 005E,Rochdale,46.59863945578231,49.405917817536356,46.9014292609598,47.20512390136719
E01005495,Rochdale 005F,Rochdale,51.5625,49.405917817536356,53.280369543862705,53.35541534423828
E01005496,Rochdale 009A,Rochdale,44.947735191637626,49.405917817536356,46.17342857021979,46.82002258300781
E01005497,Rochdale 018A,Rochdale,27.27272727272727,49.405917817536356,39.53106561184229,39.07447814941406
E01005498,Rochdale 020A,Rochdale,53.63636363636364,49.405917817536356,63.18914785691932,64.14968872070312
E01005499,Rochdale 006C,Rochdale,62.096774193548384,49.405917817536356,56.36995849655916,56.330989837646484
E01005500,Rochdale 020B,Rochdale,58.70445344129555,49.405917817536356,58.2231145434104,55.58061981201172
E01005501,Rochdale 018B,Rochdale,33.50253807106599,49.405917817536356,34.66104719768679,34.857513427734375
E01005502,Rochdale 018C,Rochdale,56.71232876712329,49.405917817536356,56.03299437011397,55.91324234008789
E01005503,Rochdale 020C,Rochdale,52.17391304347826,49.405917817536356,62.38765352120326,64.38063049316406
E01005504,Rochdale 018D,Rochdale,35.82554517133956,49.405917817536356,45.80949846406517,44.352352142333984
E01005505,Rochdale 018E,Rochdale,45.48494983277591,49.405917817536356,47.87541799300187,51.03312301635742
E01005506,Rochdale 020D,Rochdale,44.16666666666666,49.405917817536356,43.91772442347228,45.780879974365234
E01005507,Rochdale 020E,Rochdale,44.44444444444444,49.405917817536356,56.37924067864335,55.61214828491211
E01005508,Rochdale 020F,Rochdale,31.845238095238088,49.405917817536356,27.265793915576943,34.140132904052734
E01005509,Rochdale 018F,Rochdale,27.80898876404494,49.405917817536356,42.82905037574333,43.15481185913086
E01005510,Rochdale 019A,Rochdale,59.78260869565217,49.405917817536356,63.123279251912244,63.34916305541992
E01005511,Rochdale 019B,Rochdale,51.85185185185185,49.405917817536356,62.56581354196615,62.99064636230469
E01005512,Rochdale 019C,Rochdale,45.48494983277591,49.405917817536356,53.79102326429746,52.034427642822266
E01005513,Rochdale 019D,Rochdale,62.7906976744186,49.405917817536356,30.776160266118488,32.437522888183594
E01005514,Rochdale 019E,Rochdale,47.87234042553192,49.405917817536356,38.53305949022243,40.76314163208008
E01005515,Rochdale 019F,Rochdale,44.470588235294116,49.405917817536356,30.694173553620974,30.975332260131836
E01005516,Rochdale 003A,Rochdale,68.75,49.405917817536356,65.56563134203311,65.51795196533203
E01005517,Rochdale 003B,Rochdale,58.291457286432156,49.405917817536356,59.836140770186006,60.62057113647461
E01005518,Rochdale 001A,Rochdale,48.46153846153846,49.405917817536356,61.73171277907745,60.92237854003906
E01005519,Rochdale 002A,Rochdale,53.8860103626943,49.405917817536356,62.71627641491833,58.67570114135742
E01005520,Rochdale 001B,Rochdale,56.02836879432624,49.405917817536356,57.56292277716869,56.79967498779297
E01005521,Rochdale 003C,Rochdale,55.24193548387096,49.405917817536356,57.688052563350915,59.188262939453125
E01005522,Rochdale 001C,Rochdale,45.29262086513995,49.405917817536356,49.28935842784694,50.880088806152344
E01005523,Rochdale 001D,Rochdale,36.096256684491976,49.405917817536356,38.94260518105094,40.20212936401367
E01005524,Rochdale 021A,Rochdale,49.787234042553195,49.405917817536356,54.214025242123,52.38832092285156
E01005525,Rochdale 021B,Rochdale,27.39420935412027,49.405917817536356,36.27127127974805,38.984397888183594
E01005526,Rochdale 021C,Rochdale,16.417910447761187,49.405917817536356,24.14474621467474,21.543251037597656
E01005527,Rochdale 022A,Rochdale,9.47712418300653,49.405917817536356,16.93599353376438,22.098432540893555
E01005528,Rochdale 021D,Rochdale,45.38745387453874,49.405917817536356,47.58403822467178,46.21406936645508
E01005529,Rochdale 022B,Rochdale,18.84498480243161,49.405917817536356,31.722513559153395,30.351306915283203
E01005530,Rochdale 025A,Rochdale,66.66666666666666,49.405917817536356,64.57757122872893,64.42768859863281
E01005531,Rochdale 025B,Rochdale,42.69662921348314,49.405917817536356,56.8556322340965,54.284400939941406
E01005532,Rochdale 025C,Rochdale,22.64808362369338,49.405917817536356,33.150572255735305,32.53691864013672
E01005533,Rochdale 024A,Rochdale,46.68769716088328,49.405917817536356,48.84407091656498,48.688968658447266
E01005534,Rochdale 023A,Rochdale,33.582089552238806,49.405917817536356,46.655229927014105,46.40434265136719
E01005535,Rochdale 023B,Rochdale,42.71523178807947,49.405917817536356,46.234245723855125,47.98731994628906
E01005536,Rochdale 021E,Rochdale,37.27034120734908,49.405917817536356,45.75485088611862,45.084312438964844
E01005537,Rochdale 023C,Rochdale,53.5483870967742,49.405917817536356,62.30123827800076,69.51907348632812
E01005538,Rochdale 023D,Rochdale,37.44493392070485,49.405917817536356,46.06197093042217,46.59601593017578
E01005539,Rochdale 024B,Rochdale,41.43302180685358,49.405917817536356,53.5105496936955,46.99507522583008
E01005540,Rochdale 023E,Rochdale,24.60732984293193,49.405917817536356,32.09759307657283,34.36123275756836
E01005541,Rochdale 023F,Rochdale,57.19844357976653,49.405917817536356,60.5830547465998,62.157928466796875
E01005542,Rochdale 023G,Rochdale,30.930930930930927,49.405917817536356,46.00762291016064,45.50724411010742
E01005543,Rochdale 021F,Rochdale,61.48648648648649,49.405917817536356,61.05800987210471,63.00309371948242
E01005544,Rochdale 025D,Rochdale,67.5392670157068,49.405917817536356,72.10110582632123,72.35782623291016
E01005545,Rochdale 025E,Rochdale,58.94039735099338,49.405917817536356,57.981458985960124,57.233924865722656
E01005546,Rochdale 024C,Rochdale,38.0,49.405917817536356,48.42049112775722,46.176998138427734
E01005547,Rochdale 024D,Rochdale,42.01183431952662,49.405917817536356,45.14340473179743,46.950748443603516
E01005548,Rochdale 024E,Rochdale,30.35019455252918,49.405917817536356,39.65465594629075,41.34741973876953
E01005549,Rochdale 025F,Rochdale,73.80952380952381,49.405917817536356,72.4599532516177,72.83061981201172
E01005550,Rochdale 025G,Rochdale,74.37185929648241,49.405917817536356,73.5127523205719,72.32074737548828
E01005551,Rochdale 022C,Rochdale,10.17316017316017,49.405917817536356,17.009786657267952,16.72187042236328
E01005552,Rochdale 022D,Rochdale,19.83471074380165,49.405917817536356,27.379558070587507,28.482378005981445
E01005553,Rochdale 022E,Rochdale,29.585798816568047,49.405917817536356,30.994255796018685,30.148168563842773
E01005554,Rochdale 022F,Rochdale,19.47743467933491,49.405917817536356,38.37308980872754,40.18168258666992
E01005555,Rochdale 014A,Rochdale,52.0,49.405917817536356,54.95871778675141,55.689239501953125
E01005556,Rochdale 013A,Rochdale,51.91637630662021,49.405917817536356,57.09208535241756,56.09481430053711
E01005557,Rochdale 014B,Rochdale,73.68421052631578,49.405917817536356,68.3492760643516,69.69860076904297
E01005558,Rochdale 014C,Rochdale,53.333333333333336,49.405917817536356,46.64363070745542,52.825782775878906
E01005559,Rochdale 013B,Rochdale,35.14376996805112,49.405917817536356,33.82697797624764,36.92628479003906
E01005560,Rochdale 013C,Rochdale,63.70967741935484,49.405917817536356,56.13146423545091,54.487953186035156
E01005561,Rochdale 014D,Rochdale,45.0199203187251,49.405917817536356,60.21205739109227,58.37046813964844
E01005562,Rochdale 014E,Rochdale,50.0,49.405917817536356,56.84716032336988,58.74550247192383
E01005563,Rochdale 012B,Rochdale,51.15606936416185,49.405917817536356,51.735402159454914,54.43867111206055
E01005564,Rochdale 015E,Rochdale,38.09523809523809,49.405917817536356,58.023616099457904,56.2935791015625
E01005565,Rochdale 012C,Rochdale,36.206896551724135,49.405917817536356,48.50874109055103,49.13673782348633
E01005566,Rochdale 012D,Rochdale,38.31521739130434,49.405917817536356,45.24610029545656,42.41096878051758
E01005567,Rochdale 013D,Rochdale,37.269372693726936,49.405917817536356,48.86089514371028,49.31986618041992
E01005568,Rochdale 012E,Rochdale,27.819548872180448,49.405917817536356,33.421226956920556,32.44698715209961
E01005569,Rochdale 012F,Rochdale,35.98326359832636,49.405917817536356,42.081881091776246,38.98114013671875
E01005570,Rochdale 007A,Rochdale,63.212435233160626,49.405917817536356,64.43354639111622,66.72757720947266
E01005571,Rochdale 006D,Rochdale,49.17355371900826,49.405917817536356,53.92694770566842,55.95892333984375
E01005572,Rochdale 007B,Rochdale,64.32432432432432,49.405917817536356,63.88074420997212,62.87015914916992
E01005573,Rochdale 007C,Rochdale,51.42857142857142,49.405917817536356,54.105054192877084,51.90163803100586
E01005574,Rochdale 007D,Rochdale,49.75369458128079,49.405917817536356,51.519861071254375,51.43883514404297
E01005575,Rochdale 011B,Rochdale,53.4965034965035,49.405917817536356,62.636915571666016,63.18419647216797
E01005576,Rochdale 011C,Rochdale,64.53488372093024,49.405917817536356,62.33260113718844,63.55829620361328
E01005577,Rochdale 011D,Rochdale,64.63414634146342,49.405917817536356,61.22373076758317,60.833396911621094
E01005578,Rochdale 004A,Rochdale,37.05357142857143,49.405917817536356,41.0915549104719,41.40248489379883
E01005579,Rochdale 004B,Rochdale,50.38461538461539,49.405917817536356,43.982444176544064,44.88363265991211
E01005580,Rochdale 008A,Rochdale,57.5187969924812,49.405917817536356,63.99218762124017,64.5381851196289
E01005581,Rochdale 008B,Rochdale,41.29213483146067,49.405917817536356,50.012265058389545,51.799232482910156
E01005583,Rochdale 008D,Rochdale,39.81900452488687,49.405917817536356,43.96614348004652,45.346397399902344
E01005585,Rochdale 008F,Rochdale,47.13114754098361,49.405917817536356,54.96805457387715,55.56305694580078
E01005586,Rochdale 004C,Rochdale,29.78723404255319,49.405917817536356,36.785703955422704,36.52919006347656
E01005587,Rochdale 007E,Rochdale,49.64539007092198,49.405917817536356,34.10434286392314,37.00604248046875
E01005588,Rochdale 007F,Rochdale,44.64831804281345,49.405917817536356,45.364878471019956,47.06007766723633
E01005589,Rochdale 009B,Rochdale,52.50737463126843,49.405917817536356,62.79269532725049,61.68940734863281
E01005590,Rochdale 009C,Rochdale,56.074766355140184,49.405917817536356,58.54679608854496,59.97132873535156
E01005591,Rochdale 009D,Rochdale,50.171821305841924,49.405917817536356,55.601920120658505,54.901580810546875
E01005592,Rochdale 009E,Rochdale,41.51624548736462,49.405917817536356,42.06243207213726,42.7862663269043
E01005593,Rochdale 004D,Rochdale,20.35928143712574,49.405917817536356,41.55871822099053,41.68525314331055
E01005594,Rochdale 002B,Rochdale,50.0,49.405917817536356,60.37775317266235,61.65581512451172
E01005595,Rochdale 004E,Rochdale,22.69129287598944,49.405917817536356,33.16423522507635,35.3740234375
E01005596,Rochdale 003D,Rochdale,42.24924012158054,49.405917817536356,52.44801314156851,53.1109504699707
E01005597,Rochdale 002C,Rochdale,31.203007518796987,49.405917817536356,47.900131332626835,49.74521255493164
E01005598,Rochdale 002D,Rochdale,55.140186915887845,49.405917817536356,55.0767955081083,54.78669357299805
E01034234,Rochdale 008H,Rochdale,48.25870646766169,49.405917817536356,67.70154389331596,66.06919860839844
E01034235,Rochdale 008I,Rochdale,48.73949579831932,49.405917817536356,54.1781736740581,55.592708587646484
E01005599,Salford 026A,Salford,38.0184331797235,50.35273418875148,43.733252658077554,37.68108367919922
E01005600,Salford 026B,Salford,24.63503649635036,50.35273418875148,41.395909440313396,42.3483772277832
E01005601,Salford 026C,Salford,46.710526315789465,50.35273418875148,44.947078987859825,38.62483215332031
E01005602,Salford 026D,Salford,50.0,50.35273418875148,27.033793295230627,27.012134552001953
E01005603,Salford 027A,Salford,50.24038461538461,50.35273418875148,45.779688903055686,46.28434371948242
E01005604,Salford 027B,Salford,42.75862068965517,50.35273418875148,44.86609018606845,48.88350296020508
E01005605,Salford 027C,Salford,47.20812182741117,50.35273418875148,48.02646548395278,49.062259674072266
E01005610,Salford 034C,Salford,3.65296803652968,50.35273418875148,24.290290905071974,27.148317337036133
E01005611,Salford 032C,Salford,33.17901234567901,50.35273418875148,34.139602377278116,31.125080108642578
E01005612,Salford 031B,Salford,11.42857142857142,50.35273418875148,23.816280142400334,22.888051986694336
E01005613,Salford 031A,Salford,41.556291390728475,50.35273418875148,37.70224448712561,38.85111618041992
E01005614,Salford 031C,Salford,47.349823321554766,50.35273418875148,47.27959123383109,45.78522491455078
E01005615,Salford 032D,Salford,64.453125,50.35273418875148,56.846603187072496,56.64558410644531
E01005616,Salford 030A,Salford,49.52380952380952,50.35273418875148,41.56039452233712,41.949432373046875
E01005617,Salford 030B,Salford,70.25641025641025,50.35273418875148,58.73283996441866,58.971805572509766
E01005618,Salford 030C,Salford,50.76142131979695,50.35273418875148,47.99942310117301,49.81542205810547
E01005619,Salford 030D,Salford,63.5,50.35273418875148,59.25806151186863,57.89386749267578
E01005620,Salford 030E,Salford,41.801385681293304,50.35273418875148,39.26440170749159,40.86433029174805
E01005621,Salford 030F,Salford,35.1010101010101,50.35273418875148,41.616281520707155,38.32195281982422
E01005622,Salford 018A,Salford,69.70588235294117,50.35273418875148,70.00400016725364,72.40498352050781
E01005623,Salford 018B,Salford,82.48587570621469,50.35273418875148,75.3802321128256,76.58821868896484
E01005624,Salford 017A,Salford,44.52380952380952,50.35273418875148,43.59055517791347,43.40444564819336
E01005625,Salford 015A,Salford,53.990610328638496,50.35273418875148,52.922455263466354,49.81573486328125
E01005626,Salford 018C,Salford,67.16417910447761,50.35273418875148,70.30615134753934,69.99958801269531
E01005627,Salford 015B,Salford,60.150375939849624,50.35273418875148,71.16490172738422,69.05706024169922
E01005628,Salford 018D,Salford,57.798165137614674,50.35273418875148,54.889384805623756,56.69833755493164
E01005629,Salford 021A,Salford,47.41641337386018,50.35273418875148,51.78775915766538,55.76576232910156
E01005630,Salford 021B,Salford,59.46969696969697,50.35273418875148,59.08836177127067,60.518253326416016
E01005631,Salford 020A,Salford,44.51450189155107,50.35273418875148,28.707059752178225,34.619991302490234
E01005632,Salford 020B,Salford,30.630630630630627,50.35273418875148,38.45998649769496,36.527626037597656
E01005633,Salford 020C,Salford,35.60975609756097,50.35273418875148,45.0772772363516,44.52759552001953
E01005634,Salford 020D,Salford,62.33766233766234,50.35273418875148,64.41922937010284,62.288795471191406
E01005635,Salford 020E,Salford,62.70718232044199,50.35273418875148,57.81458084798774,59.78769302368164
E01005636,Salford 020F,Salford,37.38317757009345,50.35273418875148,40.17619080777119,39.632999420166016
E01005637,Salford 020G,Salford,52.567975830815705,50.35273418875148,51.83759165875853,54.31751251220703
E01005638,Salford 027D,Salford,38.656987295825765,50.35273418875148,47.301472801461394,49.51011276245117
E01005639,Salford 029A,Salford,21.58590308370044,50.35273418875148,45.99379769651161,46.10413360595703
E01005640,Salford 029B,Salford,46.35416666666667,50.35273418875148,43.224807408054595,40.5949592590332
E01005641,Salford 029C,Salford,51.76470588235295,50.35273418875148,43.42699608812523,45.47821044921875
E01005642,Salford 029D,Salford,47.14285714285714,50.35273418875148,44.28331638689064,39.01520538330078
E01005643,Salford 029E,Salford,64.60176991150442,50.35273418875148,54.45393965436608,53.94949722290039
E01005644,Salford 029F,Salford,55.25114155251142,50.35273418875148,51.92277241194161,51.2164421081543
E01005645,Salford 029G,Salford,58.490566037735846,50.35273418875148,61.563882307798785,59.63843536376953
E01005646,Salford 010A,Salford,38.38383838383838,50.35273418875148,40.94011638023927,41.003875732421875
E01005647,Salford 011A,Salford,44.827586206896555,50.35273418875148,53.837856301836325,54.06974792480469
E01005648,Salford 011B,Salford,45.34883720930232,50.35273418875148,44.7591770658297,48.214839935302734
E01005649,Salford 010B,Salford,47.35294117647058,50.35273418875148,58.008755201846625,55.71144485473633
E01005650,Salford 010C,Salford,38.82063882063882,50.35273418875148,46.29609718201911,44.20274353027344
E01005651,Salford 010D,Salford,48.412698412698404,50.35273418875148,47.55368452428467,46.72333908081055
E01005652,Salford 011C,Salford,39.08045977011494,50.35273418875148,48.932467675383805,46.439266204833984
E01005653,Salford 011D,Salford,51.02564102564102,50.35273418875148,53.78416632020482,56.45933532714844
E01005654,Salford 023A,Salford,36.63522012578616,50.35273418875148,40.79746728808458,40.68272399902344
E01005656,Salford 023B,Salford,46.882217090069275,50.35273418875148,54.048920433796816,54.9106559753418
E01005657,Salford 023C,Salford,51.3953488372093,50.35273418875148,51.0014928912366,48.10165023803711
E01005659,Salford 001A,Salford,30.02754820936639,50.35273418875148,35.191886259135025,36.3194580078125
E01005660,Salford 001B,Salford,24.01129943502825,50.35273418875148,28.0723255247222,28.090499877929688
E01005661,Salford 004A,Salford,32.37179487179487,50.35273418875148,38.2453824208523,35.435997009277344
E01005662,Salford 004B,Salford,35.0,50.35273418875148,46.50029990363568,39.627418518066406
E01005663,Salford 001C,Salford,24.69879518072289,50.35273418875148,42.26595330532767,41.31713104248047
E01005664,Salford 001D,Salford,33.12302839116719,50.35273418875148,39.174832010857656,33.15204620361328
E01005665,Salford 001E,Salford,12.80898876404494,50.35273418875148,21.473288690259665,18.21647071838379
E01005667,Salford 035C,Salford,12.48322147651006,50.35273418875148,26.906244963172764,28.662588119506836
E01005670,Salford 005A,Salford,27.29805013927576,50.35273418875148,35.36004806122051,35.80037307739258
E01005671,Salford 012A,Salford,39.55431754874652,50.35273418875148,41.837805123930266,43.55351257324219
E01005672,Salford 005B,Salford,66.78700361010831,50.35273418875148,55.801299339840384,57.63148880004883
E01005673,Salford 008A,Salford,43.65079365079365,50.35273418875148,48.76266835686206,50.5837287902832
E01005674,Salford 012B,Salford,45.378151260504204,50.35273418875148,55.9038224251799,55.167564392089844
E01005676,Salford 005C,Salford,51.65562913907284,50.35273418875148,49.12611989644841,42.023563385009766
E01005677,Salford 005D,Salford,58.189655172413794,50.35273418875148,44.73675072350166,46.39738464355469
E01005678,Salford 008C,Salford,32.66932270916334,50.35273418875148,44.40686557611799,41.85346221923828
E01005679,Salford 008D,Salford,34.42211055276382,50.35273418875148,34.294313026310306,35.23814010620117
E01005680,Salford 017B,Salford,42.85714285714285,50.35273418875148,34.472355024891286,36.71259689331055
E01005681,Salford 024C,Salford,16.97530864197531,50.35273418875148,28.451845146855067,37.35767364501953
E01005682,Salford 024D,Salford,5.43209876543209,50.35273418875148,24.706479926993307,25.125961303710938
E01005683,Salford 017C,Salford,6.77083333333333,50.35273418875148,32.7890007584716,29.549701690673828
E01005686,Salford 006A,Salford,53.61842105263158,50.35273418875148,58.609029927354385,59.634971618652344
E01005687,Salford 009A,Salford,54.18994413407822,50.35273418875148,56.23072562034008,56.77604675292969
E01005688,Salford 006B,Salford,47.88732394366197,50.35273418875148,46.7025978950995,49.02550506591797
E01005689,Salford 009B,Salford,21.25,50.35273418875148,37.823489016123155,38.21579360961914
E01005690,Salford 009C,Salford,55.430711610486895,50.35273418875148,56.83118177246255,56.63560485839844
E01005691,Salford 006C,Salford,52.04918032786885,50.35273418875148,48.15274676875101,48.568153381347656
E01005692,Salford 006D,Salford,28.03970223325062,50.35273418875148,34.732281986338585,33.52288055419922
E01005693,Salford 009D,Salford,59.54545454545455,50.35273418875148,64.45425253491877,62.58623504638672
E01005694,Salford 012C,Salford,42.90322580645161,50.35273418875148,47.70289166283602,44.38477325439453
E01005695,Salford 014A,Salford,56.98324022346368,50.35273418875148,59.460560911294394,57.91542434692383
E01005696,Salford 012D,Salford,37.604456824512525,50.35273418875148,47.329515236588946,45.39186477661133
E01005697,Salford 014B,Salford,66.66666666666666,50.35273418875148,64.72958422179583,64.78506469726562
E01005698,Salford 012E,Salford,33.00970873786408,50.35273418875148,34.36017935252255,35.5063591003418
E01005699,Salford 015C,Salford,61.057692307692314,50.35273418875148,60.34542701039501,60.32693862915039
E01005700,Salford 012F,Salford,51.26353790613718,50.35273418875148,51.574752123419564,52.42502212524414
E01005701,Salford 015D,Salford,50.92592592592593,50.35273418875148,55.37007590493214,55.758033752441406
E01005702,Salford 003A,Salford,20.85385878489326,50.35273418875148,39.46254425596925,40.08130645751953
E01005703,Salford 002A,Salford,25.187032418952622,50.35273418875148,37.625356025012024,34.506507873535156
E01005704,Salford 002B,Salford,49.36170212765957,50.35273418875148,54.264205736513716,50.66273880004883
E01005706,Salford 002C,Salford,46.043165467625904,50.35273418875148,43.121834648628116,45.75910949707031
E01005707,Salford 003C,Salford,25.537634408602152,50.35273418875148,35.84161904106736,33.465797424316406
E01005708,Salford 002D,Salford,34.731934731934736,50.35273418875148,38.34008143312353,37.89613342285156
E01005709,Salford 004C,Salford,20.83333333333333,50.35273418875148,40.13822041622766,37.97794723510742
E01005710,Salford 004D,Salford,20.48,50.35273418875148,35.36365091571262,35.930938720703125
E01005711,Salford 007A,Salford,50.199203187250994,50.35273418875148,57.86896464275299,55.6822624206543
E01005712,Salford 007B,Salford,37.1002132196162,50.35273418875148,47.50439192623509,49.34547424316406
E01005713,Salford 007C,Salford,51.00401606425703,50.35273418875148,72.46562432589457,71.3790283203125
E01005714,Salford 007D,Salford,29.87421383647798,50.35273418875148,48.305869290143214,48.97615432739258
E01005715,Salford 007E,Salford,53.979238754325266,50.35273418875148,61.745729140428615,59.4891242980957
E01005716,Salford 013A,Salford,40.70351758793969,50.35273418875148,35.4277856047628,36.54971694946289
E01005717,Salford 013B,Salford,31.770833333333332,50.35273418875148,33.55968275447144,38.182682037353516
E01005718,Salford 007F,Salford,42.40837696335078,50.35273418875148,41.46884264296523,38.563846588134766
E01005719,Salford 021C,Salford,27.287066246056778,50.35273418875148,35.585066295102365,37.4136848449707
E01005721,Salford 023D,Salford,35.27777777777778,50.35273418875148,47.01997014622284,45.6971435546875
E01005722,Salford 021E,Salford,38.24130879345603,50.35273418875148,49.93829029355437,48.15513229370117
E01005723,Salford 021F,Salford,26.37362637362637,50.35273418875148,35.06235376672215,34.78129196166992
E01005724,Salford 021G,Salford,48.54771784232365,50.35273418875148,56.5101226408905,54.521453857421875
E01005725,Salford 019A,Salford,27.40384615384615,50.35273418875148,40.86858623416565,37.24774932861328
E01005726,Salford 019B,Salford,58.2995951417004,50.35273418875148,53.55578666637999,53.02830123901367
E01005727,Salford 019C,Salford,53.43283582089552,50.35273418875148,38.13207221259948,38.75655746459961
E01005728,Salford 019D,Salford,50.20746887966805,50.35273418875148,63.099811273965216,64.30156707763672
E01005729,Salford 025A,Salford,22.96918767507002,50.35273418875148,28.618356762123568,30.229135513305664
E01005730,Salford 025B,Salford,44.6875,50.35273418875148,47.023848820983844,50.06119155883789
E01005731,Salford 025C,Salford,28.82882882882883,50.35273418875148,36.40592316193605,34.53654479980469
E01005732,Salford 025D,Salford,33.70165745856354,50.35273418875148,31.183600377130073,30.027297973632812
E01005733,Salford 019E,Salford,59.541984732824424,50.35273418875148,46.56250445231312,47.72079849243164
E01005734,Salford 013C,Salford,50.210970464135016,50.35273418875148,56.95366310173356,56.53171157836914
E01005735,Salford 013D,Salford,63.013698630136986,50.35273418875148,68.37584828322395,70.32876586914062
E01005736,Salford 013E,Salford,49.30875576036866,50.35273418875148,53.99444647133939,50.71072769165039
E01005737,Salford 013F,Salford,52.9126213592233,50.35273418875148,58.11162977900213,52.63028335571289
E01005738,Salford 014C,Salford,43.24324324324324,50.35273418875148,54.39802788208332,51.61943817138672
E01005739,Salford 013G,Salford,29.819277108433727,50.35273418875148,34.019137263353805,35.94450378417969
E01005740,Salford 014D,Salford,44.30894308943089,50.35273418875148,58.06768697023257,58.2052001953125
E01005741,Salford 014E,Salford,48.78048780487805,50.35273418875148,62.5848764109798,63.533447265625
E01005742,Salford 014F,Salford,57.327586206896555,50.35273418875148,61.069799712520904,62.43895721435547
E01032684,Salford 034D,Salford,31.67938931297709,50.35273418875148,18.390652348307228,21.85724449157715
E01032906,Salford 034E,Salford,8.06368772470467,50.35273418875148,16.211713106730514,16.128517150878906
E01032909,Salford 033F,Salford,5.11520737327188,50.35273418875148,11.186714690434963,9.718400001525879
E01032912,Salford 035B,Salford,7.3170731707317,50.35273418875148,16.84080720323608,12.384705543518066
E01032914,Salford 035A,Salford,13.05220883534136,50.35273418875148,29.405517084677875,15.483333587646484
E01032915,Salford 036C,Salford,8.51755526657997,50.35273418875148,15.52435485347718,18.03166389465332
E01033330,Salford 033E,Salford,21.762589928057547,50.35273418875148,27.12225513852381,33.10287094116211
E01033976,Salford 003D,Salford,10.6060606060606,50.35273418875148,37.50417423079228,36.51461410522461
E01033977,Salford 003E,Salford,31.10236220472441,50.35273418875148,39.43533181065163,39.98883056640625
E01033978,Salford 008E,Salford,26.29107981220657,50.35273418875148,22.06886730520396,28.67038917541504
E01033979,Salford 008F,Salford,24.489795918367342,50.35273418875148,53.5079542554965,52.95965576171875
E01033980,Salford 017G,Salford,18.91025641025641,50.35273418875148,31.42390193818878,23.389408111572266
E01033981,Salford 017H,Salford,31.41122913505311,50.35273418875148,36.36030310567192,34.25597381591797
E01033982,Salford 021H,Salford,44.03292181069959,50.35273418875148,43.4691912257285,41.28715133666992
E01033983,Salford 021I,Salford,22.4907063197026,50.35273418875148,21.951779212240815,22.87145233154297
E01033984,Salford 024E,Salford,17.77188328912466,50.35273418875148,28.73650254170197,32.30232238769531
E01033985,Salford 032A,Salford,8.311688311688311,50.35273418875148,16.678446238730857,10.04028034210205
E01033986,Salford 032B,Salford,1.60183066361556,50.35273418875148,12.87631407129529,14.958492279052734
E01033987,Salford 033A,Salford,5.09745127436281,50.35273418875148,16.770695812866084,15.822070121765137
E01033988,Salford 033B,Salford,4.398020890599231,50.35273418875148,7.270105906238434,7.908567428588867
E01033989,Salford 033C,Salford,24.5982694684796,50.35273418875148,28.398394026261613,18.31927490234375
E01033990,Salford 033D,Salford,1.23203285420944,50.35273418875148,7.23303659391311,9.250007629394531
E01033991,Salford 034A,Salford,13.589211618257261,50.35273418875148,20.404240947026,23.242889404296875
E01033992,Salford 034B,Salford,1.03204780010863,50.35273418875148,10.402790280264734,7.834049224853516
E01033993,Salford 036A,Salford,6.75403225806451,50.35273418875148,18.903842688979726,13.12185287475586
E01033994,Salford 036B,Salford,2.66429840142095,50.35273418875148,8.27147855849635,9.377276420593262
E01033995,Salford 037A,Salford,1.40056022408963,50.35273418875148,8.035558242426115,6.806122779846191
E01033996,Salford 037B,Salford,6.577181208053689,50.35273418875148,10.274599085252161,9.304736137390137
E01033997,Salford 037C,Salford,10.48,50.35273418875148,8.7631129117622,7.8845906257629395
E01033998,Salford 037D,Salford,5.61403508771929,50.35273418875148,14.359548977775452,10.488462448120117
E01033999,Salford 037E,Salford,6.52173913043478,50.35273418875148,9.327231915591605,6.82780647277832
E01005743,Stockport 009A,Stockport,75.84269662921348,47.8597701203621,66.74937133983107,68.22758483886719
E01005744,Stockport 009B,Stockport,41.56378600823045,47.8597701203621,45.277810717152924,49.49350357055664
E01005745,Stockport 005A,Stockport,67.0391061452514,47.8597701203621,60.89645817092128,61.561649322509766
E01005746,Stockport 005B,Stockport,40.98360655737705,47.8597701203621,38.12573814580204,41.7402458190918
E01005747,Stockport 005C,Stockport,70.34883720930233,47.8597701203621,70.12691690629076,69.72601318359375
E01005748,Stockport 005D,Stockport,72.08121827411168,47.8597701203621,67.94418473073164,69.05150604248047
E01005749,Stockport 009C,Stockport,52.60869565217391,47.8597701203621,46.427544148664865,49.145912170410156
E01005750,Stockport 009D,Stockport,70.6896551724138,47.8597701203621,66.97370915765389,65.0853500366211
E01005751,Stockport 009E,Stockport,72.88888888888889,47.8597701203621,63.10605584390113,65.23287963867188
E01005752,Stockport 012A,Stockport,37.96992481203007,47.8597701203621,38.05290326640514,35.520973205566406
E01005753,Stockport 004A,Stockport,43.38624338624338,47.8597701203621,40.83229753611339,37.7065544128418
E01005754,Stockport 004B,Stockport,32.97101449275362,47.8597701203621,25.830851648911352,30.290834426879883
E01005755,Stockport 004C,Stockport,52.55813953488372,47.8597701203621,38.80602882206881,36.31962585449219
E01005756,Stockport 004D,Stockport,13.65638766519823,47.8597701203621,32.113991888348394,35.91679382324219
E01005757,Stockport 014A,Stockport,69.89247311827957,47.8597701203621,62.438721853714824,64.12979125976562
E01005759,Stockport 023A,Stockport,50.0,47.8597701203621,44.02910432367821,46.265953063964844
E01005760,Stockport 023B,Stockport,61.87214611872146,47.8597701203621,63.04359266091187,60.44054412841797
E01005761,Stockport 026A,Stockport,64.79591836734694,47.8597701203621,56.32674533376094,53.768890380859375
E01005762,Stockport 026B,Stockport,18.69158878504672,47.8597701203621,31.594655664027183,31.923952102661133
E01005763,Stockport 026C,Stockport,51.741293532338304,47.8597701203621,35.78037087777459,36.451148986816406
E01005764,Stockport 016A,Stockport,79.54545454545455,47.8597701203621,66.52407422726017,64.78626251220703
E01005765,Stockport 018A,Stockport,77.90697674418605,47.8597701203621,64.01790908269254,64.41780090332031
E01005766,Stockport 014C,Stockport,46.71201814058957,47.8597701203621,48.61910189587653,51.23183059692383
E01005767,Stockport 028A,Stockport,72.3076923076923,47.8597701203621,68.6596926147595,70.25773620605469
E01005768,Stockport 025A,Stockport,43.925233644859816,47.8597701203621,68.50768388876087,67.97042846679688
E01005769,Stockport 022A,Stockport,55.05882352941176,47.8597701203621,55.498055101529836,56.68470764160156
E01005770,Stockport 025B,Stockport,47.199999999999996,47.8597701203621,51.090999502009055,49.18489456176758
E01005771,Stockport 025C,Stockport,65.81632653061224,47.8597701203621,68.19149791232488,66.03266143798828
E01005772,Stockport 028B,Stockport,67.36842105263158,47.8597701203621,64.01761182694541,64.392578125
E01005773,Stockport 028C,Stockport,59.64912280701754,47.8597701203621,53.490401594580355,56.655887603759766
E01005774,Stockport 028D,Stockport,40.94827586206896,47.8597701203621,37.78662703468139,40.205474853515625
E01005775,Stockport 025D,Stockport,66.38297872340425,47.8597701203621,70.02038272956261,68.40143585205078
E01005776,Stockport 028E,Stockport,59.54545454545455,47.8597701203621,63.50931226982539,64.31900024414062
E01005777,Stockport 034A,Stockport,71.42857142857143,47.8597701203621,60.1699862824568,58.07183837890625
E01005778,Stockport 022B,Stockport,73.5632183908046,47.8597701203621,60.28446328179378,58.913055419921875
E01005779,Stockport 022C,Stockport,71.42857142857143,47.8597701203621,65.78559923481099,68.81723022460938
E01005780,Stockport 022D,Stockport,65.76086956521739,47.8597701203621,52.20455927229211,54.40250778198242
E01005781,Stockport 022E,Stockport,47.64267990074441,47.8597701203621,38.134087848074785,32.74422836303711
E01005782,Stockport 030A,Stockport,58.88324873096447,47.8597701203621,61.448096276769334,62.111576080322266
E01005783,Stockport 030B,Stockport,56.14973262032086,47.8597701203621,65.04608228208826,61.2787971496582
E01005784,Stockport 030C,Stockport,57.51633986928104,47.8597701203621,59.55380398683718,59.04070281982422
E01005785,Stockport 030D,Stockport,74.87179487179488,47.8597701203621,68.99567230306967,66.24867248535156
E01005786,Stockport 030E,Stockport,37.89173789173789,47.8597701203621,65.8351513962691,60.43320846557617
E01005787,Stockport 034B,Stockport,62.96296296296296,47.8597701203621,65.84256457637584,69.55731964111328
E01005788,Stockport 034C,Stockport,58.41121495327103,47.8597701203621,58.409079908216405,58.231163024902344
E01005789,Stockport 039A,Stockport,54.074074074074076,47.8597701203621,46.17456607565011,50.41651916503906
E01005790,Stockport 034D,Stockport,31.25,47.8597701203621,48.51282391161785,45.473812103271484
E01005791,Stockport 039B,Stockport,67.36842105263158,47.8597701203621,62.32949628811177,63.26683807373047
E01005792,Stockport 041A,Stockport,68.02325581395348,47.8597701203621,66.09287606188428,68.15330505371094
E01005793,Stockport 039C,Stockport,49.763033175355446,47.8597701203621,62.948884486473084,57.984981536865234
E01005794,Stockport 041B,Stockport,64.4927536231884,47.8597701203621,71.60200579688981,72.34722900390625
E01005795,Stockport 039D,Stockport,65.13157894736842,47.8597701203621,67.74267627438923,66.91471862792969
E01005796,Stockport 039E,Stockport,59.50413223140496,47.8597701203621,66.66517389305541,65.73613739013672
E01005797,Stockport 023C,Stockport,70.7936507936508,47.8597701203621,64.65301830678555,61.62436294555664
E01005798,Stockport 027A,Stockport,59.09090909090909,47.8597701203621,55.84010472736188,57.88249969482422
E01005799,Stockport 026D,Stockport,43.45549738219895,47.8597701203621,35.51547921035087,33.927162170410156
E01005800,Stockport 023D,Stockport,61.82572614107884,47.8597701203621,64.7598407496309,65.517333984375
E01005801,Stockport 027B,Stockport,41.56769596199525,47.8597701203621,64.09091939091549,63.2886848449707
E01005802,Stockport 027C,Stockport,81.18279569892472,47.8597701203621,72.43053601133374,69.76891326904297
E01005803,Stockport 027D,Stockport,68.98395721925134,47.8597701203621,74.56667586512488,71.2024154663086
E01005804,Stockport 023E,Stockport,74.35897435897436,47.8597701203621,59.87055821799542,61.46286392211914
E01005805,Stockport 035A,Stockport,65.51724137931035,47.8597701203621,69.05844317453844,67.06027221679688
E01005806,Stockport 033A,Stockport,64.82758620689654,47.8597701203621,69.34780490571363,70.49443817138672
E01005807,Stockport 035B,Stockport,72.94117647058823,47.8597701203621,76.14339590224427,75.25741577148438
E01005808,Stockport 037A,Stockport,80.2547770700637,47.8597701203621,74.25225376935828,74.36090850830078
E01005809,Stockport 037B,Stockport,64.84848484848484,47.8597701203621,67.2393139969895,67.4903793334961
E01005810,Stockport 037C,Stockport,67.9324894514768,47.8597701203621,67.14254855130963,65.02694702148438
E01005811,Stockport 037D,Stockport,53.20197044334976,47.8597701203621,63.47621474903708,62.3444709777832
E01005812,Stockport 037E,Stockport,69.44444444444444,47.8597701203621,68.17480808386283,68.35423278808594
E01005813,Stockport 033B,Stockport,67.35751295336787,47.8597701203621,67.85323590143976,64.8460922241211
E01005814,Stockport 033C,Stockport,64.74358974358975,47.8597701203621,67.3490927075843,70.8820571899414
E01005815,Stockport 033D,Stockport,72.89156626506023,47.8597701203621,72.70572068924457,72.751708984375
E01005816,Stockport 016B,Stockport,75.64935064935064,47.8597701203621,65.31241435945411,66.46461486816406
E01005817,Stockport 016C,Stockport,79.09407665505228,47.8597701203621,66.95012958916139,66.56629180908203
E01005818,Stockport 018B,Stockport,69.84924623115577,47.8597701203621,58.74080816810172,59.73759078979492
E01005819,Stockport 018C,Stockport,80.21390374331551,47.8597701203621,65.19633700754694,65.47828674316406
E01005820,Stockport 018D,Stockport,80.99547511312217,47.8597701203621,66.67330523645536,67.84800720214844
E01005821,Stockport 018E,Stockport,71.36363636363636,47.8597701203621,56.63302976586562,59.94217300415039
E01005822,Stockport 016D,Stockport,35.05917159763314,47.8597701203621,38.03124526607854,38.02230453491211
E01005823,Stockport 018F,Stockport,54.14847161572053,47.8597701203621,52.51697140837911,53.306678771972656
E01005824,Stockport 024A,Stockport,68.0952380952381,47.8597701203621,60.54453343422054,59.26988220214844
E01005825,Stockport 019A,Stockport,54.12844036697248,47.8597701203621,49.264112811168474,53.1571159362793
E01005826,Stockport 024B,Stockport,29.03225806451613,47.8597701203621,39.50955800523724,36.99725341796875
E01005827,Stockport 024C,Stockport,54.741379310344826,47.8597701203621,67.42274445356756,66.33222961425781
E01005828,Stockport 024D,Stockport,48.20717131474104,47.8597701203621,29.268051688502037,26.67755889892578
E01005829,Stockport 024E,Stockport,55.072463768115945,47.8597701203621,49.992268182482896,49.343292236328125
E01005830,Stockport 027E,Stockport,51.89504373177842,47.8597701203621,54.37209758721384,57.201560974121094
E01005831,Stockport 027F,Stockport,74.16974169741697,47.8597701203621,65.32535173236485,64.55039978027344
E01005832,Stockport 021A,Stockport,63.39285714285714,47.8597701203621,51.60347895771488,52.16890335083008
E01005833,Stockport 021B,Stockport,43.04635761589404,47.8597701203621,28.60965637748298,33.31209182739258
E01005834,Stockport 031A,Stockport,40.0,47.8597701203621,51.80215219632943,49.226078033447266
E01005835,Stockport 021C,Stockport,66.66666666666666,47.8597701203621,68.74327621187044,68.26949310302734
E01005836,Stockport 031B,Stockport,59.66101694915255,47.8597701203621,52.31959308230566,53.621341705322266
E01005837,Stockport 021D,Stockport,63.03317535545023,47.8597701203621,62.167577537450065,62.743160247802734
E01005838,Stockport 031C,Stockport,62.450592885375485,47.8597701203621,59.014103881310476,60.65903854370117
E01005839,Stockport 035C,Stockport,68.14814814814815,47.8597701203621,68.47638108021764,72.62923431396484
E01005840,Stockport 031D,Stockport,56.12535612535613,47.8597701203621,52.44003227989337,53.255035400390625
E01005841,Stockport 035D,Stockport,47.98206278026906,47.8597701203621,46.826067081707855,45.9232292175293
E01005842,Stockport 038A,Stockport,71.06598984771574,47.8597701203621,66.6429563115667,67.07759857177734
E01005843,Stockport 021E,Stockport,70.1657458563536,47.8597701203621,66.69853657826555,66.06137084960938
E01005844,Stockport 036A,Stockport,56.353591160220994,47.8597701203621,63.68716256447792,65.00605773925781
E01005845,Stockport 036B,Stockport,72.3076923076923,47.8597701203621,67.70977947936522,69.15232849121094
E01005846,Stockport 040A,Stockport,61.92893401015228,47.8597701203621,63.810865700565145,63.312828063964844
E01005847,Stockport 040B,Stockport,53.74449339207048,47.8597701203621,63.60576877467425,63.73521423339844
E01005848,Stockport 040C,Stockport,32.80182232346241,47.8597701203621,28.443190114028408,30.971588134765625
E01005849,Stockport 036C,Stockport,65.48672566371681,47.8597701203621,65.09671101960028,66.83707427978516
E01005850,Stockport 040D,Stockport,48.837209302325576,47.8597701203621,59.46184356517512,54.494258880615234
E01005851,Stockport 036D,Stockport,77.43362831858407,47.8597701203621,71.91572351625607,73.5799560546875
E01005852,Stockport 013A,Stockport,50.43988269794721,47.8597701203621,48.534306121093245,48.4045295715332
E01005853,Stockport 011A,Stockport,55.208333333333336,47.8597701203621,48.19459269045962,44.40909957885742
E01005854,Stockport 013B,Stockport,78.16091954022988,47.8597701203621,72.13880333780159,69.47258758544922
E01005855,Stockport 013C,Stockport,61.5,47.8597701203621,70.85644975753186,67.5468521118164
E01005856,Stockport 011B,Stockport,68.20276497695853,47.8597701203621,69.7458321104738,67.23690032958984
E01005857,Stockport 013D,Stockport,53.57142857142857,47.8597701203621,62.77368833913253,63.38850021362305
E01005858,Stockport 013E,Stockport,52.972972972972975,47.8597701203621,49.850599530656,52.524635314941406
E01005859,Stockport 008A,Stockport,57.05705705705706,47.8597701203621,55.86263111228897,59.051979064941406
E01005860,Stockport 011C,Stockport,73.29192546583852,47.8597701203621,74.27255558605505,71.16310119628906
E01005861,Stockport 011D,Stockport,63.13725490196078,47.8597701203621,60.16947571326571,54.632469177246094
E01005862,Stockport 003A,Stockport,68.09815950920245,47.8597701203621,69.01447821786094,66.03327941894531
E01005863,Stockport 006A,Stockport,56.91823899371069,47.8597701203621,59.962096779814914,61.60097885131836
E01005864,Stockport 006B,Stockport,64.55696202531645,47.8597701203621,65.91980620512399,65.06317901611328
E01005865,Stockport 008B,Stockport,49.264705882352935,47.8597701203621,62.426499580702576,62.05278778076172
E01005866,Stockport 006C,Stockport,63.63636363636363,47.8597701203621,60.20645428002459,61.98432159423828
E01005867,Stockport 008C,Stockport,59.23076923076923,47.8597701203621,58.35110719671445,59.35212326049805
E01005868,Stockport 008D,Stockport,69.0909090909091,47.8597701203621,69.09500677718427,69.927978515625
E01005869,Stockport 006D,Stockport,67.24890829694323,47.8597701203621,57.38841998366491,59.28147888183594
E01005870,Stockport 015A,Stockport,68.28193832599119,47.8597701203621,59.177509590703835,61.952335357666016
E01005871,Stockport 015B,Stockport,63.20754716981132,47.8597701203621,66.03346773568572,65.8581314086914
E01005872,Stockport 019B,Stockport,61.91950464396285,47.8597701203621,59.11788989372122,62.436676025390625
E01005873,Stockport 015C,Stockport,70.55555555555556,47.8597701203621,68.43290124341743,69.45945739746094
E01005874,Stockport 019C,Stockport,24.01960784313725,47.8597701203621,34.379058993823776,31.47614097595215
E01005875,Stockport 015D,Stockport,54.276315789473685,47.8597701203621,47.50464220595884,45.76961135864258
E01005876,Stockport 019D,Stockport,72.11538461538461,47.8597701203621,67.86361486187984,64.99545288085938
E01005877,Stockport 019E,Stockport,43.269230769230774,47.8597701203621,56.578155496521745,54.376365661621094
E01005878,Stockport 020A,Stockport,29.04290429042904,47.8597701203621,48.564812713893154,44.680606842041016
E01005879,Stockport 020B,Stockport,67.7570093457944,47.8597701203621,61.54543839137587,60.535980224609375
E01005880,Stockport 017A,Stockport,70.81545064377683,47.8597701203621,67.01857715157415,66.42253875732422
E01005881,Stockport 017B,Stockport,72.5,47.8597701203621,65.75006774443867,69.09724426269531
E01005882,Stockport 020C,Stockport,48.21428571428571,47.8597701203621,61.87846977007491,60.88839340209961
E01005883,Stockport 017C,Stockport,69.3069306930693,47.8597701203621,59.007671637696646,58.84413146972656
E01005884,Stockport 020D,Stockport,70.4225352112676,47.8597701203621,70.98249174623957,70.8392105102539
E01005885,Stockport 020E,Stockport,46.783625730994146,47.8597701203621,57.387433601454724,56.843048095703125
E01005886,Stockport 001A,Stockport,61.09090909090909,47.8597701203621,52.33446478478766,52.73434829711914
E01005887,Stockport 002A,Stockport,44.09090909090909,47.8597701203621,35.54612214533301,36.119503021240234
E01005888,Stockport 001B,Stockport,71.65775401069519,47.8597701203621,62.36720187224491,60.71342468261719
E01005889,Stockport 001C,Stockport,53.289473684210535,47.8597701203621,54.5431599539418,55.20016098022461
E01005890,Stockport 002B,Stockport,60.10928961748634,47.8597701203621,53.86445105246125,55.7367057800293
E01005891,Stockport 001D,Stockport,65.47619047619048,47.8597701203621,62.31397653445657,60.88947677612305
E01005892,Stockport 003B,Stockport,59.44700460829493,47.8597701203621,53.92095802661522,55.469268798828125
E01005893,Stockport 002C,Stockport,48.26388888888889,47.8597701203621,46.1329785743919,47.97367858886719
E01005894,Stockport 001E,Stockport,70.68062827225131,47.8597701203621,69.36707881700394,68.31686401367188
E01005895,Stockport 003C,Stockport,69.46564885496184,47.8597701203621,57.447963237934054,56.629295349121094
E01005896,Stockport 002D,Stockport,64.7887323943662,47.8597701203621,60.84596508127842,61.33500289916992
E01005897,Stockport 010A,Stockport,62.926829268292686,47.8597701203621,60.07230874276124,59.84904479980469
E01005898,Stockport 010B,Stockport,50.583657587548636,47.8597701203621,56.647882615667996,56.50058364868164
E01005899,Stockport 012B,Stockport,50.32051282051282,47.8597701203621,54.2631607782362,53.626136779785156
E01005900,Stockport 010C,Stockport,51.52354570637119,47.8597701203621,55.05523530958543,52.41695022583008
E01005901,Stockport 012C,Stockport,59.2391304347826,47.8597701203621,66.33755852941336,65.77055358886719
E01005902,Stockport 012D,Stockport,25.356125356125357,47.8597701203621,34.97822268357534,35.6900634765625
E01005903,Stockport 010D,Stockport,75.51020408163265,47.8597701203621,73.40225852205681,71.91397094726562
E01005904,Stockport 010E,Stockport,61.057692307692314,47.8597701203621,66.46166976423662,63.182708740234375
E01005905,Stockport 012E,Stockport,31.25,47.8597701203621,35.8486430548353,38.984825134277344
E01005906,Stockport 038B,Stockport,79.14438502673798,47.8597701203621,69.22559333793077,68.3712387084961
E01005907,Stockport 038C,Stockport,72.77486910994764,47.8597701203621,68.13317045076032,66.5524673461914
E01005908,Stockport 017D,Stockport,67.02702702702703,47.8597701203621,62.27343558830524,65.4154281616211
E01005909,Stockport 029A,Stockport,66.50246305418719,47.8597701203621,62.67835163474929,62.60572052001953
E01005910,Stockport 029B,Stockport,52.01465201465202,47.8597701203621,56.872992582724706,53.11695098876953
E01005911,Stockport 029C,Stockport,64.44444444444444,47.8597701203621,70.29153141660345,68.11624145507812
E01005912,Stockport 029D,Stockport,69.62616822429906,47.8597701203621,65.56584213354334,66.59366607666016
E01005913,Stockport 038D,Stockport,72.5,47.8597701203621,69.72629304410356,67.64466094970703
E01005914,Stockport 007A,Stockport,60.43478260869565,47.8597701203621,59.83230481537981,59.15929412841797
E01005915,Stockport 007B,Stockport,60.48951048951049,47.8597701203621,55.48268781212902,56.82974624633789
E01005916,Stockport 007C,Stockport,63.83561643835617,47.8597701203621,58.63575274303177,60.1912727355957
E01005917,Stockport 007D,Stockport,62.396694214876035,47.8597701203621,48.74601360369977,52.309669494628906
E01005918,Stockport 014D,Stockport,30.967741935483872,47.8597701203621,24.300603575826443,31.705699920654297
E01005919,Stockport 002E,Stockport,43.24324324324324,47.8597701203621,34.714934518656605,37.791324615478516
E01005920,Stockport 003D,Stockport,67.5531914893617,47.8597701203621,67.09928792504559,68.81187438964844
E01005921,Stockport 003E,Stockport,55.483870967741936,47.8597701203621,57.60476745532203,59.22803497314453
E01005922,Stockport 003F,Stockport,62.84403669724771,47.8597701203621,54.5438004035998,56.52757263183594
E01005923,Stockport 041C,Stockport,74.39613526570048,47.8597701203621,71.09575656797567,73.3368911743164
E01005924,Stockport 042A,Stockport,51.61290322580645,47.8597701203621,55.227344116337406,54.35612869262695
E01005925,Stockport 042B,Stockport,41.19601328903654,47.8597701203621,41.59714211065167,37.61348342895508
E01005926,Stockport 042C,Stockport,12.965186074429768,47.8597701203621,25.114574399615957,31.658456802368164
E01005927,Stockport 032A,Stockport,69.42148760330579,47.8597701203621,71.7312691132949,73.14927673339844
E01005928,Stockport 032B,Stockport,36.25,47.8597701203621,60.729859503451344,53.23353958129883
E01005929,Stockport 032C,Stockport,57.49999999999999,47.8597701203621,58.299134924735604,57.109046936035156
E01005930,Stockport 032D,Stockport,63.020833333333336,47.8597701203621,60.64571906822301,61.00029373168945
E01005931,Stockport 041D,Stockport,58.29596412556054,47.8597701203621,60.12518797888208,57.687461853027344
E01005932,Stockport 042D,Stockport,71.23287671232876,47.8597701203621,70.96912972309646,73.5492172241211
E01033947,Stockport 014E,Stockport,43.914680050188196,47.8597701203621,24.7230426435035,24.227272033691406
E01033948,Stockport 014F,Stockport,16.0,47.8597701203621,26.46657684273624,27.571022033691406
E01005933,Tameside 006A,Tameside,46.63865546218487,49.05087078440989,40.048008901563904,43.34593963623047
E01005934,Tameside 006B,Tameside,66.66666666666666,49.05087078440989,61.817425511694104,60.214839935302734
E01005935,Tameside 006C,Tameside,44.28571428571428,49.05087078440989,35.77173783365278,37.891963958740234
E01005936,Tameside 004A,Tameside,50.224215246636774,49.05087078440989,50.42258066853442,50.59687805175781
E01005937,Tameside 004B,Tameside,39.776951672862445,49.05087078440989,43.37042574003149,43.62746047973633
E01005938,Tameside 002A,Tameside,37.570621468926554,49.05087078440989,31.546209390757614,34.58538818359375
E01005939,Tameside 002B,Tameside,58.04195804195804,49.05087078440989,67.96855956152741,66.26146697998047
E01005940,Tameside 002C,Tameside,56.70731707317073,49.05087078440989,59.689177298222916,63.21061706542969
E01005941,Tameside 007A,Tameside,49.862258953168045,49.05087078440989,53.315930198396636,56.06840515136719
E01005942,Tameside 007B,Tameside,63.837638376383765,49.05087078440989,60.06538405953304,61.65526580810547
E01005943,Tameside 007C,Tameside,63.51706036745407,49.05087078440989,57.694596521430555,58.770225524902344
E01005944,Tameside 007D,Tameside,33.43283582089552,49.05087078440989,50.951751954009985,49.06047439575195
E01005945,Tameside 004C,Tameside,39.28571428571428,49.05087078440989,41.181779173736125,42.52034378051758
E01005946,Tameside 004D,Tameside,55.12367491166078,49.05087078440989,55.030378519354855,53.7625846862793
E01005947,Tameside 004E,Tameside,46.99738903394256,49.05087078440989,54.94640041152315,57.80035400390625
E01005948,Tameside 013A,Tameside,39.43661971830985,49.05087078440989,34.74127877074327,37.88296127319336
E01005949,Tameside 006D,Tameside,54.20054200542005,49.05087078440989,51.29160648558121,54.366172790527344
E01005950,Tameside 013B,Tameside,51.70940170940172,49.05087078440989,48.03822214459989,46.18011474609375
E01005951,Tameside 013C,Tameside,57.0694087403599,49.05087078440989,58.13395825582957,60.8420295715332
E01005953,Tameside 013E,Tameside,46.13466334164589,49.05087078440989,46.66673008477709,46.33540725708008
E01005954,Tameside 005A,Tameside,34.75409836065574,49.05087078440989,37.437791822306316,37.80241775512695
E01005955,Tameside 002D,Tameside,55.97826086956522,49.05087078440989,56.42012626205417,55.96199417114258
E01005956,Tameside 005B,Tameside,57.77777777777777,49.05087078440989,62.513432983463915,63.56535720825195
E01005957,Tameside 005C,Tameside,67.3076923076923,49.05087078440989,54.98058897677045,55.84356689453125
E01005958,Tameside 005D,Tameside,41.52542372881356,49.05087078440989,44.73153986453861,46.88250732421875
E01005959,Tameside 005E,Tameside,38.81118881118881,49.05087078440989,43.60946070315943,43.48108673095703
E01005960,Tameside 006E,Tameside,50.31645569620253,49.05087078440989,50.84946933200614,49.41810607910156
E01005961,Tameside 014A,Tameside,26.905829596412552,49.05087078440989,47.8467945687273,45.350318908691406
E01005962,Tameside 014B,Tameside,69.27083333333334,49.05087078440989,61.20900148033116,62.09440231323242
E01005963,Tameside 019A,Tameside,54.285714285714285,49.05087078440989,60.28425470476203,61.034698486328125
E01005964,Tameside 019B,Tameside,61.504424778761056,49.05087078440989,59.23126114958304,58.654964447021484
E01005965,Tameside 019C,Tameside,21.98952879581152,49.05087078440989,43.724728295979496,43.6640739440918
E01005966,Tameside 019D,Tameside,41.70403587443946,49.05087078440989,41.675589404255426,42.3565673828125
E01005967,Tameside 019E,Tameside,46.91011235955056,49.05087078440989,34.71129782731406,36.42007064819336
E01005968,Tameside 014C,Tameside,72.25433526011561,49.05087078440989,63.92937153305611,63.35182189941406
E01005969,Tameside 014D,Tameside,26.71232876712329,49.05087078440989,26.688688145837588,21.11213493347168
E01005970,Tameside 021A,Tameside,64.70588235294117,49.05087078440989,59.74033885008514,59.0919189453125
E01005971,Tameside 025A,Tameside,65.4471544715447,49.05087078440989,54.767530425767944,53.82395553588867
E01005972,Tameside 021B,Tameside,41.62790697674418,49.05087078440989,38.53960374929562,38.33220291137695
E01005973,Tameside 026A,Tameside,54.166666666666664,49.05087078440989,60.840508157983436,59.39773178100586
E01005974,Tameside 021C,Tameside,56.59090909090909,49.05087078440989,54.23660372298059,55.753395080566406
E01005975,Tameside 021D,Tameside,54.81927710843374,49.05087078440989,53.117923807964935,51.795501708984375
E01005976,Tameside 026B,Tameside,28.078817733990142,49.05087078440989,38.213347054182215,39.314666748046875
E01005977,Tameside 026C,Tameside,51.85185185185185,49.05087078440989,65.07905766928629,66.01498413085938
E01005978,Tameside 026D,Tameside,46.78111587982833,49.05087078440989,46.425411148027635,47.652584075927734
E01005979,Tameside 029A,Tameside,52.75080906148867,49.05087078440989,50.65539133241418,52.69782638549805
E01005980,Tameside 029B,Tameside,47.82608695652174,49.05087078440989,43.32642489633375,46.602596282958984
E01005981,Tameside 029C,Tameside,33.23353293413174,49.05087078440989,33.98914172211823,37.039554595947266
E01005982,Tameside 029D,Tameside,36.25498007968127,49.05087078440989,37.88995708408852,34.15621566772461
E01005983,Tameside 029E,Tameside,74.8768472906404,49.05087078440989,65.97211875883586,64.06803131103516
E01005984,Tameside 029F,Tameside,25.28409090909091,49.05087078440989,23.056872826811443,24.7122745513916
E01005985,Tameside 024A,Tameside,66.66666666666666,49.05087078440989,63.857527497076624,62.864952087402344
E01005986,Tameside 025B,Tameside,49.09090909090909,49.05087078440989,59.57435593309788,58.9083251953125
E01005987,Tameside 024B,Tameside,72.51184834123224,49.05087078440989,67.65650861751757,69.9590835571289
E01005988,Tameside 024C,Tameside,56.315789473684205,49.05087078440989,54.59383605192498,52.796791076660156
E01005989,Tameside 025C,Tameside,56.83453237410072,49.05087078440989,57.48884662683405,60.699913024902344
E01005990,Tameside 024D,Tameside,73.65853658536585,49.05087078440989,68.21837960644527,67.34427642822266
E01005991,Tameside 024E,Tameside,73.0593607305936,49.05087078440989,67.89512670616973,69.68511199951172
E01005992,Tameside 025D,Tameside,61.568627450980394,49.05087078440989,57.14429680972628,57.23786544799805
E01005993,Tameside 010A,Tameside,62.43654822335025,49.05087078440989,57.85805639663455,56.78355407714844
E01005994,Tameside 011A,Tameside,62.35294117647059,49.05087078440989,50.62263145045431,53.184234619140625
E01005995,Tameside 010B,Tameside,56.69291338582677,49.05087078440989,52.94932341606575,55.152366638183594
E01005996,Tameside 010C,Tameside,54.54545454545454,49.05087078440989,44.6749673116024,45.52073287963867
E01005997,Tameside 010D,Tameside,51.96850393700787,49.05087078440989,53.5124479572509,55.65911865234375
E01005998,Tameside 012A,Tameside,44.46952595936794,49.05087078440989,42.436680669321646,43.28763198852539
E01005999,Tameside 011B,Tameside,41.20171673819742,49.05087078440989,43.39309847471091,44.46432876586914
E01006000,Tameside 010E,Tameside,41.84210526315789,49.05087078440989,39.124932868177765,39.03763961791992
E01006001,Tameside 012B,Tameside,70.12987012987013,49.05087078440989,65.95727335294643,68.44136047363281
E01006002,Tameside 011C,Tameside,56.71641791044776,49.05087078440989,63.02876980482825,63.571041107177734
E01006003,Tameside 012C,Tameside,72.45762711864407,49.05087078440989,63.31931447677541,60.88455581665039
E01006004,Tameside 011D,Tameside,68.39378238341969,49.05087078440989,65.06973477435683,63.84423065185547
E01006005,Tameside 011E,Tameside,44.63519313304721,49.05087078440989,38.62612756855162,38.343414306640625
E01006006,Tameside 012D,Tameside,72.54901960784314,49.05087078440989,65.97118922742202,66.84981536865234
E01006007,Tameside 011F,Tameside,59.07172995780591,49.05087078440989,57.921220581287066,59.44584655761719
E01006008,Tameside 017A,Tameside,44.89795918367347,49.05087078440989,47.79507747557868,49.41465377807617
E01006009,Tameside 016A,Tameside,49.26108374384236,49.05087078440989,58.584087202979525,59.46431350708008
E01006010,Tameside 017B,Tameside,37.8125,49.05087078440989,45.27993148999732,44.987003326416016
E01006011,Tameside 018A,Tameside,31.57894736842105,49.05087078440989,33.5536659569932,37.800228118896484
E01006012,Tameside 017C,Tameside,45.514950166112946,49.05087078440989,49.27615206923653,46.37757110595703
E01006013,Tameside 018B,Tameside,66.99029126213593,49.05087078440989,55.27521319891764,54.77119445800781
E01006014,Tameside 018C,Tameside,53.896103896103895,49.05087078440989,47.713152630183856,50.96903610229492
E01006015,Tameside 017D,Tameside,52.63157894736842,49.05087078440989,27.972834003395402,31.48677635192871
E01006016,Tameside 017E,Tameside,34.34959349593496,49.05087078440989,27.916234300633725,29.115238189697266
E01006017,Tameside 016B,Tameside,65.8119658119658,49.05087078440989,68.77520747970395,72.08802795410156
E01006018,Tameside 016C,Tameside,66.66666666666666,49.05087078440989,65.92062465223077,66.4159927368164
E01006019,Tameside 018D,Tameside,28.79746835443038,49.05087078440989,30.691936938035184,30.757719039916992
E01006020,Tameside 018E,Tameside,39.2,49.05087078440989,45.22078119341505,47.75349426269531
E01006021,Tameside 016D,Tameside,67.56756756756756,49.05087078440989,62.27154265771386,62.735618591308594
E01006022,Tameside 015A,Tameside,39.14473684210526,49.05087078440989,36.12608607117405,36.943756103515625
E01006023,Tameside 015B,Tameside,37.68996960486322,49.05087078440989,32.34813941370168,32.49990463256836
E01006024,Tameside 022A,Tameside,51.33689839572193,49.05087078440989,50.728919585624745,51.650047302246094
E01006025,Tameside 027A,Tameside,28.10218978102189,49.05087078440989,41.09392419481581,38.76832580566406
E01006026,Tameside 022B,Tameside,48.126801152737755,49.05087078440989,44.61945964720683,45.60932922363281
E01006027,Tameside 027B,Tameside,5.18234165067178,49.05087078440989,14.430105748956688,21.240903854370117
E01006028,Tameside 028A,Tameside,48.73096446700508,49.05087078440989,39.995405830221614,38.314537048339844
E01006029,Tameside 028B,Tameside,48.73949579831932,49.05087078440989,52.73863594439401,54.58162307739258
E01006030,Tameside 028C,Tameside,44.56140350877193,49.05087078440989,44.83875392746025,44.96051788330078
E01006031,Tameside 020A,Tameside,26.39484978540772,49.05087078440989,45.24904427312228,46.35219192504883
E01006032,Tameside 020B,Tameside,32.72727272727272,49.05087078440989,47.1431593384236,48.59036636352539
E01006033,Tameside 020C,Tameside,39.55696202531645,49.05087078440989,46.23616778063856,48.68953323364258
E01006034,Tameside 020D,Tameside,34.63541666666667,49.05087078440989,33.996102946736144,35.84406280517578
E01006035,Tameside 020E,Tameside,27.60180995475113,49.05087078440989,38.12646380584279,36.44442367553711
E01006036,Tameside 020F,Tameside,33.620689655172406,49.05087078440989,29.985994234732342,32.19285583496094
E01006037,Tameside 022C,Tameside,43.9516129032258,49.05087078440989,50.28981044209128,48.29468536376953
E01006038,Tameside 022D,Tameside,53.92670157068062,49.05087078440989,57.96996510463204,57.952842712402344
E01006039,Tameside 028D,Tameside,67.1875,49.05087078440989,48.33195215001803,46.4244384765625
E01006040,Tameside 028E,Tameside,50.54545454545455,49.05087078440989,49.382968043680016,49.46529006958008
E01006041,Tameside 028F,Tameside,59.0,49.05087078440989,59.33556789350539,59.58993911743164
E01006042,Tameside 030A,Tameside,57.38636363636363,49.05087078440989,55.61511233302259,55.09775161743164
E01006043,Tameside 030B,Tameside,65.75342465753424,49.05087078440989,54.91354776825924,56.0166015625
E01006044,Tameside 030C,Tameside,53.41880341880342,49.05087078440989,57.05364677213762,58.02272033691406
E01006045,Tameside 030D,Tameside,72.57142857142857,49.05087078440989,70.14011158061909,68.54688262939453
E01006046,Tameside 030E,Tameside,75.0,49.05087078440989,71.54514277579393,72.65206909179688
E01006047,Tameside 023A,Tameside,52.65017667844523,49.05087078440989,50.214070790931984,51.23588562011719
E01006048,Tameside 023B,Tameside,60.45016077170418,49.05087078440989,60.001681511886574,60.61954116821289
E01006049,Tameside 023C,Tameside,57.3943661971831,49.05087078440989,55.39531402286207,56.31279754638672
E01006050,Tameside 027C,Tameside,11.11111111111111,49.05087078440989,17.539476019263322,22.343727111816406
E01006051,Tameside 023D,Tameside,62.78026905829597,49.05087078440989,62.25822310948237,64.74315643310547
E01006052,Tameside 027D,Tameside,27.27272727272727,49.05087078440989,35.63161499140347,37.03242874145508
E01006053,Tameside 001A,Tameside,45.71428571428571,49.05087078440989,49.58056311716763,49.84346389770508
E01006054,Tameside 001B,Tameside,37.96033994334277,49.05087078440989,41.90274930803621,44.15610885620117
E01006055,Tameside 001C,Tameside,67.54716981132076,49.05087078440989,68.19748667035641,69.671630859375
E01006056,Tameside 003A,Tameside,33.80952380952381,49.05087078440989,39.37644568925661,41.42755889892578
E01006057,Tameside 001D,Tameside,57.831325301204814,49.05087078440989,61.17240105917304,61.44122314453125
E01006058,Tameside 001E,Tameside,48.95397489539749,49.05087078440989,50.5232697303521,50.41124725341797
E01006059,Tameside 001F,Tameside,64.06926406926407,49.05087078440989,57.82189139613108,55.79548263549805
E01006060,Tameside 008A,Tameside,50.617283950617285,49.05087078440989,47.28169164848323,47.57585906982422
E01006061,Tameside 003B,Tameside,33.43023255813953,49.05087078440989,43.64010226162574,39.29048538208008
E01006062,Tameside 003C,Tameside,60.66350710900474,49.05087078440989,53.59034769349709,54.34109878540039
E01006063,Tameside 003D,Tameside,61.48648648648649,49.05087078440989,63.25942095193607,66.8910903930664
E01006064,Tameside 008B,Tameside,29.617834394904456,49.05087078440989,30.181616821620338,29.677181243896484
E01006065,Tameside 008C,Tameside,16.981132075471688,49.05087078440989,48.77291183224802,43.17592239379883
E01006066,Tameside 008D,Tameside,64.46886446886447,49.05087078440989,58.995129943464185,61.365013122558594
E01006067,Tameside 009A,Tameside,56.60377358490566,49.05087078440989,52.381060758815096,51.087913513183594
E01006068,Tameside 009B,Tameside,50.0,49.05087078440989,51.02650445451169,51.26375961303711
E01006069,Tameside 009C,Tameside,46.0377358490566,49.05087078440989,50.02341384675987,48.95853042602539
E01006070,Tameside 015C,Tameside,79.35222672064778,49.05087078440989,72.11638905499943,73.43250274658203
E01006071,Tameside 015D,Tameside,59.241706161137444,49.05087078440989,56.567714146286626,51.6891975402832
E01006072,Tameside 015E,Tameside,63.78378378378379,49.05087078440989,67.07109975521291,67.36650085449219
E01006073,Tameside 009D,Tameside,38.8235294117647,49.05087078440989,38.04056883958184,39.701812744140625
E01033949,Tameside 013F,Tameside,12.686567164179099,49.05087078440989,24.60427821608607,20.07463264465332
E01033950,Tameside 013G,Tameside,18.47826086956521,49.05087078440989,18.952310718533248,19.864734649658203
E01006074,Trafford 025A,Trafford,68.26923076923077,48.35005418073774,41.933806910738625,42.28107452392578
E01006075,Trafford 025B,Trafford,39.97214484679666,48.35005418073774,36.25603059098514,34.737457275390625
E01006076,Trafford 025C,Trafford,48.13953488372093,48.35005418073774,48.014078018811595,52.46141052246094
E01006077,Trafford 027A,Trafford,60.6516290726817,48.35005418073774,57.1314852784753,57.789852142333984
E01006078,Trafford 024A,Trafford,49.52919020715631,48.35005418073774,50.24944152680587,50.39867401123047
E01006079,Trafford 025D,Trafford,23.333333333333332,48.35005418073774,24.94465064425866,18.87224769592285
E01006080,Trafford 024B,Trafford,65.97014925373135,48.35005418073774,59.146917208574585,58.19352722167969
E01006081,Trafford 027B,Trafford,43.888888888888886,48.35005418073774,38.30725316839952,42.234832763671875
E01006082,Trafford 027C,Trafford,55.88235294117647,48.35005418073774,48.81578541553853,50.64548110961914
E01006083,Trafford 026A,Trafford,65.16129032258064,48.35005418073774,58.61853853402055,58.989013671875
E01006084,Trafford 026B,Trafford,72.54098360655738,48.35005418073774,58.52075063461685,60.97843551635742
E01006085,Trafford 027D,Trafford,64.22413793103449,48.35005418073774,61.68397807017995,64.67247772216797
E01006086,Trafford 027E,Trafford,60.55776892430279,48.35005418073774,45.244606708972675,47.70893096923828
E01006087,Trafford 025E,Trafford,62.5,48.35005418073774,43.489387985333266,43.89187240600586
E01006088,Trafford 026C,Trafford,81.41263940520446,48.35005418073774,74.29599018433738,74.26791381835938
E01006089,Trafford 024C,Trafford,47.48743718592965,48.35005418073774,55.3797414818693,52.2049560546875
E01006090,Trafford 020A,Trafford,39.25233644859813,48.35005418073774,35.341906475856895,31.5197696685791
E01006091,Trafford 019A,Trafford,19.66019417475728,48.35005418073774,28.96449563356305,20.049314498901367
E01006092,Trafford 019B,Trafford,61.33333333333333,48.35005418073774,34.422458643233796,29.27149772644043
E01006093,Trafford 023A,Trafford,70.83333333333334,48.35005418073774,66.26860709738456,64.67697143554688
E01006094,Trafford 020B,Trafford,68.96551724137932,48.35005418073774,63.358836682433136,66.35785675048828
E01006095,Trafford 019C,Trafford,48.94736842105263,48.35005418073774,62.10882912147051,61.98515319824219
E01006096,Trafford 020C,Trafford,57.67195767195767,48.35005418073774,56.37146040895396,56.91311264038086
E01006097,Trafford 015A,Trafford,44.03183023872679,48.35005418073774,51.010267770072495,50.557960510253906
E01006098,Trafford 014A,Trafford,69.44444444444444,48.35005418073774,71.06633908844651,70.07769012451172
E01006099,Trafford 014B,Trafford,65.74074074074075,48.35005418073774,59.51078221378476,62.227882385253906
E01006100,Trafford 020D,Trafford,62.82722513089005,48.35005418073774,58.0180527757914,59.31059265136719
E01006101,Trafford 021A,Trafford,68.91891891891892,48.35005418073774,66.84759885534515,67.76647186279297
E01006102,Trafford 018A,Trafford,55.13513513513514,48.35005418073774,60.58473079026426,56.40134811401367
E01006103,Trafford 020E,Trafford,69.73684210526315,48.35005418073774,72.31849572942893,71.11571502685547
E01006104,Trafford 017A,Trafford,34.5054945054945,48.35005418073774,33.781862613107705,33.135337829589844
E01006105,Trafford 017B,Trafford,37.46031746031746,48.35005418073774,27.548928796272296,23.913667678833008
E01006106,Trafford 017C,Trafford,36.30573248407643,48.35005418073774,34.164084167302605,33.603939056396484
E01006107,Trafford 017D,Trafford,25.79365079365079,48.35005418073774,15.263163671068908,17.46349334716797
E01006108,Trafford 017E,Trafford,53.91304347826087,48.35005418073774,29.69987396004198,28.7863826751709
E01006109,Trafford 001A,Trafford,17.78846153846154,48.35005418073774,29.38053948317537,31.790943145751953
E01006110,Trafford 001B,Trafford,76.31578947368422,48.35005418073774,72.15474368413507,68.828857421875
E01006111,Trafford 001C,Trafford,67.70186335403726,48.35005418073774,44.675270740014454,47.45732116699219
E01006112,Trafford 001D,Trafford,48.433048433048434,48.35005418073774,44.70151207852357,40.83070755004883
E01006113,Trafford 004A,Trafford,88.81118881118881,48.35005418073774,72.97273629853997,72.7470932006836
E01006114,Trafford 004B,Trafford,51.141552511415526,48.35005418073774,43.55436831506696,43.44892883300781
E01006115,Trafford 004C,Trafford,59.00383141762452,48.35005418073774,60.70920226689339,57.30691146850586
E01006116,Trafford 002A,Trafford,76.97841726618705,48.35005418073774,68.80092293279628,69.94424438476562
E01006117,Trafford 002B,Trafford,70.58823529411765,48.35005418073774,70.27990980944163,69.41017150878906
E01006118,Trafford 002C,Trafford,59.479553903345725,48.35005418073774,45.30631048426991,47.518455505371094
E01006119,Trafford 002D,Trafford,65.89595375722543,48.35005418073774,68.39314220634303,68.9327621459961
E01006120,Trafford 010A,Trafford,73.07692307692307,48.35005418073774,73.34382233795621,71.99111938476562
E01006121,Trafford 002E,Trafford,67.75956284153006,48.35005418073774,63.528734504066875,66.52069854736328
E01006122,Trafford 005A,Trafford,65.70048309178745,48.35005418073774,59.412646945828065,58.15339279174805
E01006123,Trafford 005B,Trafford,69.56521739130434,48.35005418073774,63.61538525577883,63.61580276489258
E01006124,Trafford 005C,Trafford,73.37278106508876,48.35005418073774,72.16052182783382,70.64675903320312
E01006125,Trafford 007A,Trafford,63.44086021505376,48.35005418073774,57.01897576970263,58.505374908447266
E01006126,Trafford 007B,Trafford,51.64473684210527,48.35005418073774,35.976494994440294,37.398231506347656
E01006127,Trafford 007C,Trafford,70.39473684210526,48.35005418073774,60.11062355804296,62.5786018371582
E01006128,Trafford 005D,Trafford,60.2996254681648,48.35005418073774,61.53750429996054,64.31339263916016
E01006129,Trafford 010B,Trafford,60.83333333333333,48.35005418073774,41.54349094664777,41.659481048583984
E01006130,Trafford 007D,Trafford,72.39819004524887,48.35005418073774,59.9372971447315,60.087154388427734
E01006131,Trafford 005E,Trafford,75.26881720430107,48.35005418073774,65.95598192417282,64.06372833251953
E01006132,Trafford 007E,Trafford,65.02242152466367,48.35005418073774,53.77564951986863,52.88972854614258
E01006133,Trafford 010C,Trafford,83.87096774193549,48.35005418073774,71.75474344144017,71.31950378417969
E01006134,Trafford 028A,Trafford,51.61290322580645,48.35005418073774,55.941561987013934,54.95958709716797
E01006135,Trafford 028B,Trafford,58.590308370044056,48.35005418073774,60.23602129373902,60.27573013305664
E01006136,Trafford 028C,Trafford,63.07053941908713,48.35005418073774,64.78832485637234,63.81831359863281
E01006137,Trafford 028D,Trafford,56.666666666666664,48.35005418073774,58.59795833442387,60.67393112182617
E01006138,Trafford 028E,Trafford,51.34228187919463,48.35005418073774,52.355148891172675,50.270545959472656
E01006139,Trafford 026D,Trafford,53.100775193798455,48.35005418073774,48.82968127676984,50.80266571044922
E01006140,Trafford 026E,Trafford,70.78189300411523,48.35005418073774,63.220956686380816,64.36566925048828
E01006141,Trafford 003A,Trafford,31.122448979591837,48.35005418073774,29.553961930125983,24.304590225219727
E01006142,Trafford 011A,Trafford,52.29681978798587,48.35005418073774,44.44576459046448,47.13601303100586
E01006143,Trafford 011B,Trafford,63.94052044609665,48.35005418073774,57.36012596731919,58.33163833618164
E01006144,Trafford 011C,Trafford,51.75718849840255,48.35005418073774,41.67830841469929,39.45301055908203
E01006145,Trafford 004D,Trafford,41.12903225806452,48.35005418073774,33.94008406004135,33.22501754760742
E01006146,Trafford 004E,Trafford,67.44186046511628,48.35005418073774,70.72239055682847,70.4468765258789
E01006147,Trafford 012A,Trafford,80.26315789473685,48.35005418073774,75.30178463729379,74.456787109375
E01006148,Trafford 016A,Trafford,44.93392070484581,48.35005418073774,53.83507613980166,51.361793518066406
E01006149,Trafford 012B,Trafford,54.68164794007491,48.35005418073774,47.06943556259981,48.78340530395508
E01006150,Trafford 012C,Trafford,69.88505747126436,48.35005418073774,53.36245494027146,57.636253356933594
E01006151,Trafford 016B,Trafford,71.97802197802197,48.35005418073774,65.30098525350468,65.0596694946289
E01006152,Trafford 016C,Trafford,63.387978142076506,48.35005418073774,61.05530203099631,56.281829833984375
E01006153,Trafford 016D,Trafford,65.73033707865169,48.35005418073774,67.75090917533068,66.99333190917969
E01006154,Trafford 012D,Trafford,65.59139784946237,48.35005418073774,65.27958498420612,64.18763732910156
E01006155,Trafford 006A,Trafford,55.714285714285715,48.35005418073774,64.24048097270943,63.78118133544922
E01006156,Trafford 008A,Trafford,44.56521739130434,48.35005418073774,34.42197078836801,32.179927825927734
E01006157,Trafford 006B,Trafford,29.140461215932913,48.35005418073774,46.81699793939966,51.461299896240234
E01006158,Trafford 008B,Trafford,51.81058495821726,48.35005418073774,41.91591349919721,40.14249801635742
E01006159,Trafford 006C,Trafford,65.39923954372624,48.35005418073774,41.411582165461624,42.656341552734375
E01006160,Trafford 015B,Trafford,43.56120826709062,48.35005418073774,42.614307237192136,44.73914337158203
E01006161,Trafford 015C,Trafford,40.83885209713024,48.35005418073774,40.404036149166075,42.51015853881836
E01006162,Trafford 015D,Trafford,66.66666666666666,48.35005418073774,62.62067474890401,64.12967681884766
E01006163,Trafford 015E,Trafford,77.42857142857143,48.35005418073774,68.11635302079273,68.66553497314453
E01006164,Trafford 014C,Trafford,57.48987854251012,48.35005418073774,54.52080519758979,52.154659271240234
E01006165,Trafford 012E,Trafford,54.80943738656987,48.35005418073774,48.85197085252455,49.77757263183594
E01006166,Trafford 013A,Trafford,40.13840830449827,48.35005418073774,44.57800394033581,45.45256805419922
E01006167,Trafford 019D,Trafford,19.70149253731343,48.35005418073774,27.346233409238007,23.217199325561523
E01006168,Trafford 019E,Trafford,23.62030905077262,48.35005418073774,20.65114788575735,21.857112884521484
E01006169,Trafford 013B,Trafford,68.64406779661016,48.35005418073774,66.48805962439408,67.76139831542969
E01006170,Trafford 013C,Trafford,58.256880733944946,48.35005418073774,57.11612006472811,55.7196159362793
E01006171,Trafford 013D,Trafford,49.68354430379746,48.35005418073774,36.77818345423473,36.29279327392578
E01006172,Trafford 016E,Trafford,76.21621621621621,48.35005418073774,64.55924003229364,64.58991241455078
E01006173,Trafford 018B,Trafford,73.74301675977654,48.35005418073774,67.84986530902809,68.01017761230469
E01006174,Trafford 014D,Trafford,58.38150289017341,48.35005418073774,59.25894911205869,57.74911117553711
E01006175,Trafford 018C,Trafford,55.663430420711975,48.35005418073774,37.32697317215367,34.12921142578125
E01006176,Trafford 018D,Trafford,51.33333333333333,48.35005418073774,49.4498763414916,49.59098434448242
E01006177,Trafford 018E,Trafford,62.916666666666664,48.35005418073774,40.25117619575131,35.58165740966797
E01006178,Trafford 014E,Trafford,72.16117216117216,48.35005418073774,61.088295219261965,62.56694793701172
E01006179,Trafford 008C,Trafford,59.66101694915255,48.35005418073774,46.31433248057645,48.14811706542969
E01006180,Trafford 011D,Trafford,74.23312883435584,48.35005418073774,61.829138594054776,62.097900390625
E01006181,Trafford 011E,Trafford,64.16666666666667,48.35005418073774,58.32110393097087,58.799983978271484
E01006182,Trafford 006D,Trafford,74.84276729559748,48.35005418073774,73.21414597599811,72.53466033935547
E01006183,Trafford 006E,Trafford,80.32786885245902,48.35005418073774,69.50795024152784,68.72063446044922
E01006184,Trafford 008D,Trafford,58.40978593272171,48.35005418073774,42.387205997102654,43.587520599365234
E01006186,Trafford 003B,Trafford,32.5,48.35005418073774,39.71134160529314,39.02638244628906
E01006187,Trafford 003C,Trafford,71.39999999999999,48.35005418073774,65.92852215170646,63.62385559082031
E01006188,Trafford 001F,Trafford,20.80329557157569,48.35005418073774,19.139713514698514,16.221288681030273
E01006189,Trafford 003D,Trafford,61.62162162162163,48.35005418073774,42.82213066993752,46.69324493408203
E01006190,Trafford 021B,Trafford,64.76683937823834,48.35005418073774,64.64933689403884,63.31951141357422
E01006191,Trafford 023B,Trafford,56.132075471698116,48.35005418073774,55.7214787108066,55.156517028808594
E01006192,Trafford 023C,Trafford,58.65384615384615,48.35005418073774,55.350114031202565,54.75730514526367
E01006193,Trafford 024D,Trafford,73.91304347826086,48.35005418073774,65.59950966568773,64.76133728027344
E01006194,Trafford 024E,Trafford,51.8348623853211,48.35005418073774,49.726422003378346,49.20806884765625
E01006195,Trafford 021C,Trafford,72.4867724867725,48.35005418073774,70.72752174790982,70.34228515625
E01006196,Trafford 021D,Trafford,74.28571428571429,48.35005418073774,70.13537285039594,70.47801208496094
E01006197,Trafford 010D,Trafford,67.37967914438502,48.35005418073774,64.25630096563948,62.9322509765625
E01006198,Trafford 009A,Trafford,48.36065573770491,48.35005418073774,42.99518651027193,46.791019439697266
E01006199,Trafford 009B,Trafford,58.609271523178805,48.35005418073774,54.0744317498256,52.643226623535156
E01006200,Trafford 009C,Trafford,47.07903780068728,48.35005418073774,44.426932540029874,44.19682693481445
E01006201,Trafford 009D,Trafford,64.02877697841727,48.35005418073774,56.33027540542844,53.62553405761719
E01006202,Trafford 009E,Trafford,66.42857142857143,48.35005418073774,53.615625095934476,57.37747573852539
E01006203,Trafford 010E,Trafford,79.86111111111111,48.35005418073774,69.3321573625498,70.28359985351562
E01006204,Trafford 022A,Trafford,38.671875,48.35005418073774,49.835546337170435,49.385040283203125
E01006205,Trafford 023D,Trafford,70.06802721088435,48.35005418073774,61.03454601630663,60.20387649536133
E01006206,Trafford 022B,Trafford,40.42553191489361,48.35005418073774,34.70538771879117,30.33953857421875
E01006207,Trafford 022C,Trafford,40.189873417721515,48.35005418073774,32.90230770183049,28.10514259338379
E01006208,Trafford 022D,Trafford,55.96330275229357,48.35005418073774,42.81003245261945,42.86760330200195
E01006209,Trafford 023E,Trafford,66.50943396226415,48.35005418073774,65.73815691196593,63.85987091064453
E01006210,Trafford 021E,Trafford,50.47169811320755,48.35005418073774,57.56269443260269,56.380462646484375
E01006211,Trafford 022E,Trafford,68.34170854271356,48.35005418073774,44.277574872857734,46.64994812011719
E01034000,Trafford 001G,Trafford,10.9051254089422,48.35005418073774,15.481328441572526,17.121593475341797
E01034001,Trafford 001H,Trafford,34.59715639810427,48.35005418073774,41.16804373239374,43.03282928466797
E01006212,Wigan 026A,Wigan,74.35897435897436,49.02533079394078,62.95751084630767,65.33847045898438
E01006213,Wigan 024A,Wigan,40.189873417721515,49.02533079394078,40.17199124659552,37.75178909301758
E01006214,Wigan 026B,Wigan,58.01526717557252,49.02533079394078,58.00809102348995,58.97931671142578
E01006215,Wigan 024B,Wigan,34.24657534246575,49.02533079394078,35.58349374076692,35.53485107421875
E01006216,Wigan 026C,Wigan,35.76923076923077,49.02533079394078,34.80574128845059,40.118553161621094
E01006217,Wigan 024C,Wigan,33.60881542699724,49.02533079394078,31.18179198857569,34.0089111328125
E01006218,Wigan 024D,Wigan,32.210526315789465,49.02533079394078,45.451073475198186,44.216331481933594
E01006219,Wigan 024E,Wigan,63.63636363636363,49.02533079394078,69.57460476004434,68.46603393554688
E01006220,Wigan 035A,Wigan,50.210970464135016,49.02533079394078,48.834659149203056,44.78511428833008
E01006221,Wigan 035B,Wigan,59.591836734693885,49.02533079394078,50.45768656295185,49.78462219238281
E01006222,Wigan 035C,Wigan,59.3939393939394,49.02533079394078,52.98819349064867,49.84153366088867
E01006223,Wigan 036A,Wigan,64.02877697841727,49.02533079394078,56.38647907897218,55.13140106201172
E01006224,Wigan 035D,Wigan,63.02521008403361,49.02533079394078,44.09024688081699,39.766082763671875
E01006225,Wigan 036B,Wigan,74.54545454545455,49.02533079394078,64.68005946333506,64.39678192138672
E01006226,Wigan 035E,Wigan,57.65765765765766,49.02533079394078,56.82890331082929,54.4666862487793
E01006227,Wigan 038A,Wigan,56.213017751479285,49.02533079394078,45.463126797112324,46.87498474121094
E01006228,Wigan 038B,Wigan,63.344051446945336,49.02533079394078,45.50884080490781,45.49144744873047
E01006229,Wigan 002A,Wigan,47.71929824561403,49.02533079394078,49.110240764913605,46.96751403808594
E01006230,Wigan 002B,Wigan,17.55027422303473,49.02533079394078,36.38469349751575,34.95884704589844
E01006231,Wigan 004A,Wigan,63.1578947368421,49.02533079394078,52.451252948893874,54.018043518066406
E01006232,Wigan 004B,Wigan,42.80936454849498,49.02533079394078,39.26947389281165,38.007205963134766
E01006233,Wigan 002C,Wigan,63.84615384615384,49.02533079394078,56.02139399120948,58.8351936340332
E01006234,Wigan 004C,Wigan,50.78125,49.02533079394078,57.68527487414736,59.51829528808594
E01006235,Wigan 004D,Wigan,38.07106598984771,49.02533079394078,37.82804475320811,35.07416534423828
E01006236,Wigan 007A,Wigan,53.09278350515464,49.02533079394078,55.47792364463729,58.559322357177734
E01006237,Wigan 002D,Wigan,17.94871794871795,49.02533079394078,27.40833131469689,30.90713119506836
E01006238,Wigan 002E,Wigan,48.20717131474104,49.02533079394078,42.48505651152941,41.740379333496094
E01006239,Wigan 017A,Wigan,38.24451410658307,49.02533079394078,33.35682030563924,32.734962463378906
E01006240,Wigan 017B,Wigan,39.19597989949748,49.02533079394078,38.695842348880674,40.333953857421875
E01006241,Wigan 017C,Wigan,15.94488188976378,49.02533079394078,24.156348671166974,29.227231979370117
E01006242,Wigan 023A,Wigan,44.12607449856733,49.02533079394078,64.58801093625765,64.38912963867188
E01006243,Wigan 023B,Wigan,47.72727272727273,49.02533079394078,42.84661085149355,42.097679138183594
E01006244,Wigan 023C,Wigan,47.65625,49.02533079394078,47.75189891068475,43.63235092163086
E01006245,Wigan 023D,Wigan,38.04573804573805,49.02533079394078,37.77090475609406,34.0674934387207
E01006246,Wigan 034A,Wigan,43.28859060402684,49.02533079394078,44.24393101657452,48.92512130737305
E01006247,Wigan 034B,Wigan,67.17557251908397,49.02533079394078,59.4051507413848,61.79672622680664
E01006248,Wigan 031A,Wigan,10.97560975609756,49.02533079394078,27.900410001621335,30.798601150512695
E01006249,Wigan 031B,Wigan,39.47368421052631,49.02533079394078,43.973633141704845,45.22884750366211
E01006250,Wigan 029A,Wigan,36.388888888888886,49.02533079394078,62.09934794906311,62.61954116821289
E01006251,Wigan 029B,Wigan,57.077625570776256,49.02533079394078,59.9442565790468,63.092735290527344
E01006252,Wigan 034C,Wigan,68.84422110552764,49.02533079394078,67.93087938158108,65.5811767578125
E01006253,Wigan 005A,Wigan,69.70954356846472,49.02533079394078,51.19342753320079,47.62458038330078
E01006254,Wigan 005B,Wigan,43.0379746835443,49.02533079394078,33.16184223426955,33.09047317504883
E01006255,Wigan 005C,Wigan,61.76470588235294,49.02533079394078,69.68588433142247,68.43571472167969
E01006256,Wigan 005D,Wigan,32.475884244372985,49.02533079394078,46.640944186686255,45.725582122802734
E01006257,Wigan 008A,Wigan,65.59139784946237,49.02533079394078,75.39981509662101,74.60200500488281
E01006258,Wigan 008B,Wigan,56.640625,49.02533079394078,51.32481334164162,50.67852783203125
E01006259,Wigan 003A,Wigan,54.347826086956516,49.02533079394078,46.259611624624235,47.46674728393555
E01006260,Wigan 005E,Wigan,54.59459459459459,49.02533079394078,44.81245082174244,41.753448486328125
E01006261,Wigan 036C,Wigan,56.69642857142857,49.02533079394078,56.596011509762334,57.27617263793945
E01006262,Wigan 032A,Wigan,25.0,49.02533079394078,22.52897689696263,26.22965431213379
E01006263,Wigan 032B,Wigan,70.19867549668875,49.02533079394078,61.44550379965498,63.492889404296875
E01006264,Wigan 036D,Wigan,59.78260869565217,49.02533079394078,66.37783220022267,67.05452728271484
E01006265,Wigan 036E,Wigan,67.15686274509804,49.02533079394078,72.7178662111946,73.59169006347656
E01006266,Wigan 032C,Wigan,77.7027027027027,49.02533079394078,69.0301406003838,70.28677368164062
E01006267,Wigan 032D,Wigan,34.48275862068966,49.02533079394078,32.015913502406406,37.70470428466797
E01006268,Wigan 032E,Wigan,54.21245421245421,49.02533079394078,43.45664459555818,43.65163803100586
E01006269,Wigan 013A,Wigan,39.55696202531645,49.02533079394078,43.07604862451417,42.633209228515625
E01006270,Wigan 016A,Wigan,34.80392156862745,49.02533079394078,44.08610075148621,44.68692398071289
E01006271,Wigan 013B,Wigan,61.111111111111114,49.02533079394078,48.50841130975108,51.68492126464844
E01006272,Wigan 013C,Wigan,28.69127516778523,49.02533079394078,29.016905687007625,29.603185653686523
E01006273,Wigan 013D,Wigan,54.90196078431373,49.02533079394078,51.035028478266625,53.10054016113281
E01006274,Wigan 016B,Wigan,42.96028880866426,49.02533079394078,44.9561923831093,44.25789260864258
E01006275,Wigan 016C,Wigan,45.02369668246445,49.02533079394078,41.083492055572954,38.762596130371094
E01006276,Wigan 013E,Wigan,50.56179775280899,49.02533079394078,44.726428600325036,45.130271911621094
E01006277,Wigan 016D,Wigan,42.05128205128205,49.02533079394078,29.906605576027594,30.86484718322754
E01006278,Wigan 019A,Wigan,69.08212560386472,49.02533079394078,57.6496199340095,59.68089294433594
E01006279,Wigan 019B,Wigan,56.68449197860963,49.02533079394078,56.03185963669754,59.073753356933594
E01006280,Wigan 019C,Wigan,63.730569948186535,49.02533079394078,63.46434773114523,61.19060516357422
E01006281,Wigan 019D,Wigan,50.0,49.02533079394078,51.84492578414196,48.43731689453125
E01006282,Wigan 027A,Wigan,33.22981366459627,49.02533079394078,38.86490166243599,41.53205871582031
E01006283,Wigan 027B,Wigan,34.13333333333333,49.02533079394078,37.417544857912354,38.4756965637207
E01006284,Wigan 027C,Wigan,29.04411764705882,49.02533079394078,34.67568090418116,35.864437103271484
E01006285,Wigan 019E,Wigan,49.01185770750988,49.02533079394078,56.71187819702466,56.60085678100586
E01006286,Wigan 016E,Wigan,63.45177664974619,49.02533079394078,60.96182654473513,59.99149703979492
E01006287,Wigan 017D,Wigan,67.67676767676768,49.02533079394078,65.50539731815988,65.84432983398438
E01006288,Wigan 025A,Wigan,36.44444444444444,49.02533079394078,42.62338932207644,39.83075714111328
E01006289,Wigan 017E,Wigan,31.70731707317073,49.02533079394078,33.09598232391132,34.21349334716797
E01006290,Wigan 022A,Wigan,75.0,49.02533079394078,71.6672032963784,71.3629379272461
E01006291,Wigan 022B,Wigan,60.30534351145038,49.02533079394078,54.49977398076475,56.832645416259766
E01006292,Wigan 022C,Wigan,68.6192468619247,49.02533079394078,57.19631248832545,57.197052001953125
E01006293,Wigan 022D,Wigan,45.94594594594595,49.02533079394078,35.76330400510211,38.81617736816406
E01006294,Wigan 025B,Wigan,53.619909502262445,49.02533079394078,49.3956960037852,50.90540313720703
E01006295,Wigan 025C,Wigan,58.0246913580247,49.02533079394078,59.29123457540923,59.3995246887207
E01006296,Wigan 037A,Wigan,19.298245614035082,49.02533079394078,19.442883675824874,24.698511123657227
E01006297,Wigan 034D,Wigan,41.35593220338983,49.02533079394078,37.21947817908311,36.005184173583984
E01006298,Wigan 037B,Wigan,30.153846153846146,49.02533079394078,33.06924817072598,32.76605987548828
E01006299,Wigan 037C,Wigan,49.82817869415807,49.02533079394078,41.51455609900612,43.10184097290039
E01006300,Wigan 037D,Wigan,70.8994708994709,49.02533079394078,63.387401883554546,64.58780670166016
E01006301,Wigan 037E,Wigan,44.20600858369098,49.02533079394078,43.90875511378295,42.46249771118164
E01006302,Wigan 040A,Wigan,41.076487252124636,49.02533079394078,50.394896544752925,53.26244354248047
E01006303,Wigan 040B,Wigan,48.80952380952381,49.02533079394078,70.33220239392065,68.4757080078125
E01006304,Wigan 040C,Wigan,53.84615384615385,49.02533079394078,51.91790935996338,53.45310974121094
E01006305,Wigan 012A,Wigan,32.46073298429319,49.02533079394078,31.492699182385877,34.99407196044922
E01006306,Wigan 009A,Wigan,49.575070821529735,49.02533079394078,45.693773690554465,44.33980941772461
E01006307,Wigan 009B,Wigan,48.23008849557522,49.02533079394078,38.360417223744314,41.423519134521484
E01006308,Wigan 012B,Wigan,56.96969696969697,49.02533079394078,52.3828069846996,52.942901611328125
E01006309,Wigan 012C,Wigan,48.28897338403042,49.02533079394078,43.59398481006217,44.07586669921875
E01006310,Wigan 012D,Wigan,48.31460674157303,49.02533079394078,47.128859852072736,45.31167221069336
E01006311,Wigan 012E,Wigan,40.76086956521739,49.02533079394078,44.77117575425738,41.68340301513672
E01006312,Wigan 003B,Wigan,70.32967032967034,49.02533079394078,65.7103572234095,67.63223266601562
E01006313,Wigan 003C,Wigan,31.472081218274113,49.02533079394078,51.410337215918375,47.01240921020508
E01006314,Wigan 003D,Wigan,47.80876494023904,49.02533079394078,53.94937415702255,52.21128463745117
E01006315,Wigan 001A,Wigan,34.70588235294117,49.02533079394078,45.77701771604587,46.754390716552734
E01006316,Wigan 001B,Wigan,20.94594594594594,49.02533079394078,41.33254766499377,37.41044998168945
E01006317,Wigan 001C,Wigan,35.77981651376147,49.02533079394078,53.330621306673514,55.64104461669922
E01006318,Wigan 003E,Wigan,70.19867549668875,49.02533079394078,66.71238687344582,67.14602661132812
E01006319,Wigan 001D,Wigan,28.57142857142857,49.02533079394078,25.722708461588898,29.322690963745117
E01006320,Wigan 003F,Wigan,60.9375,49.02533079394078,70.91862403242766,70.06910705566406
E01006321,Wigan 003G,Wigan,51.76470588235295,49.02533079394078,63.47024407039451,64.84517669677734
E01006322,Wigan 026D,Wigan,34.10138248847926,49.02533079394078,45.98014850748043,49.692386627197266
E01006323,Wigan 033A,Wigan,40.86687306501548,49.02533079394078,60.41744259695324,64.1233901977539
E01006324,Wigan 033B,Wigan,53.01204819277109,49.02533079394078,50.11670484576773,50.7684326171875
E01006325,Wigan 033C,Wigan,58.36734693877551,49.02533079394078,62.00262269089488,62.80788040161133
E01006326,Wigan 033D,Wigan,66.56441717791411,49.02533079394078,62.983311622055744,65.37638092041016
E01006327,Wigan 033E,Wigan,10.45016077170418,49.02533079394078,23.04555946393431,24.496013641357422
E01006328,Wigan 030A,Wigan,63.1578947368421,49.02533079394078,63.324832906809426,64.59754180908203
E01006329,Wigan 026E,Wigan,51.832460732984295,49.02533079394078,45.75350027145319,49.22513961791992
E01006330,Wigan 031C,Wigan,66.07142857142857,49.02533079394078,51.63756009898933,51.65785598754883
E01006331,Wigan 031D,Wigan,74.83443708609272,49.02533079394078,57.10104816212668,52.84584045410156
E01006332,Wigan 031E,Wigan,45.434298440979944,49.02533079394078,35.266330120922895,34.33769989013672
E01006333,Wigan 030B,Wigan,59.24528301886792,49.02533079394078,57.45827948784897,56.97304916381836
E01006334,Wigan 030C,Wigan,46.80851063829787,49.02533079394078,61.61014051062814,61.018333435058594
E01006335,Wigan 034E,Wigan,55.25525525525525,49.02533079394078,59.08895899739733,56.87400436401367
E01006336,Wigan 027D,Wigan,29.411764705882348,49.02533079394078,40.06547090770271,35.863956451416016
E01006337,Wigan 027E,Wigan,49.30875576036866,49.02533079394078,50.510184986492874,53.07231140136719
E01006338,Wigan 030D,Wigan,52.46913580246913,49.02533079394078,52.07327638477448,51.397125244140625
E01006339,Wigan 039A,Wigan,74.4,49.02533079394078,65.37833451413358,65.67606353759766
E01006340,Wigan 039B,Wigan,17.26078799249531,49.02533079394078,28.960081114118474,30.711746215820312
E01006341,Wigan 040D,Wigan,25.13513513513513,49.02533079394078,22.109553561071287,24.3406925201416
E01006342,Wigan 038C,Wigan,47.85992217898833,49.02533079394078,44.12734101433876,43.79344940185547
E01006343,Wigan 039C,Wigan,50.35460992907801,49.02533079394078,37.201257311165044,33.74602127075195
E01006344,Wigan 038D,Wigan,57.24137931034483,49.02533079394078,46.127384193641724,47.190250396728516
E01006345,Wigan 039D,Wigan,58.992805755395686,49.02533079394078,50.1939347266074,48.12571334838867
E01006346,Wigan 038E,Wigan,53.30073349633252,49.02533079394078,47.241788871408836,46.16815185546875
E01006347,Wigan 040E,Wigan,56.08465608465608,49.02533079394078,54.825300825734665,51.10480880737305
E01006348,Wigan 039E,Wigan,21.23176661264181,49.02533079394078,41.732785356407746,41.04670333862305
E01006349,Wigan 015A,Wigan,38.01065719360568,49.02533079394078,34.245599200340315,32.831180572509766
E01006350,Wigan 010A,Wigan,48.63636363636364,49.02533079394078,43.4690965308205,39.391563415527344
E01006351,Wigan 010B,Wigan,54.89510489510489,49.02533079394078,41.21552806809104,38.23680114746094
E01006352,Wigan 015B,Wigan,42.75,49.02533079394078,56.13863597384979,56.077552795410156
E01006353,Wigan 014A,Wigan,63.63636363636363,49.02533079394078,65.7818272106477,64.08385467529297
E01006354,Wigan 014B,Wigan,46.125461254612546,49.02533079394078,47.453487399438124,48.30438995361328
E01006355,Wigan 014C,Wigan,58.30258302583026,49.02533079394078,55.420637553132124,56.31663131713867
E01006356,Wigan 011A,Wigan,40.23668639053254,49.02533079394078,46.61043608144075,47.14034652709961
E01006357,Wigan 010C,Wigan,40.10416666666667,49.02533079394078,39.49194721193356,38.66881561279297
E01006358,Wigan 014D,Wigan,43.44262295081967,49.02533079394078,46.74096022416843,48.05636978149414
E01006359,Wigan 014E,Wigan,51.37614678899083,49.02533079394078,49.28820987950058,50.28923797607422
E01006360,Wigan 010D,Wigan,26.368159203980102,49.02533079394078,33.20697638493686,36.66982650756836
E01006361,Wigan 010E,Wigan,38.38862559241706,49.02533079394078,44.3278917398791,41.06902313232422
E01006362,Wigan 018A,Wigan,70.04830917874396,49.02533079394078,63.922756930060665,65.44755554199219
E01006363,Wigan 018B,Wigan,64.73029045643153,49.02533079394078,62.29485771051629,64.99857330322266
E01006364,Wigan 018C,Wigan,57.25490196078431,49.02533079394078,53.62509233315179,52.65846252441406
E01006365,Wigan 018D,Wigan,51.48148148148148,49.02533079394078,43.1189584132799,45.500614166259766
E01006366,Wigan 018E,Wigan,55.41125541125541,49.02533079394078,62.50476453202545,60.077850341796875
E01006367,Wigan 018F,Wigan,59.09090909090909,49.02533079394078,57.18862671067608,57.6635856628418
E01006368,Wigan 018G,Wigan,59.50413223140496,49.02533079394078,58.81545643472205,59.829593658447266
E01006369,Wigan 008C,Wigan,45.579268292682926,49.02533079394078,54.35025147988905,53.31874465942383
E01006370,Wigan 006A,Wigan,58.2089552238806,49.02533079394078,58.38883392813585,59.45315170288086
E01006371,Wigan 008D,Wigan,72.45283018867924,49.02533079394078,78.0064045654954,79.65562438964844
E01006372,Wigan 006B,Wigan,56.14973262032086,49.02533079394078,46.325316799784716,44.877506256103516
E01006373,Wigan 006C,Wigan,70.35175879396985,49.02533079394078,72.20701766488835,71.24771118164062
E01006374,Wigan 006D,Wigan,69.9074074074074,49.02533079394078,68.18691221954367,66.39752960205078
E01006375,Wigan 008E,Wigan,72.40437158469946,49.02533079394078,63.59173566836915,65.31771850585938
E01006376,Wigan 028A,Wigan,39.28571428571428,49.02533079394078,45.844609380754456,44.57757568359375
E01006377,Wigan 025D,Wigan,69.5906432748538,49.02533079394078,64.93156506065571,64.68443298339844
E01006378,Wigan 025E,Wigan,72.98850574712644,49.02533079394078,69.38208166328289,68.46733093261719
E01006379,Wigan 029C,Wigan,33.84146341463415,49.02533079394078,40.1808255554537,39.08330535888672
E01006380,Wigan 029D,Wigan,14.69344608879492,49.02533079394078,24.925641138039147,25.69801139831543
E01006381,Wigan 028B,Wigan,42.47787610619469,49.02533079394078,36.10983770973282,37.5206184387207
E01006382,Wigan 028C,Wigan,70.43478260869566,49.02533079394078,57.50500423587816,52.39216995239258
E01006383,Wigan 028D,Wigan,54.0,49.02533079394078,49.31856543733321,52.417842864990234
E01006384,Wigan 028E,Wigan,70.06802721088435,49.02533079394078,68.11795952902962,65.72561645507812
E01006385,Wigan 029E,Wigan,70.39473684210526,49.02533079394078,63.932040223987826,64.76699829101562
E01006386,Wigan 009C,Wigan,29.53846153846154,49.02533079394078,30.238498336713324,33.07355880737305
E01006387,Wigan 009D,Wigan,64.45497630331754,49.02533079394078,58.75798804278782,61.86199188232422
E01006388,Wigan 007B,Wigan,22.96918767507002,49.02533079394078,36.38753011088332,34.324798583984375
E01006389,Wigan 007C,Wigan,38.84297520661157,49.02533079394078,43.87562215717704,43.38698196411133
E01006390,Wigan 006E,Wigan,51.546391752577314,49.02533079394078,51.420618199620506,49.89834213256836
E01006391,Wigan 007D,Wigan,70.39106145251397,49.02533079394078,59.81225270632749,60.65351867675781
E01006392,Wigan 009E,Wigan,31.48936170212766,49.02533079394078,38.83006836211232,33.67878341674805
E01006393,Wigan 021A,Wigan,58.47953216374269,49.02533079394078,56.17063535101372,62.01850891113281
E01006394,Wigan 021B,Wigan,69.66292134831461,49.02533079394078,62.766041592941825,64.6419448852539
E01006395,Wigan 021C,Wigan,46.85990338164251,49.02533079394078,38.26589686512576,36.433494567871094
E01006396,Wigan 011B,Wigan,53.84615384615385,49.02533079394078,46.87009296518551,47.18687057495117
E01006397,Wigan 011C,Wigan,32.3671497584541,49.02533079394078,39.996915244231765,42.35448455810547
E01006398,Wigan 011D,Wigan,41.95402298850574,49.02533079394078,46.87521603925477,45.74365234375
E01006399,Wigan 011E,Wigan,53.21100917431193,49.02533079394078,51.752780005118424,50.91008377075195
E01006400,Wigan 021D,Wigan,14.91442542787286,49.02533079394078,39.74635310629206,39.48210144042969
E01006401,Wigan 021E,Wigan,56.69291338582677,49.02533079394078,63.679072692011204,64.92556762695312
E01006402,Wigan 021F,Wigan,74.0,49.02533079394078,66.24381857759828,66.72549438476562
E01006403,Wigan 021G,Wigan,66.45161290322581,49.02533079394078,67.45132242621634,67.6088638305664
E01006404,Wigan 015C,Wigan,39.130434782608695,49.02533079394078,35.38703410773879,37.165714263916016
E01006405,Wigan 015D,Wigan,37.27598566308244,49.02533079394078,43.69778067369919,42.20225143432617
E01006406,Wigan 020A,Wigan,78.85714285714286,49.02533079394078,69.57466041738151,71.10615539550781
E01006407,Wigan 020B,Wigan,61.71875,49.02533079394078,61.47802246966536,64.25716400146484
E01006408,Wigan 020C,Wigan,41.28440366972477,49.02533079394078,49.62159173414406,47.517940521240234
E01006409,Wigan 020D,Wigan,67.56756756756756,49.02533079394078,73.42990108208548,73.96315002441406
E01006410,Wigan 020E,Wigan,57.52212389380531,49.02533079394078,60.295115843417335,59.77113723754883
E01006411,Wigan 015E,Wigan,19.533527696792998,49.02533079394078,22.440285980554897,24.785808563232422
