lsoa21,base_value_pp,shap_pre_1930_pct,shap_post_1990_pct,shap_flat_maisonette_pct,shap_terraced_pct,shap_median_floor_area,shap_electric_fuel_pct,shap_private_rented_pct,shap_social_rented_pct,shap_imd_score
E01004766,49.1134,2.9781458,6.287141,-1.0468576,-0.44001815,-0.26880047,1.9222522,0.22631633,0.87741107,-1.1079525
E01004767,49.1134,0.7982023,-12.830885,-1.1948109,-0.6830484,0.3526964,2.1111739,-0.0925298,3.5711572,0.7006582
E01004768,49.1134,-1.2034109,-5.210553,2.9421058,2.453051,1.1032896,0.15233491,0.9854636,7.7973833,1.8726262
E01004769,49.1134,-0.29955676,3.0587077,0.3650164,0.2855787,-0.5585334,0.5383317,0.33244663,7.358197,1.7194617
E01004770,49.1134,-0.49858823,8.871191,2.17599,0.1694256,0.14221561,0.028599601,0.31134182,7.1833425,1.7891673
E01004771,49.1134,-1.3632376,6.5327883,1.7847768,1.948178,1.4344729,0.29791757,0.150644,7.213784,1.8402754
E01004772,49.1134,-3.2774076,-0.27624774,-2.1378844,1.1351529,-0.25230587,-1.7338934,-0.049126796,-10.278911,-1.7326487
E01004773,49.1134,2.548241,-6.3342414,-1.1621699,-0.8335126,-0.376819,1.9316621,0.010247679,4.3066535,1.3328533
E01004774,49.1134,3.8111248,-1.0049375,0.55754167,-0.9901885,-0.38817847,-0.021116829,-0.024842074,-2.478533,-0.9800711
E01004775,49.1134,-0.5682373,-26.560415,1.0385458,0.48829675,-0.3155554,-0.014337066,0.40054688,4.3328404,0.8799312
E01004776,49.1134,1.3095865,-6.402498,0.39067343,-0.74333143,-0.293642,0.30146292,0.002365606,0.535621,0.8668735
E01004777,49.1134,2.7597666,-12.442341,0.63295996,-0.6914296,-0.048991464,-0.17864287,0.064239934,-1.404038,-0.4156123
E01004778,49.1134,-0.81804144,4.173458,0.440264,0.5653421,0.1930572,0.46315694,-0.18114188,5.158109,1.6542338
E01004779,49.1134,0.6487533,-6.429231,1.1352793,0.42132434,-0.25604054,-1.074196,0.18593103,-0.108914584,1.3328061
E01004780,49.1134,0.6122222,-14.442581,-0.3810215,0.38553205,-0.1489803,-0.062180586,-0.062469084,3.9015794,1.1511955
E01004781,49.1134,1.0972595,-20.754663,0.61284584,0.0992312,0.09724371,-1.1546441,0.017115463,2.678187,1.2429525
E01004782,49.1134,-1.5880038,7.891144,2.524003,0.43110618,-1.2669357,-1.6681453,0.22532788,-4.920698,1.7818666
E01004783,49.1134,-0.98011374,6.5786185,1.7798966,0.49367595,-0.7215249,0.20533745,-0.14770252,5.0713944,1.7144978
E01004784,49.1134,-1.7969841,8.3930645,3.2527816,2.0788796,1.708915,-1.1486198,0.6270881,7.2687287,1.9819751
E01004785,49.1134,-1.675246,-1.5722122,2.576435,0.69589424,-0.2626366,0.22740537,0.27426797,0.15548241,0.98646134
E01004786,49.1134,-1.6248132,-0.69080466,0.09279972,0.6603772,-0.3194473,0.6960638,0.26142654,3.6520538,1.6510495
E01004787,49.1134,-2.6963272,5.920002,-2.9663398,0.2883163,-0.36672577,0.06088592,0.07862133,-12.899374,-2.309542
E01004788,49.1134,-1.870942,-1.6716952,2.1227975,0.71808785,1.0049839,0.24962483,0.2085589,6.611654,1.517129
E01004789,49.1134,-0.3406765,6.2345705,2.5652947,0.35603675,1.3524611,0.29633445,0.16977711,6.5220423,1.7133651
E01004790,49.1134,4.3112473,4.9656863,1.0163271,-0.31756935,2.4534302,0.3360976,-0.010312196,2.1338847,1.3923312
E01004791,49.1134,0.28414553,3.3888204,0.46387973,0.2441418,-0.33414415,0.46154472,0.10687208,4.2848973,1.7484717
E01004792,49.1134,-1.115391,9.349272,2.9816256,2.0505779,1.9236944,0.12766379,0.789034,7.2483964,2.1361713
E01004793,49.1134,-3.0471137,-1.7478464,0.6137079,0.13277084,-0.15844473,0.027294293,0.013433892,-10.491523,-1.9263672
E01004794,49.1134,-1.4775051,7.0684752,4.9325414,0.50567293,-0.34313175,0.122282304,-0.27356896,-10.744792,-2.0869353
E01004795,49.1134,-2.1423337,6.4908204,-1.9846085,1.0865481,-0.33359945,-2.0824149,0.017563825,-7.715101,-2.5533614
E01004796,49.1134,-0.59085864,-1.241243,0.12079613,-0.23733757,-0.5204079,0.6422509,-0.11529365,4.0241485,0.9504009
E01004797,49.1134,-0.894025,7.1989007,3.068852,0.6998362,-0.33374828,0.30305985,-0.27850667,-7.32836,-2.242791
E01004798,49.1134,-0.76848817,4.584147,1.8913001,0.5479977,-0.25820926,0.2166972,0.078434795,-5.5588465,-1.7076234
E01004799,49.1134,-1.4562249,0.27934587,2.402168,1.6827419,-0.54791474,0.31032258,0.32904625,6.775094,1.6654353
E01004800,49.1134,-3.3356545,7.882921,-0.08926638,0.39788055,-0.8523021,0.17094934,-0.0763016,7.0940084,2.0042439
E01004801,49.1134,-2.441946,2.5805898,1.1777673,-1.6739689,-0.21213874,0.26835796,0.16023569,-12.383352,-2.0163977
E01004802,49.1134,-1.5627861,4.9195404,0.94878435,0.95108616,-0.41559538,0.08682288,-0.2185299,-11.714748,-2.0647736
E01004803,49.1134,1.4917889,-3.8127043,0.23386015,-0.38301808,0.039491527,1.0471694,-0.09967349,6.8664503,1.3470953
E01004804,49.1134,-1.5806121,0.29605934,2.8508706,0.4119163,1.0152487,-0.8576456,0.800952,4.6074486,1.3985152
E01004805,49.1134,-1.5518315,-6.5019608,0.63866985,0.47694847,0.47048175,-0.048095413,0.37726066,4.4024425,1.5289048
E01004806,49.1134,-0.7393294,5.3701844,1.4108632,0.4050544,0.46396512,0.36404255,0.40551463,4.70972,1.5777715
E01004807,49.1134,0.91031855,-17.786388,-0.07068935,-0.52801895,-0.26615435,0.91052234,-0.13659284,7.42506,1.3231907
E01004808,49.1134,-0.7827864,-2.948674,0.093374506,0.45217228,1.1516186,1.0484848,0.408227,6.3338776,1.5526304
E01004809,49.1134,2.3495674,2.9285262,-1.1868116,-0.9206961,-0.3597707,1.3419784,0.057099,0.89052254,0.95520836
E01004810,49.1134,-0.7510829,-6.831041,1.8638349,0.4110994,1.003005,0.07139975,0.3921085,3.9805794,1.3123273
E01004811,49.1134,3.766942,-5.30996,-0.8791823,-1.584249,-0.031500615,2.1668131,0.08124955,-5.735252,-0.79957044
E01004812,49.1134,2.708326,-13.198659,0.35602418,-0.63731056,-1.0650741,-0.38073882,-0.4348013,0.76701736,-1.3123595
E01004813,49.1134,2.793479,5.1458216,1.2471839,-0.37983856,-0.315628,0.021364704,0.242508,-2.4121983,-1.4389932
E01004814,49.1134,2.2678769,-5.2341366,0.2533257,-0.11861026,-0.26297522,0.34498706,0.103131294,2.6445174,-1.3408467
E01004815,49.1134,0.60148984,9.51509,1.6253521,-0.21745585,-0.8925698,-0.016265487,0.21095496,1.2501,-1.7829326
E01004816,49.1134,0.47351018,9.964915,2.1640596,0.537578,2.4710517,-1.4431418,-0.079789475,1.5230421,1.5010246
E01004817,49.1134,0.7515212,-7.609766,-1.9441231,-0.7531881,0.6539816,-0.6998345,-0.35804495,-2.6958945,-1.2875913
E01004818,49.1134,9.647994,4.7229056,-2.552815,-1.0320005,-0.54478884,0.18100336,-1.0175439,-5.1192417,-1.3209958
E01004819,49.1134,2.6504693,-0.8033309,-0.32153004,-0.1910194,-0.3691488,0.6702256,0.13392079,4.8700747,-0.9027833
E01004820,49.1134,4.1694903,4.797371,-0.6987476,-1.0787832,-0.35946774,0.12738714,0.3141143,-8.006767,-1.2772149
E01004822,49.1134,-0.81069434,-1.0649987,-1.967564,-1.9409376,-0.36609244,0.21995334,-0.27478966,-7.321458,-1.8453168
E01004823,49.1134,-3.0021515,-13.633596,-2.2031145,-2.104297,0.26285687,1.7061815,-0.05600032,-10.319932,-1.2011746
E01004824,49.1134,6.622114,5.31912,1.8523694,-0.8471453,2.733339,0.096100464,0.29578167,2.005336,-1.1443694
E01004825,49.1134,2.7291968,6.211359,-1.2635255,-1.3757297,-0.4644628,-0.012189183,0.35383308,-7.053504,-2.1206658
E01004826,49.1134,7.779161,3.4570158,0.0975551,-1.040204,-0.6161749,0.25873938,0.08833078,-5.281805,-1.3328035
E01004827,49.1134,1.6100696,7.835052,0.62131906,-1.1302664,-0.52393234,0.11530809,0.3106249,-7.3466997,-2.1822178
E01004828,49.1134,5.1152368,5.9109235,2.148413,-1.1195027,-0.49036303,0.118789785,0.15094489,-3.5865383,-1.6319935
E01004829,49.1134,6.0544653,3.522702,1.2236819,-0.8365132,-0.41470408,0.12718971,0.096465886,0.6877771,-1.1579918
E01004830,49.1134,4.102133,4.408122,-1.1938534,-1.0136367,-0.33964634,0.5230493,0.2291492,-3.8984284,-1.4406469
E01004831,49.1134,2.1352124,5.1775417,1.0791005,-0.51550305,-0.4291163,0.19239227,0.05539087,7.0960083,0.77124804
E01004832,49.1134,2.5944972,-1.0924432,1.6203345,-0.744006,-0.40315,0.047775686,0.041560385,4.7289767,-0.8182399
E01004833,49.1134,-0.35985073,0.5252305,1.4313315,0.3359708,0.19085486,0.06347759,-0.16911921,4.7754354,1.5252727
E01004834,49.1134,4.937257,6.7680283,1.2904423,-0.6002207,-0.62855196,0.18057467,0.06948914,4.5110426,-1.6155165
E01004835,49.1134,-1.8647577,0.65391076,0.3873002,1.7405676,0.6462187,-1.0747639,0.27820772,5.3013635,1.8361605
E01004836,49.1134,-0.5590122,2.8438532,1.8994153,0.31139976,0.29654214,-1.0517262,-0.121639,7.115273,1.7081447
E01004837,49.1134,-1.4098815,-5.6186976,1.8828107,2.671667,1.0042489,0.14686745,0.975817,7.9320345,1.8327248
E01004838,49.1134,3.045357,5.4782987,0.54805666,-0.7154368,-0.46041805,0.3445371,0.16809416,-5.5878897,-1.6627533
E01004839,49.1134,-1.7489281,-14.13355,-1.6704102,0.25052288,0.09766633,-0.10181725,-0.029234324,-9.188407,-1.3351603
E01004840,49.1134,-0.6463661,-5.2813015,-0.47249165,0.3515579,0.09334479,-1.120309,-0.0754623,3.200202,1.4900664
E01004841,49.1134,-2.4602263,7.7294836,2.3333664,-0.018730583,-0.29924616,-0.19314814,-0.35199806,-12.336995,-2.3126547
E01004842,49.1134,-1.600439,-0.97858256,-0.31936845,0.814348,0.6371133,0.7344693,0.3659846,4.307625,1.6032844
E01004843,49.1134,0.298955,-2.985858,0.36508647,0.40503514,1.0746104,0.11885291,-0.12042325,6.0193024,1.4689497
E01004844,49.1134,-1.8103335,-1.5504496,0.9017629,2.0367215,1.1952657,0.2705647,0.39447534,5.043701,1.5130346
E01004845,49.1134,-0.60426354,-9.819314,-1.1757194,0.34873983,0.16885105,0.3437763,0.0035585929,3.6838143,1.5782745
E01004846,49.1134,4.41028,8.647288,-1.0199429,-1.0535331,-0.7791157,-0.21151344,0.24330273,-2.1373014,-1.8981905
E01004847,49.1134,2.9167407,-0.77884614,1.7668902,-0.32835323,-0.73740166,-1.115489,0.10810859,-6.216125,-1.375567
E01004848,49.1134,-2.7667425,-4.9843636,-2.1955473,-2.1956077,0.24452959,1.6310625,-0.14562868,-11.853574,-1.5436574
E01004849,49.1134,4.658299,5.798132,0.3783752,-1.0427119,0.038319834,0.4458927,0.22308622,0.95681685,-1.3866123
E01004850,49.1134,2.4060888,8.546388,-1.5205706,-1.1957489,-0.25707346,3.33107,0.2699448,-7.3479576,-2.0583801
E01004851,49.1134,-0.9540342,3.8473868,-3.2069964,-2.2168484,-0.38399985,0.7293202,0.31832388,-10.613178,-1.7840716
E01004852,49.1134,5.8829093,9.36562,1.4027267,-0.9797106,-1.2378261,-0.92124635,0.27317956,1.2263252,-1.7133056
E01004853,49.1134,0.5063578,5.066462,3.3799856,-1.3610014,-0.24641715,-1.5317981,0.25921756,-6.7975426,-2.0374131
E01004854,49.1134,8.719234,8.778164,1.6788646,-0.86337763,-0.23370536,0.037585285,0.28770924,3.183558,-1.3098502
E01004855,49.1134,4.566985,3.2270527,0.36091653,-0.6125274,-0.41551903,0.56420296,0.28970957,2.8491771,-1.4005351
E01004856,49.1134,-0.55263615,-0.14112075,-0.9805464,-1.6225613,-0.29173636,0.38129014,0.19483186,-4.601244,-1.5895884
E01004857,49.1134,2.7470782,-0.18590516,-0.4484271,-0.8397877,-0.31392178,0.3911468,0.08693715,-4.373061,-1.4905815
E01004858,49.1134,-0.39288306,-3.80998,-0.7094309,-0.6384841,-0.087784,0.16479924,0.098946914,-4.2628193,-1.5913543
E01004859,49.1134,-0.33651167,-3.9119933,-2.0279527,-1.8876622,-0.06357622,1.6931661,0.02431569,-8.993097,-1.1949902
E01004860,49.1134,2.427751,4.0109963,0.2348599,-0.6730054,-0.40303993,0.23657227,0.22728224,0.5772317,-1.0808831
E01004861,49.1134,-0.1642245,-5.343415,1.38646,0.83618295,-1.0286633,0.28729513,-0.18905315,-6.5445933,-1.6491681
E01004862,49.1134,0.25231826,-5.270892,-0.7208006,1.29957,-0.15495159,0.6159609,0.14772844,-10.288512,-1.6888325
E01004863,49.1134,-0.67300355,6.679706,-0.9336092,1.082767,-0.7128967,0.14719728,0.30957273,-7.590366,-1.7317249
E01004864,49.1134,3.4575794,8.724341,1.2633351,-0.6068848,-0.92206436,0.12688604,0.09285954,2.8761356,1.0261918
E01004865,49.1134,5.170441,0.6859935,-0.4982187,-1.0738028,-0.32241023,-0.027586391,0.18834329,0.198746,-1.2063069
E01004866,49.1134,-2.181837,-0.7302318,-2.1388614,-1.128827,-0.24686596,0.19061944,-0.33019757,-11.311905,-1.804467
E01004867,49.1134,5.301529,8.526965,1.8263503,-0.8669608,-0.840089,0.056703355,0.2224282,4.1656632,-1.523822
E01004868,49.1134,5.540007,3.638507,1.3842381,-0.75137687,-0.49453807,0.04622925,-0.39979684,2.773659,-1.1514174
E01004869,49.1134,6.1352625,7.9708104,-1.0141355,-1.0342436,-1.12558,-0.027217593,-0.08503817,1.0841442,-1.1564751
E01004870,49.1134,5.090291,4.3860726,-1.5962142,-0.59010416,-0.36297587,2.9939802,-0.17684832,2.9796386,-1.1168163
E01004871,49.1134,5.3811274,6.177098,1.4400718,-0.7345852,-0.5789261,0.40945855,0.09431836,2.2811627,-1.5554271
E01004872,49.1134,4.6115894,9.447442,1.134609,-0.2499093,-1.2823752,0.008414802,0.27125338,-2.4783256,-1.3445269
E01004873,49.1134,1.0148787,7.9446054,2.1638594,1.5230901,-0.35952324,-0.15273486,-0.21825427,-7.2558894,-2.0716329
E01004874,49.1134,-2.2950983,3.0206714,3.2124684,0.5577859,-0.16727786,-1.4807202,0.08428495,-4.266356,-1.6625112
E01004875,49.1134,-1.443194,10.061226,2.29776,0.4879806,-1.0445635,0.13623686,-0.085617,1.1906718,1.487893
E01004876,49.1134,-2.8781834,-2.409598,0.010650823,-0.019029902,-0.2526599,0.35796794,-0.16039997,-6.6761675,-1.9183362
E01004877,49.1134,-2.2237093,0.4397781,-2.0104296,0.1503681,-0.21596788,0.60124314,0.014455883,-11.852028,-1.9377477
E01004878,49.1134,-0.51695246,5.60813,2.2107942,-0.34975561,-0.88758403,0.2114747,0.15711886,2.088612,-1.2197101
E01004879,49.1134,-2.5057623,-4.9806314,0.296121,0.79499495,-0.14062254,0.029662598,-0.34267336,-6.355916,-1.9195609
E01004880,49.1134,-1.4868845,8.042072,2.615897,2.4028919,0.8764554,0.24515736,-0.14990754,7.5006423,1.8953868
E01004881,49.1134,3.4820933,4.5617537,-1.0770266,-1.2850753,-0.27685767,0.018489348,0.29780522,-5.7692466,-1.7879832
E01004882,49.1134,1.5171171,-1.7789301,-0.18596748,-0.9742319,-0.0025006249,0.17381696,-0.037049197,2.9445586,1.4992934
E01004883,49.1134,0.51717895,-4.148412,0.20741856,-0.30259544,-0.31479236,0.41035345,-0.012788786,3.5651543,1.351536
E01004884,49.1134,-0.68876857,-3.6667964,0.760659,0.3819888,1.0350237,0.4957242,0.38152906,6.657125,1.3263403
E01004885,49.1134,-1.0504522,-3.509994,2.5009377,0.5152366,1.043677,0.17030774,0.3863497,4.5628476,1.4079413
E01004886,49.1134,-1.9928284,5.623603,-2.1375742,0.098906994,-0.24250281,3.1373615,-0.15122041,-6.669664,-1.8024378
E01004887,49.1134,-2.1642604,4.440252,-2.019227,1.1239737,-0.358191,0.10915096,0.17645684,-6.672879,-1.4893792
E01004888,49.1134,-2.9433856,-1.2606758,-1.6094129,0.27776158,-0.3138557,1.4349606,0.27142647,-3.4516208,1.3307676
E01004889,49.1134,-0.4155089,-0.95739156,2.6628373,0.77977246,-0.2749899,0.10407282,-0.12920389,-3.3929367,-0.09185547
E01004890,49.1134,5.8843474,3.8603644,-0.66296184,-0.7583001,-0.52631605,0.5787988,0.049177602,5.2922673,0.8149058
E01004891,49.1134,-1.8105215,-14.2472315,0.19032927,0.52576923,-0.2074014,0.27422598,0.31678268,2.9126933,1.7048604
E01004892,49.1134,-1.5786942,5.383397,-0.40646702,0.66805196,1.4246142,0.54697084,0.24727985,4.979798,1.8233355
E01004893,49.1134,-1.9185464,-1.9009135,2.4367328,1.8048494,1.0845734,0.2493429,0.30721113,6.5736876,1.4855567
E01004894,49.1134,1.1264533,-19.093512,0.42952818,0.039946187,-0.9156739,-0.052823447,-0.07674894,1.9135662,0.69590485
E01004895,49.1134,-1.9791645,5.541327,-1.1007462,0.12780866,-0.46512362,0.5136399,0.2526317,-6.0245576,0.09419524
E01004896,49.1134,-1.1187955,9.657239,2.9376628,2.51206,1.8933628,0.2859631,0.81208444,7.1306906,2.1383288
E01004897,49.1134,-0.46358037,3.159725,1.6209838,0.23166688,0.020094065,0.14532323,-0.22314522,7.003442,1.4406046
E01004899,49.1134,-1.9490547,-19.519175,2.8160827,0.29181182,-0.11037793,-1.07213,0.10405108,1.7236378,0.30143455
E01004900,49.1134,-1.5003057,-22.969666,3.617006,0.43210018,0.25412506,0.4572024,0.50244886,3.2703822,1.1246448
E01004901,49.1134,-1.7661757,-8.609786,-0.28400218,0.76549816,-0.1481091,0.59744406,-0.15197496,4.7372174,1.9017553
E01004902,49.1134,-0.08929061,-5.4541965,-1.406638,-1.3266625,-0.19767706,0.10364691,0.07102335,0.4692902,-1.3258018
E01004903,49.1134,0.5850632,-14.66106,0.63473713,0.22950539,-0.6842428,-1.1031872,0.37077013,3.809579,1.4106145
E01004904,49.1134,-0.74283135,-18.580889,-0.3546844,0.34905443,0.072169535,-0.023618497,-0.016966848,3.0416462,1.5204034
E01004905,49.1134,2.2107775,6.1812234,1.0630196,-0.25483137,-0.27857584,0.15201333,-0.17151608,0.7932648,-1.5155271
E01004906,49.1134,-0.29749718,-2.494151,-2.2655506,-1.9748799,-0.19538969,0.1865389,-0.27371657,-6.5300093,-1.7722446
E01004907,49.1134,-1.9976684,8.639996,3.1575246,0.595794,-0.4102883,-0.95560366,-0.15179387,-6.637251,-1.7446845
E01004908,49.1134,-1.4763108,9.95511,3.1696525,1.6436708,-1.005965,0.16554902,0.2021197,4.1221237,2.0862956
E01004909,49.1134,-2.7471519,-2.4851487,-1.3431115,1.181338,-0.28116181,0.49869487,0.23019452,-4.742194,-0.3704842
E01004910,49.1134,-1.7460312,-18.813326,-1.5587507,-0.1658343,0.43590194,1.8393041,-0.042634346,3.671975,1.1369492
E01004911,49.1134,-1.0350349,-2.4300356,-1.594614,-1.3554469,-0.23979245,0.9393613,-0.32265663,-4.3316803,-1.657228
E01004912,49.1134,-1.4533063,5.1854305,1.3470563,0.39909658,0.32146895,-1.4075851,-0.06939337,5.2153716,1.822049
E01004913,49.1134,-0.89504766,-5.248875,-0.18724178,0.6716498,-0.23813637,0.38141274,-0.1306558,3.0430577,1.0461806
E01004914,49.1134,-2.3296266,5.025677,1.8887577,0.6809358,0.088782065,0.35965365,0.036015373,5.2107434,1.6951542
E01004915,49.1134,-2.2881613,8.82003,3.1288927,2.7271864,1.5962808,-1.2247288,0.10514971,7.0119286,1.9786847
E01004916,49.1134,-2.2668307,-1.0305089,-0.8620031,-0.035420075,-0.24815919,0.16997826,-0.060250536,-2.8553314,-0.14840683
E01004917,49.1134,-2.0417886,-7.0540013,0.18387067,0.8053046,-0.37653825,0.21153226,-0.09971534,-0.14991084,-1.0130947
E01004918,49.1134,-1.4621583,5.834282,3.2745886,2.0862572,0.59681463,-1.0732902,0.11114057,7.561153,2.006201
E01004919,49.1134,2.1316397,9.550942,1.8458512,-0.06297183,2.2701218,0.2203834,0.014731115,6.8039865,1.9236662
E01004920,49.1134,-0.28915775,9.524029,2.305909,0.09371626,-0.95032704,0.25193852,0.13286282,1.269919,1.5272741
E01004921,49.1134,2.1935573,9.133526,0.3775043,-0.18418492,-0.8973671,0.35297963,0.0036717062,4.3999844,1.3593926
E01004922,49.1134,3.7256627,0.5652304,-0.43772343,-0.8981096,-0.4253009,0.44107273,0.19362305,0.09903756,-1.0307953
E01004923,49.1134,4.7014995,0.69127804,0.17583412,-0.80170953,-0.5054615,0.68803763,-0.034121655,5.0502753,0.58719045
E01004924,49.1134,-1.70874,-1.5397561,2.060181,1.8285385,1.0827123,0.1547968,0.76792055,4.5869036,1.4639124
E01004925,49.1134,0.8701893,8.139054,1.2781353,0.12517904,-0.42955106,0.09698437,-0.06448055,4.948317,2.0109527
E01004926,49.1134,2.3176126,7.8036056,3.2340162,0.5423606,-1.3815402,-0.12958053,-0.05682771,-10.615868,-1.9668597
E01004927,49.1134,0.16982259,-8.597948,-1.5207067,-1.977524,0.0136479605,0.25806296,-0.007746348,-7.2297173,-1.4030597
E01004928,49.1134,5.9167914,8.584745,0.15989345,-1.0425552,-0.9428872,0.00088745425,-0.6865594,3.1978762,-1.603759
E01004929,49.1134,0.60192794,-5.9744015,0.0070675123,-0.029433105,-0.15703857,-0.02293315,-0.07606122,-3.6513891,0.112123
E01004930,49.1134,-0.7770329,10.251819,2.422892,0.33153123,-0.16433717,0.19043025,0.19446412,5.295955,1.959555
E01004931,49.1134,-1.2376326,0.25218743,-1.0919347,-1.2795402,-0.35983333,0.3885492,-0.3022099,-6.276504,-1.7765753
E01004932,49.1134,3.1394422,-1.6643817,0.3908372,-1.0495187,-0.35115823,0.5642561,-0.0038285097,4.0621424,-1.3061329
E01004933,49.1134,-1.4234262,0.16480704,0.8626682,0.5319982,-0.31161878,0.4585111,-0.13135982,5.192214,1.7258029
E01004934,49.1134,-2.0085526,-20.560602,3.1954753,0.425889,-0.2622781,-1.3783162,0.05214778,-4.504385,0.5376656
E01004935,49.1134,-0.2495717,-11.23028,0.8591008,0.19888596,0.18308118,0.038049236,0.24033067,3.944932,1.5150775
E01004936,49.1134,0.56668085,-18.779495,0.10337187,-0.0879005,0.07326801,0.09474297,0.047958057,1.9683883,0.27878362
E01004937,49.1134,0.15924528,-10.27101,1.7825739,0.47607574,0.54360545,-0.82049584,0.1464071,3.565643,1.5512161
E01004938,49.1134,-0.95676255,3.5995786,-2.6739478,0.060589667,-0.28631884,0.28501794,-0.08395877,-12.490725,-2.1339989
E01004939,49.1134,-2.2087128,-6.561851,-0.052121326,-0.17165063,-0.5329727,0.12171381,-0.14989409,-0.22553839,-0.9807192
E01004940,49.1134,-1.7102315,3.6136205,1.8142087,1.5957725,-0.55256534,0.25677964,0.16052,5.322338,1.8600851
E01033217,49.1134,-3.5508342,-18.62559,-4.075164,-2.1080322,0.92266685,-0.7345138,-0.36836153,-5.7889776,-0.7437028
E01033218,49.1134,-2.0736291,-27.143507,-0.27044773,-0.5599278,-0.20906514,0.32966506,0.27596742,3.4222453,0.9798057
E01033219,49.1134,-0.2578673,-10.169657,1.5444319,0.244528,0.4818504,0.1361735,0.33971733,3.6873448,1.3998243
E01033220,49.1134,-0.48731074,-12.800841,-3.035298,-0.97171223,0.989915,1.8553854,0.035507992,-8.352195,-0.987067
E01004941,49.1134,-3.2309134,-5.4176702,0.9168708,-0.52940565,-0.46752882,0.23122922,-0.16181952,-4.37034,-0.09302212
E01004942,49.1134,-2.8402338,7.8523264,1.4151796,-2.1881251,-0.4138968,0.05580555,-0.34562546,-12.031865,-2.5108447
E01004943,49.1134,-1.700479,-3.078977,0.17314127,0.5553655,-0.27545193,0.6717822,-0.017182067,3.3851967,1.0772359
E01004944,49.1134,-1.3846072,-10.69145,1.6701335,0.44600585,-0.60097617,0.15657747,0.3482023,4.6768703,1.9158165
E01004945,49.1134,-1.6593603,4.425018,1.7892045,0.4218518,1.2832605,0.3335608,0.13663347,4.1730227,1.6414448
E01004946,49.1134,-3.709721,2.3305795,-3.2598739,-2.425971,-0.27522773,0.2302616,-0.14329389,-13.203879,-2.2406201
E01004947,49.1134,5.7666345,4.9321113,0.2689154,-0.8668295,-0.54401207,0.10398996,0.2125838,2.4609199,-1.0726057
E01004948,49.1134,2.438934,3.7461643,-1.2670313,-0.11703669,-0.23805101,0.7426807,0.32043317,-3.603839,-1.5372498
E01004949,49.1134,-0.8556596,-3.3139968,3.6721666,3.1213555,0.564276,-0.10678191,0.6879362,8.124302,1.7825742
E01004950,49.1134,-2.3075974,5.8996234,-1.2031924,1.6817832,1.603389,-0.028349902,0.11155477,4.011962,1.8927674
E01004951,49.1134,-1.374622,6.1286035,2.466994,1.6374052,1.3405261,-1.1079642,0.18731874,6.9943795,1.9538566
E01004952,49.1134,-1.8264787,9.7775955,3.0540156,2.5440457,1.7369053,-0.8482874,0.9066735,7.437024,2.1642208
E01004953,49.1134,-1.6763855,3.055841,0.08373693,0.68598074,-0.67451066,0.02830607,0.23614585,2.9952312,1.7139974
E01004954,49.1134,-0.62981796,-0.90014744,0.36463115,0.47608528,-0.6867758,0.08879127,-0.11462784,2.8164036,1.4180617
E01004955,49.1134,0.68694663,5.870597,1.5909519,-0.18107018,-0.35739082,-1.1575342,-0.13685992,0.7965258,-0.05980223
E01004956,49.1134,4.269994,4.401361,-1.734644,-1.3043569,-0.423616,-0.10243672,0.364156,-5.6051636,-1.430466
E01004957,49.1134,-2.521663,3.8590193,-1.1529734,1.0632874,-0.0807076,0.14000574,0.11190068,-10.963348,-2.2313972
E01004958,49.1134,7.7678638,5.2150126,-1.3398153,-1.0836647,-0.5932242,0.57237935,0.22404657,-3.1218064,-1.4716471
E01004959,49.1134,2.6929312,3.325449,0.21303296,-0.8690832,-0.2870985,0.2875496,0.20076421,0.24759299,-1.5394654
E01004960,49.1134,-2.7011201,7.8289833,1.0133673,1.2467697,-0.27881122,0.3063881,-0.017055329,-12.99117,-2.2235935
E01004961,49.1134,-1.3888195,5.8413844,-1.10733,0.14596094,-0.18271104,0.09683119,-0.051737696,-2.2709887,1.2466239
E01004962,49.1134,3.932661,-3.191594,0.38514408,-0.8960747,-0.51064646,0.30817804,-0.037227586,6.451253,1.1332337
E01004963,49.1134,-1.3073341,-3.3581796,0.016224137,0.6664623,-0.2588979,0.07194759,0.3220282,3.1410484,1.6424816
E01004964,49.1134,3.0110083,-2.5364377,-0.26137644,-0.7703838,-0.39518872,0.61691767,0.016504092,3.3030784,0.4491733
E01004965,49.1134,-1.671344,5.53964,1.0514174,0.47506905,1.2235647,0.124784134,0.47049242,4.805576,1.5962117
E01004966,49.1134,-2.5163226,-2.4307015,0.41024056,1.0611612,-0.18645997,0.35876355,-0.16972473,-3.9750519,-1.3421826
E01004967,49.1134,-1.7149147,5.8412204,3.2604945,2.4098346,1.2416437,-0.98904145,0.10489243,7.3465595,1.938798
E01004968,49.1134,-1.0427115,3.7231698,3.1015208,0.3421561,-0.25658664,-1.0864452,0.1650847,7.4727077,1.6756471
E01004969,49.1134,-1.9289858,9.30414,-1.8639985,0.2833976,-0.29279536,3.1946251,0.19461566,5.427531,-2.0367036
E01004970,49.1134,-1.509326,6.756942,2.654437,1.905518,0.5390143,-1.3045437,0.101893686,5.1507373,1.8830805
E01004971,49.1134,-1.5318406,10.762771,1.1277069,0.33613208,1.7297001,0.122422576,0.14565237,7.1707234,2.030821
E01004972,49.1134,3.4513812,7.64615,0.5803616,-0.45914605,-0.64692503,0.006800549,-0.2175571,-6.555391,-1.2912564
E01004973,49.1134,0.9873949,6.5426517,1.7428881,-0.12913883,-0.80703497,0.13282001,0.022400146,5.104141,1.5533233
E01004974,49.1134,-0.5860505,9.005857,1.2645103,0.54545826,-0.8431298,0.40813693,-0.16136126,5.2805285,1.8339612
E01004975,49.1134,3.3517942,0.22603345,-1.0841942,-0.84155107,-0.43469876,0.37898475,-0.008153216,0.49177864,1.0851204
E01004976,49.1134,-2.3992436,1.3155063,0.3140052,1.2028654,-0.35855612,0.27250686,-0.19962552,-3.4210346,-1.6621387
E01004977,49.1134,-0.73177105,-4.844699,-1.2884415,-0.21155082,-0.18098791,0.34646922,0.0070358627,2.842084,1.2967353
E01004978,49.1134,4.3276443,5.84978,1.3492924,-0.6934281,2.2930365,0.20707022,0.2771426,3.7775657,-1.0119869
E01004979,49.1134,8.145854,4.6325417,-1.3506334,-1.0480797,-0.60643303,0.30305707,0.13217007,-4.664308,-0.8300934
E01004980,49.1134,6.8813334,0.1278734,-0.37918964,-0.90816456,-0.5613372,0.53182465,0.19193968,3.0657218,-1.0012169
E01004981,49.1134,-0.33101302,7.1958165,0.55178225,0.62557274,0.90885043,0.3150004,-0.10742162,2.195968,1.9555767
E01004982,49.1134,-1.0946592,-11.76559,1.398873,0.34283924,-0.060079806,0.09018865,0.38689715,4.0306787,1.7523118
E01004983,49.1134,-2.1121385,-1.0192639,0.09052684,0.7358626,-0.29102573,0.6949461,-0.18412596,5.3624825,1.5703009
E01004984,49.1134,-2.7356718,9.507314,-1.0167128,0.8393184,1.934165,0.16666849,-0.09817151,5.3090105,1.8997554
E01004985,49.1134,-2.2273219,5.4296517,0.6755469,0.8403131,1.4666008,0.5435873,0.22299781,4.818114,1.5982101
E01004986,49.1134,1.6132295,3.7283494,-2.2507207,-0.26024485,-0.3385495,0.28579268,0.074529715,0.7992188,0.93044984
E01004987,49.1134,-2.652183,6.0020633,-2.8994577,-0.15087663,-0.48149097,0.0999596,-0.4039693,-12.4844055,-2.5139494
E01004988,49.1134,-0.511895,4.1766057,2.002215,-0.2778138,-0.23971422,0.15686806,-0.1152617,3.635036,1.5774945
E01004989,49.1134,-1.6981164,-3.6922965,-0.39868703,0.8210009,1.2057675,0.5485964,-0.16193429,7.200134,1.5079212
E01004990,49.1134,-0.62053186,3.2067766,0.42825067,-0.62172323,-0.31109923,0.18205957,0.19621442,0.81164634,-1.1789352
E01004991,49.1134,-2.0467086,-20.198278,0.07716239,-0.37029037,-0.32631925,0.23802802,-0.044913203,2.565906,0.20236234
E01004992,49.1134,2.2701297,5.170699,0.5366367,-0.7435665,-0.4498725,0.39160025,0.13575774,4.123305,-0.0670619
E01004993,49.1134,-1.5577661,-6.4990573,1.8017117,0.546826,-0.15992816,0.115968145,0.27406818,0.00047965563,1.3079505
E01004994,49.1134,4.83361,-0.91814375,-0.9721978,-1.0247091,-0.41513655,-0.090840794,0.016280983,-2.4530756,-1.142322
E01004995,49.1134,-1.1089658,9.079596,2.119587,0.26866817,-0.15728424,0.20958123,0.25352287,5.8291955,1.8214854
E01004996,49.1134,2.1407654,-1.2508606,-1.2538121,-1.1042393,-0.14495145,1.2239906,0.08097455,-5.728874,-1.5092535
E01004997,49.1134,2.2621133,-2.2913659,1.3410976,-0.71497446,-0.62596685,0.0053214906,-0.1511199,4.4650373,0.88982403
E01004998,49.1134,-0.4427153,8.783824,2.0013325,0.39916858,-0.7328537,0.20786119,-0.18611586,4.8844757,1.7670884
E01004999,49.1134,-1.358212,-1.2413574,2.7068818,0.5962092,-0.51863945,0.18661918,0.26103026,4.7516947,1.6229717
E01005000,49.1134,-0.87357396,-1.2833873,1.7467072,0.33822012,0.13351077,-1.1729078,0.38259462,4.958015,1.373711
E01005001,49.1134,-2.100262,-18.836748,3.8133352,0.2259709,-0.22228819,0.1923609,0.00310831,2.5206554,1.432689
E01005002,49.1134,-1.9562508,9.576624,0.6909406,0.78206724,-0.68244624,0.14787005,0.013904538,2.9254262,2.0715785
E01005003,49.1134,2.322096,4.270876,1.25372,-0.42764786,-0.3197715,0.16686666,0.110799424,0.46939147,-1.118916
E01005004,49.1134,-3.1042361,5.977494,-3.4583163,-0.3682148,-0.3541282,-0.039375108,0.03198065,-13.197038,-2.3241594
E01005005,49.1134,1.1599394,5.9601007,1.801306,-0.17071125,-0.7084056,0.13810474,0.20691185,5.069911,1.6349523
E01005006,49.1134,-1.6830052,2.8613367,0.88406485,0.48221982,0.6787239,-0.33741277,0.00038262643,2.2526648,1.7175789
E01005007,49.1134,-0.45201454,7.938897,-0.8552713,0.003765896,-0.6573271,0.8368233,0.040913098,5.4879313,2.0470564
E01005008,49.1134,3.6126,-2.5778103,-1.2771037,-1.5727787,-0.24820685,-0.009011222,0.15126905,-6.3128605,-1.2620448
E01005009,49.1134,4.8115005,-2.6728718,-0.90192527,-0.9421135,-0.3369894,1.2389117,-0.045386188,-3.872506,-1.109002
E01005010,49.1134,-0.72229123,-0.9776206,1.5908431,0.39128256,0.21738112,-0.8786647,-0.09217079,4.1244135,1.4108444
E01005011,49.1134,1.6059097,11.2887335,1.8820812,0.08974061,1.9939489,0.13477637,-0.07691518,4.799948,1.8476368
E01005012,49.1134,-0.4630711,-5.060141,-1.3143266,-0.0786184,-0.17534877,0.9988388,0.028830208,-3.5551527,-1.2318648
E01005013,49.1134,0.066922024,-6.154823,0.64116716,0.6869255,-0.28731957,0.22578572,-0.10209661,0.044392765,-1.2483889
E01005014,49.1134,2.835283,-5.9507856,-1.2353652,-0.2742397,-0.32111067,1.8831517,-0.0271277,3.6982255,1.1622332
E01005015,49.1134,2.6344151,-0.10203159,0.15170649,-0.92123044,-0.3208753,-0.6808059,-0.091821015,-4.273719,-1.2221849
E01005016,49.1134,4.906158,5.3247657,1.1418878,-0.7368144,-0.5752478,0.14620452,0.06284744,4.7997975,0.991626
E01005017,49.1134,0.55383015,-6.154432,0.9721621,-0.2964683,0.2836348,-0.035722136,0.2702009,2.4034545,1.4990085
E01005018,49.1134,0.79977655,-0.30822957,0.0016371533,-0.6310272,-0.35670504,0.06495004,0.0063641984,0.34195602,0.95180684
E01005019,49.1134,-0.5510254,0.42561594,2.3238766,0.39114815,1.0806179,0.14948112,0.4068961,4.177715,1.4419662
E01005020,49.1134,-1.7286279,-4.434318,3.4907718,2.2848096,1.0252643,-0.7938166,0.7052016,7.722914,1.8626099
E01005021,49.1134,1.9218713,5.621718,2.0404563,0.70963544,1.9057572,0.27337033,0.10925397,6.503367,1.503133
E01005022,49.1134,2.9780748,3.1751986,0.8109754,-0.2741859,1.7856525,0.20026502,-0.1258685,4.896689,1.3372782
E01005023,49.1134,-2.0107908,7.6711636,2.870059,0.32925147,-0.9769598,-1.2850556,0.15951358,2.6334379,1.8809603
E01005024,49.1134,1.9225128,-15.292102,-1.7448126,-1.455249,0.24202505,-2.155972,-0.47518328,1.4099157,-0.9458067
E01005025,49.1134,0.17192037,0.097008854,0.1128952,0.5052227,-0.306511,0.15648125,0.04397913,3.7254603,1.0554587
E01005026,49.1134,2.8906856,-9.381851,0.23944268,-0.81993294,-0.40736467,-0.12912369,0.034944914,4.49549,-1.157616
E01005027,49.1134,3.7102485,-9.276528,-0.9984468,-1.0396315,0.21002471,2.2799807,0.14268433,2.9928982,-1.2188019
E01005028,49.1134,-2.5629203,3.873646,-3.516188,1.1017665,-0.37642246,-0.13217384,-0.13613185,-11.777659,-2.0375721
E01005029,49.1134,2.5115373,8.732989,0.42180765,-0.3791026,-1.1063445,0.08648201,0.27357832,4.5656896,-1.3931497
E01005030,49.1134,-2.5157232,4.069579,-2.3204796,1.1828108,-0.2268194,-2.3389008,0.23922232,-11.0851555,-1.9581269
E01005031,49.1134,-3.1292303,4.3757415,-0.29484862,0.31963235,-0.32121596,-1.6424251,0.007478354,-4.3772745,1.1721077
E01005032,49.1134,-2.8743086,-4.6378593,-1.3536699,0.23200785,-1.081905,0.30097678,-0.22467764,-7.2035084,-1.8503484
E01005033,49.1134,-0.55197567,-6.534539,-0.2789414,0.7504055,0.90090406,0.27924666,-0.14610837,4.202767,1.5841448
E01005034,49.1134,1.3209786,6.6090636,0.60677004,0.17666279,0.6557979,0.3120582,-0.032187223,4.779039,1.9162205
E01005035,49.1134,3.17802,7.0727134,0.4272244,-0.06123229,0.3733612,0.23322526,-0.009302752,3.9478133,1.6525543
E01005036,49.1134,-2.7030241,-5.4844794,-2.7408206,0.119438715,0.0664771,1.4602915,-0.37104177,-6.1374087,-0.7823175
E01005037,49.1134,-2.0904539,8.482127,-0.6975355,0.7171669,0.07457365,2.5480216,-0.18096057,7.538165,2.0465348
E01005038,49.1134,-1.6182815,-3.8171806,2.3069682,0.61821735,0.9526267,-0.059746724,0.35262224,6.9804235,1.3609711
E01005039,49.1134,2.373705,5.7977734,-1.7594298,-0.1426066,-0.53821534,-0.13557388,-0.20277143,-5.529784,-1.4213835
E01005040,49.1134,-2.1082976,9.07317,-0.031853847,0.6982525,-0.7415385,0.07655624,0.051253743,4.731834,1.4654901
E01005041,49.1134,-1.4604518,9.72492,1.2615952,2.2121823,1.9047073,0.25084227,-0.018118735,7.5626607,1.9501051
E01005042,49.1134,-0.4191379,10.230871,0.6273914,0.6224944,2.1565182,-1.4383143,-0.0644789,4.300035,2.031246
E01005043,49.1134,-0.7384438,11.225368,0.45236152,0.62350875,1.9376503,-1.0560019,0.023124654,7.0482845,1.9290231
E01005044,49.1134,5.3457932,11.084267,-0.9296804,1.028471,3.123731,0.62784344,0.1532208,4.9744267,-1.1580505
E01005045,49.1134,2.225545,4.553377,-0.85621613,0.20749125,0.6141078,0.67117095,0.030348301,2.3258898,1.3250668
E01005046,49.1134,-2.2836907,5.9868855,-0.8136819,1.7437398,1.5059855,0.85823095,-0.0036382792,7.216526,2.0353317
E01005047,49.1134,3.3138885,-0.11929761,1.6031066,0.18365362,1.9903713,0.095262915,0.31190732,5.9995556,1.2610763
E01005048,49.1134,-1.4241974,5.319951,1.6134759,0.3012919,1.2112913,0.30017984,0.33338395,6.780845,1.4932058
E01005049,49.1134,2.2266233,4.874596,1.221765,-0.4722339,0.37481505,0.18147069,-0.063392095,6.758453,1.3519403
E01005050,49.1134,1.83858,-1.1342384,1.8883158,-0.15457432,-0.46878126,-0.75716925,-0.08572655,4.516058,1.2158035
E01005051,49.1134,2.2174163,-0.80255264,-1.2629938,-0.7505667,-0.352248,-0.16814344,0.08104734,2.8226357,1.281133
E01005052,49.1134,-0.81465876,6.309786,2.1861968,0.31458357,-0.041661855,0.2623102,0.2244538,6.155441,1.7141995
E01005053,49.1134,2.2237887,0.37213647,0.8601113,-0.19058384,-0.44756037,0.024237808,0.015537939,3.346645,1.2282484
E01005054,49.1134,-0.22769809,-0.86214095,0.15145239,-0.22803654,-0.3083096,0.14820012,-0.08709638,3.2499127,1.5881175
E01005055,49.1134,-1.6636245,10.070029,1.9808221,1.6926177,1.0974894,0.4318034,0.27207786,7.315174,2.046337
E01005056,49.1134,-0.8309446,5.3353305,-0.41609886,0.43396378,0.27272683,2.2765355,0.41383234,7.546223,1.8358217
E01005057,49.1134,-1.3822645,-9.480885,1.3857324,0.3910073,0.1880413,0.109477915,-0.11546856,3.7940187,1.772834
E01005058,49.1134,-1.8686999,9.199921,2.7810192,2.076112,1.796599,0.12838793,0.14258699,7.2258973,2.0035982
E01005059,49.1134,-2.5051377,-8.744272,-1.0402609,1.0252488,-0.23485015,0.21256472,-0.122985624,-0.7161388,0.6786918
E01005060,49.1134,-1.4361131,-0.94325376,0.059952665,0.83994627,-0.66876334,0.36619413,-0.15229882,4.284599,1.6293315
E01005061,49.1134,-3.339954,-19.207048,-1.585374,0.02527757,-1.1445062,0.097570725,0.5910795,-10.273403,-1.3266369
E01005063,49.1134,-4.2259464,-14.032158,-2.1446548,-2.7874177,-0.39577004,1.7601999,-0.17908001,-9.855735,-1.3432866
E01005065,49.1134,-3.207704,-8.242472,-1.591127,-3.0481396,-1.2221775,0.07922488,-0.19357392,-12.468129,-1.8351073
E01005066,49.1134,-4.1579437,-0.8768808,-3.013721,-3.13661,-0.25425732,0.02518622,-0.061230563,-12.622267,-1.7894953
E01005067,49.1134,-0.3078369,-12.382539,-0.778604,-0.50208664,-0.15559867,0.85813975,-0.19020565,-7.623543,-1.4994828
E01005068,49.1134,-3.8751414,2.5950289,-2.346503,-1.2779886,-1.0147653,0.13749847,0.09393424,-10.809499,-2.1924365
E01005069,49.1134,-2.0866854,-4.9774647,-0.48636982,-0.6295493,-0.20097956,0.3980596,-0.055007044,3.3547087,1.8411659
E01005070,49.1134,-3.4434242,0.895971,-2.0871427,0.18229692,-0.6041955,0.57480913,-0.14927958,-11.888119,-1.973352
E01005071,49.1134,-3.8440452,6.717745,-2.0356457,-0.22727756,-1.2879338,0.45113927,0.20014443,-7.5940638,-1.5172206
E01005072,49.1134,-4.178809,-4.219954,-1.9959109,-2.4228866,-0.18163493,0.27524942,-0.0370783,-6.383958,-1.6539869
E01005073,49.1134,-2.8488734,0.53380704,-0.5553255,0.9191535,0.58850056,0.17842652,0.2659055,0.569391,1.6992639
E01005074,49.1134,-3.4937453,4.469351,0.47612613,0.706432,-0.251566,-2.1742802,-0.16487794,-10.554974,-2.488933
E01005075,49.1134,-3.5542963,-1.7808892,-1.7896342,-0.2311147,0.012116162,0.1634534,-0.10498107,-9.404353,-1.837331
E01005076,49.1134,5.3747773,0.6764594,-4.1760035,0.0023978099,-0.50207055,-0.121553004,-2.049843,3.1722372,0.78806204
E01005077,49.1134,1.1426669,5.6077833,-1.0235587,0.80378073,-0.6253454,-1.9123179,-0.5821768,-11.992955,-2.6471488
E01005078,49.1134,0.5606726,-8.746417,-3.414642,-0.08767303,-0.01245895,1.5718595,-0.6283074,2.7711155,1.2677946
E01005079,49.1134,-0.44223398,0.030108968,0.040115703,0.89777666,-0.31748098,0.35164374,-0.13388741,0.3579879,1.5153888
E01005081,49.1134,-1.8866568,4.363201,-3.2800424,0.16241553,-0.34513888,0.40213722,-0.33805087,-12.847902,-2.4094167
E01005082,49.1134,-0.9368175,-0.8851722,-0.88452077,0.74061453,-0.7518279,0.33285087,-0.32329756,-6.69956,-1.6894482
E01005083,49.1134,4.8114576,4.2477117,-3.9704704,0.10797847,-0.758353,-0.38575605,-2.0559156,4.832821,0.8260978
E01005084,49.1134,-2.2258177,-9.030124,-1.2417656,-0.11738138,-0.2312889,-1.484047,-0.08105578,-5.021653,0.9847711
E01005085,49.1134,-2.525947,-0.7218988,-0.10245341,-0.7634431,-0.14435647,-1.2971891,0.09538554,-10.936919,-1.6786637
E01005086,49.1134,-2.4496944,5.016508,0.9020324,0.05440236,-0.2258643,-0.78461164,-0.1928977,-11.967345,-2.313803
E01005087,49.1134,-2.401806,1.0445403,1.587658,0.9690058,-0.114391245,-0.483932,-0.21988812,-10.997733,-1.8220084
E01005088,49.1134,-3.012874,2.6816752,0.10932494,-0.21821992,-0.22652861,-1.5582489,-0.23562317,-13.559997,-2.2789009
E01005089,49.1134,-3.1302302,2.7002556,0.3349589,0.19851875,-0.195018,0.24281605,-0.21317084,-11.72676,-2.034639
E01005090,49.1134,-3.674375,0.672954,-2.6860354,-2.3196187,-0.309154,0.008907337,-0.09373284,-14.449511,-1.9374561
E01005091,49.1134,-3.1343114,-0.7302286,-0.3440879,0.2278356,-0.15252203,0.25900558,0.13226447,-10.781148,-1.7776797
E01005092,49.1134,7.2426476,7.360662,0.6791008,-1.08908,-0.7392964,0.02075462,0.21069032,-6.3675113,-1.0786725
E01005093,49.1134,1.1259762,5.1089454,0.21212995,0.037941314,-0.32462224,0.16728723,0.20515317,-6.6271524,-1.8042915
E01005094,49.1134,7.163606,6.9734836,1.5440501,-0.73884404,-0.5138654,-0.109715834,0.121528834,-6.083392,-0.9841431
E01005097,49.1134,0.051786687,9.112315,4.6829443,1.1340152,-0.23849548,-0.5608257,-0.113293044,-10.285875,-2.0068471
E01005098,49.1134,-2.706191,6.8989778,-2.736523,0.31036976,-0.41249436,-0.0009754535,-0.034191046,-13.011056,-2.4453547
E01005099,49.1134,-0.96729606,0.74211174,0.35818323,-0.012742602,-0.24638587,0.40848204,-0.16453153,-11.381458,-1.8101231
E01005100,49.1134,-2.0918636,0.7132058,1.7394564,0.94980276,-0.32744995,0.259416,-0.19535425,-4.7832704,-1.6947994
E01005101,49.1134,0.3588612,2.6992233,1.6536874,0.5660701,-0.284041,0.696337,-0.27870288,-6.327807,-2.0535252
E01005102,49.1134,-2.6439269,9.560599,2.1011508,-1.1506243,-0.17616972,0.07291149,0.20570847,5.2519016,-1.586012
E01005103,49.1134,-2.5906332,4.613375,-1.9720011,-0.41742262,-0.28419846,2.4850602,0.16056497,-8.058605,-1.764661
E01005104,49.1134,-4.6447477,-5.31417,-1.8879621,-2.989083,-0.19062537,1.2772777,-0.1330457,-8.12704,-1.7159996
E01005105,49.1134,-2.6868086,-22.869337,-0.8829438,-0.027707055,-0.23403615,0.13289389,-0.66468614,-4.6215844,-0.96471065
E01005106,49.1134,4.2023544,-1.065969,0.3350799,-1.4125357,-0.45121586,0.39982143,-0.0526252,-6.5183725,-0.84078246
E01005107,49.1134,-2.7305238,-8.848253,-1.710157,-1.3064665,-0.11149503,0.3041039,-0.09958686,-13.100817,-1.8064249
E01005111,49.1134,-4.119904,6.467517,-1.7702179,-1.1799153,-1.1770427,-0.106408626,0.1770046,-7.6146054,-2.1198475
E01005112,49.1134,-2.2911906,6.5870686,1.9120111,0.070860565,-0.22397646,0.31000224,-0.11176973,-6.496114,-1.874058
E01005113,49.1134,-3.2462296,6.415754,-3.3851218,-2.2958684,-0.47356495,0.6229417,-0.21319908,-13.620388,-2.4073076
E01005114,49.1134,-2.0066988,-2.41368,-1.3699507,0.6045824,-0.3979416,0.6487992,-0.03323746,4.265928,1.6827023
E01005115,49.1134,-2.9932883,3.0677066,-1.3703632,-0.05109407,-0.46771592,-0.21957436,-0.08125967,-6.6711187,-0.040876217
E01005116,49.1134,-3.0306933,-9.890269,-1.9049146,-0.30585343,-0.059721544,-0.12295213,-0.14169666,-5.8204026,-0.9369673
E01005117,49.1134,-2.8634703,3.9128292,-3.1718304,-1.1949943,-0.2912813,0.2740506,-0.1724897,-12.577325,-2.0968268
E01005118,49.1134,5.948595,11.93344,2.002097,0.94043136,3.7819004,-0.5305733,0.23618451,1.1308,1.2879125
E01005119,49.1134,0.3987595,3.780018,-1.7226504,1.5440904,-0.32560453,0.13707033,-0.048684414,-7.774151,-2.0885153
E01005120,49.1134,-0.5745453,-2.862585,-0.8926766,-0.15525162,-0.19752386,0.11345632,-0.23826425,-2.8826685,-1.439682
E01005121,49.1134,1.2630041,5.6958838,-1.6546525,0.558672,-0.6000718,-0.1879795,-0.1966688,-10.429305,-2.6410115
E01005122,49.1134,-0.73020494,5.1143703,2.7448277,0.7865855,-0.99057764,-1.6341232,-0.18453124,-6.772655,-1.8041891
E01005123,49.1134,1.0435997,6.2436223,1.882222,0.704554,-1.2240231,-1.6135638,-0.0016445569,-11.701086,-2.429502
E01005124,49.1134,-0.6929274,5.9127,-2.3360295,1.2346925,-0.7853511,-0.11941637,-0.24608509,-12.500824,-2.4693775
E01005125,49.1134,0.94250375,6.7520347,0.7700695,-0.06294182,-1.1979978,0.27621862,-0.30535308,-6.790146,-2.448142
E01005126,49.1134,-1.5837349,-6.3113184,-0.98776776,0.90647566,-0.72912997,1.2953168,-0.14158294,4.8385444,1.646788
E01005128,49.1134,-2.6191041,-26.462057,-4.976783,-0.17320412,0.15661424,-4.0092864,-1.883317,1.6101125,0.56245315
E01005129,49.1134,-3.2881799,-6.7765603,-1.7338498,-2.0839658,-0.16907294,1.4773867,-0.23185,-11.853277,-1.7541143
E01005130,49.1134,-3.8903422,-14.094479,-2.4274642,-2.150447,0.08968461,0.20913723,-0.016480014,-10.638361,-1.2854284
E01005132,49.1134,-2.8313897,-3.1656802,0.6987426,-1.9560913,-0.6893894,-1.4440573,-0.30561122,-9.78475,-1.9256668
E01005135,49.1134,-1.0495249,6.3153644,1.9576497,0.741541,-0.40083456,0.38078836,-0.19749406,-7.7249823,-2.22546
E01005136,49.1134,-1.7038207,8.896526,-0.72692263,0.99242795,1.4009098,0.966987,0.22125682,1.3214386,-2.2779005
E01005138,49.1134,-3.0444994,4.442403,-1.644235,-1.4161193,-1.0522895,0.0076220133,-0.44213405,-12.672557,-2.715959
E01005139,49.1134,-1.9704745,-6.4866276,2.0218375,0.6475092,-0.07970975,0.10847871,-0.019986998,0.13324302,-1.39984
E01005141,49.1134,-3.260759,8.220819,-2.5764794,0.33488962,-0.4432443,2.9140565,0.04821862,-13.13273,-2.358404
E01005142,49.1134,-1.8984195,0.6138017,-2.9540746,-2.5259807,-1.1293617,0.31452885,-0.40879762,-13.169412,-1.7921144
E01005143,49.1134,8.265748,1.589494,-0.50298256,-1.1022394,1.3971695,0.5964575,0.14455979,-3.0665412,-1.2772228
E01005145,49.1134,2.3427126,-7.31128,-1.0533627,-0.82164997,-0.08838339,-0.4451232,-0.54056305,3.8375046,-1.3013248
E01005147,49.1134,-3.5979764,-14.383952,-2.283249,-2.0432358,0.11618675,1.8628594,-0.0003269706,-9.701219,-1.2177887
E01005149,49.1134,5.9387655,9.529687,1.7791716,-0.28514603,3.2526243,0.28192195,0.18248948,4.631641,-1.6186352
E01005150,49.1134,6.149685,0.7626566,-3.2913446,-0.24464989,-0.4157114,2.0020413,-1.4780715,2.8797615,0.59594154
E01005151,49.1134,0.8692277,6.085708,-3.0518725,-0.31931597,-0.2715337,2.9414377,-0.009821607,1.6137686,1.5684369
E01005152,49.1134,5.206608,7.577215,1.1016375,-0.19208314,2.8221722,0.3297913,0.12883805,5.9545064,1.6077756
E01005153,49.1134,6.037922,3.9605968,-1.2725075,-0.8008254,-0.6662867,0.5669392,0.09954596,0.9176768,1.0253077
E01005154,49.1134,6.646265,4.793312,-2.4299917,0.36265844,-0.547355,0.039487075,-1.2903571,4.50432,0.987059
E01005155,49.1134,4.8982773,3.1676753,0.10362578,-0.6964407,-0.44221428,0.32803798,0.027151126,6.4149218,1.1338282
E01005156,49.1134,6.8702736,0.63873893,-0.33484656,-0.63544077,1.9911387,0.5914067,0.053374805,4.7766447,1.0037389
E01005157,49.1134,2.3437629,6.4240775,0.28456977,0.857417,2.3359182,0.7784904,0.3014378,6.666044,1.7922494
E01005158,49.1134,2.5030446,0.041404277,-1.7502155,-0.32826746,-0.21380088,0.20311251,0.032273747,-4.224924,0.6815434
E01005159,49.1134,6.69486,3.2865026,-1.0236596,-0.6397677,2.2243984,1.1506764,0.038228825,4.7233963,1.0579498
E01005160,49.1134,-2.4789326,-0.35857853,-1.3135076,1.1050264,-0.4962323,0.70119417,0.11184068,4.5782204,-1.4814208
E01005161,49.1134,-0.39854735,10.064782,3.4749877,-0.67388165,-0.17303483,0.14758795,0.013138449,5.4825406,-1.3198253
E01005162,49.1134,-1.3953576,6.2745237,-2.3358653,0.8078858,-0.9027034,0.41758242,-0.011963004,1.360754,-1.5994978
E01005163,49.1134,-1.3636959,5.025921,-0.8591921,0.81811386,-0.34749624,0.5669981,0.14580785,5.442994,-1.6709254
E01005164,49.1134,6.493235,5.1979885,-1.3188843,-0.6688059,-0.56131315,0.43212345,0.13263266,0.9215055,-1.2537773
E01005165,49.1134,6.4345617,4.0396194,-3.681883,-0.6447854,-0.6654696,0.6052671,-0.22112358,-4.968017,-1.0497022
E01005166,49.1134,6.0750504,4.9362574,-1.9657177,-0.4499774,-0.5507985,0.3911284,-0.22214827,1.0817447,-0.77396244
E01005167,49.1134,7.1944833,-0.111522466,0.29129413,-0.33603707,1.100435,-0.008199912,0.00256693,-3.148352,-1.2528956
E01005168,49.1134,-2.1351683,0.19425814,0.39764258,2.0606217,1.2486244,0.10343823,0.29147422,4.9820766,1.7026758
E01005169,49.1134,-0.85352135,-3.5101492,-1.9211333,0.8485466,1.1453109,0.03341331,-0.15974525,4.264147,1.2058985
E01005170,49.1134,-1.4541879,6.9602556,1.6273931,2.0338185,0.38276035,0.4378139,-0.076790184,7.397219,1.7063452
E01005171,49.1134,-2.0563154,-1.7738942,-1.7116677,0.7636877,-0.3088605,1.5502654,-0.0092762085,4.499466,1.5229636
E01005172,49.1134,2.0521667,-4.5147014,-2.416595,0.07102937,-0.14499055,2.0039523,-0.11402539,0.5618588,1.0815835
E01005173,49.1134,1.4105787,-5.9019017,-1.6091592,-0.29306677,-0.6142816,0.37995058,-0.1201977,3.5406075,1.0546497
E01005174,49.1134,0.7946491,3.3576043,-1.0447974,1.0173723,1.1531754,0.79804945,0.084193796,4.9666514,1.315777
E01005175,49.1134,1.2235525,-1.8422217,-0.902222,0.90138274,0.16077791,1.1051961,-0.041697238,0.5647664,1.3288271
E01005176,49.1134,3.0234425,-5.181181,-1.459365,-0.7266688,-0.32066664,0.3233035,-0.63194656,3.1836119,1.1115468
E01005177,49.1134,-0.7581559,5.40144,-1.7141112,-0.06649443,-0.7571768,0.37424928,0.033992577,2.6909785,1.6056393
E01005178,49.1134,4.977275,-4.19003,-0.48219666,-0.8591462,-0.22947673,-0.62228185,0.076264866,-5.495236,-1.3807514
E01005179,49.1134,2.5037587,-6.063118,-1.9493307,0.16656823,-0.036241643,2.007845,-0.61436146,0.620638,0.6198749
E01005180,49.1134,-1.0903311,0.601778,-1.9007559,0.96866864,-0.3426394,0.43506685,-0.28821635,-9.604284,-1.9353808
E01005181,49.1134,0.5308322,-2.5918524,-1.6140767,0.10851392,-0.25654346,0.22549877,-0.12694953,3.160027,0.90245813
E01005182,49.1134,1.2813592,0.9246447,2.684438,0.7711426,0.40287304,-1.5466481,-0.09397849,-8.327816,-1.8225232
E01005183,49.1134,-0.8668425,3.6125352,-2.6575668,0.4268981,-0.6506145,-2.2103136,0.009574631,-10.941503,-2.2227166
E01005184,49.1134,0.77610594,-13.252163,-1.2404715,-0.6488766,-0.012416512,1.4938626,-1.0760515,3.389566,0.64496106
E01005185,49.1134,6.5811534,3.07727,-1.3511734,-0.74418765,2.2491791,0.47091082,-2.4662125,3.450599,0.7317711
E01005186,49.1134,-2.9768753,-16.565592,-1.0329354,0.055846058,0.12523459,0.58613086,-0.37482265,-6.2164164,-1.421743
E01005187,49.1134,9.259837,8.819134,1.0474007,-0.979673,-0.50697476,0.006672863,-0.44580978,-3.1098673,-0.43402508
E01005188,49.1134,2.1812341,5.454719,1.2108442,-0.14144549,-0.45515582,0.18716651,0.18450336,2.1771064,-1.5814103
E01005189,49.1134,-0.9087634,4.2167645,-3.1126828,-2.4230256,-0.2493291,-0.12926696,-0.3608214,-13.531851,-2.1105316
E01005190,49.1134,6.4816475,5.9948015,1.4161562,-0.8528953,-0.48008898,0.047994126,0.083964534,-2.2330148,-1.2809353
E01005191,49.1134,8.351641,0.3306265,-1.0186809,-1.0642084,-0.58361876,-0.14291504,-0.017203111,-3.8832831,-0.57447106
E01005192,49.1134,3.1441977,6.4288034,-0.92393315,-0.34831828,-0.66672975,2.3088543,0.18105902,2.51855,-1.7093834
E01005193,49.1134,6.681168,-0.37331003,-0.40890718,-0.9691573,-0.51755464,0.19678032,0.093972735,2.538409,-1.1861342
E01005195,49.1134,-0.3487098,2.8822558,3.2426398,1.0591568,-1.0975189,0.034589075,-0.23866889,-10.078533,-1.9563618
E01005197,49.1134,7.740739,1.6226159,-1.1099521,-1.3423668,-0.45878658,0.5262215,0.23112579,-5.100328,-0.6525071
E01005198,49.1134,-2.8918583,1.3309264,-0.8931908,1.2580065,-0.3304264,-1.6603098,-0.03515501,-11.564385,-2.2307005
E01005199,49.1134,8.146409,3.7666686,1.4686853,-0.7893394,-0.39279494,0.090047315,-0.71211994,4.089869,-0.8104086
E01005200,49.1134,4.0371346,4.3763766,-0.87193733,-0.810647,-0.5220805,0.014592238,0.29773593,-4.165851,-1.5582982
E01005201,49.1134,7.6454706,1.7173051,0.28757563,-0.99731344,-0.5359947,0.35566488,-0.34658507,-3.3620114,-0.1824494
E01005202,49.1134,3.6431024,2.8733184,-0.96614605,-1.3060187,-0.19822167,0.33184394,0.27451313,-12.061009,-1.3597072
E01005203,49.1134,-1.5902022,-1.8381674,-2.5042644,-2.3499713,-0.23268624,0.046369,-0.2818122,-15.216223,-1.704648
E01005205,49.1134,2.213587,0.8383496,-1.7541825,-1.8001679,-0.30438662,0.27063087,0.18440008,-9.667226,-1.3045503
E01005206,49.1134,-1.080245,-1.5006877,0.08427704,-1.1611897,-0.23889795,0.29284504,-7.259566e-05,3.157551,-1.5697184
E01005207,49.1134,5.440149,3.5887945,1.8850768,-0.72568315,-0.4307686,-0.016357873,-0.44606543,2.6498494,-1.0412798
E01005208,49.1134,-3.9172814,-22.749962,-2.1863184,-1.7084998,0.26193312,1.4868014,-0.9035128,-5.4885435,0.486584
E01005210,49.1134,-3.722904,-13.562079,-2.7193751,-2.0825825,1.0674833,-0.5108233,0.08352512,-8.668872,-0.4018992
E01005212,49.1134,-3.7701848,-21.28007,-4.1027694,-0.27158508,0.29407555,-0.022481708,-0.7989304,-6.5855856,0.5501043
E01005213,49.1134,-3.877184,-13.537901,-2.8037963,-2.0363545,0.46007407,1.7864844,0.038170446,-9.784728,-1.286243
E01005214,49.1134,-3.2994542,-26.418638,-1.90248,-0.30933842,0.2184011,1.7064023,-0.9844753,0.3322519,0.57698375
E01005215,49.1134,1.515749,-11.05568,-0.91316205,-0.17654741,-0.21533869,-0.38252118,0.054120228,2.932714,-0.9559665
E01005216,49.1134,5.3512855,10.742359,0.87351954,-0.0029820246,1.0663946,0.17814018,0.079531655,4.9777217,1.1785053
E01005217,49.1134,1.4852663,0.45998368,-0.2596191,1.0704966,1.5929266,0.76415217,-0.09897478,4.80932,1.857715
E01005218,49.1134,3.0921345,3.0748415,-1.3654847,-0.14125311,0.19466388,1.1539072,0.14388205,0.6222611,-0.9288564
E01005219,49.1134,6.1319304,7.592915,-1.7394348,-0.09817945,-0.54947203,2.442781,-0.3252282,2.884881,-1.2815442
E01005220,49.1134,9.153302,9.185366,1.4522794,-0.697664,-0.92871535,-0.037458442,0.3542889,4.6533775,-1.3164351
E01005221,49.1134,9.536104,8.104701,-1.3249149,-0.6698782,-0.91526145,0.71002144,0.2800423,3.1451018,-1.1784996
E01005222,49.1134,7.9732485,1.5940738,-0.47436047,-1.050959,-0.48307052,-0.07921664,0.20982246,-2.6847873,-1.2565987
E01005223,49.1134,2.6859298,5.915831,0.385669,-0.7366302,-0.03540647,0.15922977,0.26936647,0.9284002,-1.6516808
E01005224,49.1134,2.9921284,-6.093115,0.9395635,-0.74101084,-0.21447428,0.14812881,-0.372487,0.23101684,-1.3492887
E01005225,49.1134,3.0903997,3.181483,0.14902733,-0.97673506,-0.31485653,0.16778965,0.13439031,-5.841878,-1.6595812
E01005226,49.1134,5.576522,5.284641,1.5564256,-0.7405197,-0.4956938,0.17835608,-0.011789896,2.3404226,-0.766435
E01005227,49.1134,7.6805606,1.3740714,0.28542966,-0.90471125,-0.72870547,0.021406436,0.0015722886,-2.4407883,-0.6053349
E01005228,49.1134,-0.839141,2.3172166,-1.583167,-1.5276722,-0.20523018,0.10012482,-0.34083655,-12.872717,-2.0676975
E01005229,49.1134,-0.13619722,9.954984,2.1219733,0.46027207,1.0180248,0.27838928,-0.12265711,5.055558,1.7034184
E01005230,49.1134,8.086035,0.024100877,-1.2064426,-0.46353644,-0.50576913,2.2370048,-0.36403903,-3.542869,-0.9416182
E01005231,49.1134,5.839714,-0.05981018,-1.5785072,-1.0258033,-0.61641914,1.0288837,-2.1871333,3.720336,0.59644526
E01005232,49.1134,-0.38443893,-3.3660817,-1.3795576,0.0030327835,-0.11283559,0.2290729,-0.13046493,-4.288577,-1.4364396
E01005233,49.1134,9.373023,7.515049,1.8290284,-0.92583007,-0.58483285,0.20560408,-0.44647565,-5.627948,-0.86273086
E01005234,49.1134,11.278787,3.338464,-1.3022708,-1.1006016,-0.07704811,0.6708613,0.35394853,-4.837484,-0.6294237
E01005235,49.1134,-0.2532263,-8.121158,0.07303316,0.20893644,0.021737818,0.13113786,0.047002736,-8.044221,-1.2927357
E01005236,49.1134,8.849796,-0.0017231395,-0.79002774,-1.0908136,-0.32189402,1.2791755,-0.27754557,-2.7249575,-0.8414049
E01005237,49.1134,7.5294075,6.1660976,-1.3057112,-0.742714,2.9475684,0.5359489,0.21132666,2.4283018,-1.3943491
E01005238,49.1134,7.725695,1.1982722,0.40817267,-0.89543283,2.6061783,0.622301,0.16379727,2.6726758,-1.014209
E01005239,49.1134,-3.729887,6.3939896,-3.3053274,-2.7860835,-1.1880968,-1.8509336,-0.060665503,-14.206589,-2.4570763
E01005243,49.1134,-3.0878098,-8.940925,-1.9603722,-2.601223,-0.003054941,0.95872784,-0.23871677,-12.01834,-1.7051617
E01005244,49.1134,10.084795,4.8395305,-0.9733474,-1.0898546,2.5479627,0.59132004,-0.9420847,-4.24553,-0.9864245
E01005245,49.1134,-0.65559125,-4.6314254,-2.1110613,-2.9924848,-0.6353004,0.73303306,-0.2805874,-15.241114,-1.6864722
E01005246,49.1134,6.5075526,4.690474,0.945358,-1.2443845,-0.2860932,-0.035434656,0.25998434,-12.058472,-1.2935684
E01005247,49.1134,1.2183219,6.392235,1.2218214,-0.28252718,-0.22095361,0.16637018,-0.025870051,3.824929,1.1684784
E01005248,49.1134,-2.2069206,7.3770785,2.6257582,0.41366622,-0.38898924,0.35420266,-0.11089997,4.814867,1.8805944
E01005249,49.1134,-2.5758643,-11.492567,-0.18173216,-0.08760313,-0.13703126,-1.5626274,-0.09345185,-4.5549107,-1.0808709
E01005250,49.1134,-3.207729,-1.1169101,1.1721458,-0.033187028,-1.1277618,-1.3075527,-0.119742945,-7.4148216,-1.6565441
E01005251,49.1134,-1.917545,5.0611625,0.20525654,0.38273033,-0.30653036,0.3444333,-0.35837093,-6.778134,-2.0848017
E01005252,49.1134,-2.2752697,7.0955014,-1.3684063,-0.054349713,-1.387297,0.929932,-0.19628128,-8.2815695,-2.6500802
E01005253,49.1134,-0.2253517,7.943871,2.9866424,0.66543305,-1.2344787,-0.084038325,-0.09460306,-7.68906,-2.3529217
E01005254,49.1134,1.5477465,3.488379,0.4017524,-0.24671122,-0.022675581,-0.009782454,-0.037394136,3.9305525,1.104554
E01005255,49.1134,-2.0983195,8.442162,-2.564677,-0.9765454,-0.27817497,3.3828475,-0.19387688,-14.253361,-2.2942326
E01005256,49.1134,-3.0286646,-16.585875,-0.98440915,-1.7230011,0.14979811,0.12431304,-0.22469531,-7.203467,-1.4124209
E01005257,49.1134,1.75591,6.1777678,-1.8026717,-1.217224,-0.49165314,-0.058655925,0.3114444,-10.754161,-1.9942476
E01005258,49.1134,4.4226537,4.414844,0.14889248,-1.2142088,-0.49197227,0.18837415,0.189196,-5.74859,-1.5047845
E01005259,49.1134,4.034342,4.294999,0.7573066,-1.0915918,-0.37305957,-1.7652872,0.17889415,-9.481506,-1.3453248
E01005260,49.1134,2.6074455,5.7517195,0.18208845,-0.14047103,-0.45913497,0.46393627,0.2625891,5.199295,-1.0764909
E01005261,49.1134,-1.8671544,5.72424,0.6132526,0.51263267,-0.25622532,2.2792764,-0.12986937,-11.128055,-2.0421062
E01005262,49.1134,-3.547052,-4.472155,-1.5976478,0.158399,-0.1426779,0.008588497,-0.22801907,-6.4335117,-1.5990678
E01005263,49.1134,-3.5190084,1.1075135,-2.4507241,-1.3048575,-0.27181864,0.34424534,-0.24193577,-6.9901357,-1.6678128
E01005264,49.1134,-2.1346743,-5.5376444,0.9654082,0.8799595,-1.032082,-0.002080496,0.25377703,-8.050988,-1.9378663
E01005265,49.1134,-1.0128448,4.2847567,0.49984348,-0.09811764,-0.3151263,0.28098193,-0.22286727,-9.391775,-2.0592637
E01005266,49.1134,-3.286566,1.2634246,-1.2739197,-0.30933827,-0.23107733,-1.5014,0.2695476,-6.817845,-1.958926
E01005267,49.1134,-1.1713302,9.247677,1.2076828,0.2885309,-0.24102259,0.13232355,-0.06869412,2.810803,1.8377602
E01005268,49.1134,1.9191183,-6.2083235,-1.4586363,-0.33423135,-0.29438397,1.1194206,-0.052790854,3.7188199,1.1632075
E01005269,49.1134,-2.1203744,5.409472,1.2596226,0.6185671,1.4673924,0.51103765,0.2933987,2.3354673,1.6908957
E01005270,49.1134,-0.624228,0.2256027,1.4536595,0.7649714,-0.276643,-1.5491014,-0.25124875,-9.166946,-1.8243104
E01005271,49.1134,1.0972658,-5.5853724,-1.3488758,-0.14127924,-0.20439021,1.1086428,-0.8998636,3.2337077,-1.1351192
E01005272,49.1134,-0.041990027,3.1181993,-3.4888976,0.06065396,-0.2003095,-2.2492867,-0.052301247,-12.515136,-2.3102784
E01005273,49.1134,6.4181747,0.21902858,-0.9105323,-0.7389317,0.88781136,-0.05204791,-1.1557333,0.5783585,0.70274156
E01005274,49.1134,4.2836366,4.285351,-1.1899059,-0.112031646,-0.22434115,0.76009935,0.16992576,-5.697668,-0.9787417
E01005275,49.1134,4.5883436,3.472198,-3.6487024,0.006156455,-0.7317569,0.26521108,-1.789833,4.3997445,0.9213078
E01005276,49.1134,2.5249271,-2.6238449,-1.9868097,-0.072538674,-0.345078,0.37531617,-0.74796414,3.754824,1.0260998
E01005277,49.1134,2.7980273,-3.2418575,-2.4874642,0.31573027,-0.30310458,1.7203822,-0.6293027,4.848413,0.9096257
E01005278,49.1134,-0.8743068,10.811283,1.7103109,1.3875343,0.8796699,-1.1790025,-0.4452428,2.5228188,1.3598497
E01005279,49.1134,0.05410125,-6.452216,-1.2188249,-0.043073352,-0.45852765,1.2656054,0.021124374,-5.47096,-1.2520944
E01005280,49.1134,-0.40455112,9.074619,3.4113095,0.785528,2.8856897,-1.2901778,-0.25171083,-6.004194,-2.2729359
E01005281,49.1134,1.9660915,5.0605087,-3.9224544,-0.36456597,-0.26358673,1.9421418,-0.75735617,-1.7548639,1.4202518
E01005284,49.1134,2.82555,-7.2858844,-3.0186186,-0.77043796,-0.10339527,2.0091133,-0.84436303,2.7879462,-0.6024502
E01005285,49.1134,3.6115644,-0.3309522,-1.0954658,-1.4340198,-0.21002048,-1.5844381,0.12322821,-9.346088,-1.4940188
E01005286,49.1134,2.9289012,-5.989992,-1.263766,-0.568031,-0.3206208,1.0428426,-0.9722111,3.518867,0.7365582
E01005287,49.1134,1.8699929,-0.5440825,-0.91365266,1.2248889,-0.34713745,0.50988966,0.20320821,-6.342123,-1.4433371
E01005288,49.1134,6.0530496,5.4143395,0.3695525,-0.9339405,-0.6915906,-0.06893457,-0.8678126,0.8695477,-1.2949023
E01005289,49.1134,-3.2539608,6.790058,-3.3455827,1.2944207,-0.43838122,-0.83324134,-0.60720354,-13.583049,-2.35999
E01005290,49.1134,-3.1533968,4.159741,-2.4934223,0.90285105,-0.31391805,-0.054987077,0.07250254,-11.781659,-2.2079659
E01005291,49.1134,-3.0122426,6.381861,-3.6030078,0.450302,-0.19782948,-0.13152528,-0.42055455,-13.39162,-2.3546576
E01005292,49.1134,-3.7884383,4.3589416,-3.292056,-2.0570595,-0.34847173,-1.8924872,-0.24488524,-13.56639,-2.5551038
E01005293,49.1134,-2.304503,-2.4273546,0.20564832,0.46022114,-0.3214655,0.28170612,-0.07195864,4.093925,1.6790203
E01005294,49.1134,-3.0226154,-1.0929804,-0.65760916,0.6781584,-0.6423912,0.280835,0.27271998,0.53077334,1.2275527
E01005295,49.1134,-2.7588105,-25.951973,-1.584092,-0.040393915,0.34648216,1.5761195,-0.20298539,2.3012025,0.6512824
E01005296,49.1134,0.61133415,-0.9757428,-1.143938,0.86272633,0.2584683,1.909127,-0.011297718,3.4879768,1.3681549
E01005297,49.1134,5.9418073,0.94185245,-1.3924316,0.17068459,-0.5280756,0.42300665,0.1360782,2.2881224,-0.91780955
E01005298,49.1134,8.990705,8.103511,-0.6870723,-0.6610558,1.7781014,0.425931,0.29139426,2.740452,0.15508491
E01005299,49.1134,1.1296824,6.0554156,1.4218972,0.1674493,1.6192371,-0.15501702,0.047758758,4.580192,1.5667706
E01005300,49.1134,-1.3192325,8.237299,2.5958066,2.2847488,1.7234665,-1.2914609,-0.014071453,7.2449484,1.7508178
E01005301,49.1134,4.3189716,7.898398,-1.6402806,0.96603024,-0.97030735,2.4959764,0.03238079,6.3566566,1.4866295
E01005302,49.1134,2.9119291,-6.3252864,-2.9821498,-0.104662865,-0.17548633,2.0023146,-0.5563925,-0.08052413,-0.6425599
E01005304,49.1134,2.5252843,-0.89169264,-1.5157249,0.267456,-0.44573516,0.9510647,-0.6755741,2.8101125,1.0446819
E01005305,49.1134,-1.9658132,-0.11181645,0.92494404,1.6418079,0.9600778,-1.3168414,-0.27870476,7.1399264,1.372763
E01005306,49.1134,-0.864959,5.6296124,-2.592413,0.7683607,-0.80317634,0.2003085,-0.19619611,4.3622174,1.4072955
E01005307,49.1134,-0.38119757,3.2315178,-1.4127456,0.67843574,0.69889367,-0.0020312576,-1.1445605,5.12387,1.4449954
E01005308,49.1134,-0.48125914,6.566697,2.359965,0.71177334,0.75814253,-1.8403425,0.056918427,-5.7801747,0.09900793
E01005309,49.1134,2.24443,-8.498349,-3.1386828,-0.11402048,0.23087011,2.0372624,-0.9726897,2.3665698,0.59353554
E01005310,49.1134,7.459137,9.02252,0.7420799,-0.74094963,1.9839102,0.10087279,-0.55941266,-5.6154695,-1.2822853
E01005311,49.1134,3.9062276,5.8628993,0.098495945,-0.22946219,-0.74707496,0.12297585,-0.117979586,2.197524,0.7988863
E01005312,49.1134,6.7970257,4.8242884,-1.4361387,-0.83669275,-0.6614105,-0.17259447,-1.2245182,-2.1056511,0.6930502
E01005313,49.1134,-4.074675,7.056138,-2.0996625,-0.3938687,-0.8753552,-1.7990872,0.043888412,-11.341702,-2.7279563
E01005314,49.1134,-3.7118826,3.7937987,0.13685253,-1.0842066,-0.9987271,-1.9724063,0.12155432,-10.326398,-2.4691007
E01005315,49.1134,-3.417929,-4.9827685,-2.377316,-0.87683415,-0.20062433,-0.08570121,0.004544801,-12.993401,-1.9492662
E01005316,49.1134,-3.1253338,-7.232207,0.06825353,-0.48573294,-0.42607749,0.17692485,-0.43614975,-5.1767855,-1.6293851
E01005317,49.1134,-3.1770966,-1.8424512,-1.9072266,0.13911343,-0.14991462,-1.5890144,-0.26647615,-6.889081,-1.9044129
E01005318,49.1134,-3.6307094,-1.1056919,-1.2163314,-1.3777405,-0.36052963,0.096503265,0.030356687,-7.091634,-1.9358708
E01005319,49.1134,-4.103427,-1.2101626,-0.21419747,-1.3412542,-1.1107385,0.20691891,-0.13818622,-7.676965,-1.8504225
E01033651,49.1134,-2.9737835,-26.732603,-4.8213096,-1.3583679,0.17774971,-3.991086,-1.5148311,1.8476974,0.61748004
E01033653,49.1134,2.8688855,-23.095406,-3.128009,0.07585924,0.08989827,-2.9242043,-1.2038729,0.2418153,0.46456078
E01033654,49.1134,0.76608306,-25.758625,-3.9998503,-1.1874795,0.14093614,-3.0994115,-1.3612927,2.4573264,0.8474302
E01033655,49.1134,-4.4987245,-27.26721,-5.736179,-1.0898212,0.01816332,-5.2676196,-2.4786274,3.5681684,0.7344394
E01033656,49.1134,-2.9067478,-26.905518,-5.3736243,-1.4365479,0.16771859,-4.661779,-1.8105558,3.6446972,0.62218434
E01033658,49.1134,-1.4063667,-26.13458,-4.446886,-1.3124156,0.14306197,-3.325708,-1.4619339,2.6175551,0.71987635
E01033660,49.1134,-2.8650334,-26.279202,-5.334673,-1.0681647,0.008124574,-4.755887,-1.6635745,4.035076,0.6482081
E01033661,49.1134,-1.3528587,-25.497757,-4.2257133,-0.625568,0.05649949,-3.4568753,-1.4966671,0.99914587,0.68726975
E01033662,49.1134,2.759113,-24.038168,-3.7283795,-0.67279446,0.16616262,-2.934408,-1.1647785,1.0689694,0.792654
E01033664,49.1134,-1.2775021,-25.765318,-4.200837,0.34758767,-0.0018930621,-3.7228692,-1.754885,0.82395166,0.621458
E01033665,49.1134,-4.8279614,-24.199032,-4.488934,-1.6579903,0.1526666,-4.030646,-1.1965374,-0.07954333,-0.76183355
E01033667,49.1134,0.27944848,-25.089771,-3.9152026,-0.79506105,0.113126285,-3.199336,-1.2829349,1.3163236,0.6451722
E01033668,49.1134,-3.3970945,-23.559347,-2.6802375,-1.9440439,0.16451277,-1.2206573,-0.993701,-1.5088279,-0.787292
E01033669,49.1134,-3.1763277,-5.4953866,-1.814927,-2.4928017,-0.9640335,1.4884378,-0.08838323,-12.019047,-1.5966381
E01033670,49.1134,-2.786813,-26.37905,-4.7875395,-0.9288994,0.00095235,-4.418742,-0.7944615,4.64872,0.78324753
E01033671,49.1134,4.461437,-2.3780456,-1.0673555,-0.76445216,0.5212193,0.47791636,-0.94385153,6.108987,1.0113207
E01033672,49.1134,-3.5489442,-18.208538,-3.5028121,-0.17545368,0.0884936,-1.4439828,-0.7044383,-3.980882,-0.96614087
E01033673,49.1134,-2.8211658,-27.239927,-5.1241856,-0.18278098,0.01033355,-4.639521,-1.9749265,3.7746925,0.7298241
E01033674,49.1134,-1.7758125,-23.40164,-2.4466028,-1.8014834,0.19176356,1.5450141,-1.0271585,0.66121393,-0.69585174
E01033675,49.1134,-2.6634502,-21.589836,0.30170032,0.48343825,0.13698396,-1.373958,-1.0884972,-4.708794,-1.1796974
E01033676,49.1134,-2.9702933,2.0418477,-2.7364748,-2.498197,-0.646561,-1.7302481,-0.37391838,-13.684516,-2.186962
E01033677,49.1134,-2.7449527,-26.278984,-5.001829,-1.4513457,-0.08392639,-4.447354,-1.4245207,4.307129,0.8582091
E01033678,49.1134,-3.052527,-14.007417,-1.89491,-1.085544,0.10109175,-0.08269662,-0.19754176,-10.004069,-1.2849158
E01033679,49.1134,-3.7081504,-6.6597123,-2.5346916,-3.3377314,0.17183073,0.93510216,-0.28036016,-16.41769,-1.9035795
E01033680,49.1134,4.169692,-5.349024,-2.5330482,-0.0718019,-0.22856049,0.99881756,-0.5723618,-2.0911717,-1.1675897
E01033681,49.1134,-3.06048,-27.13064,-5.403786,-1.420615,0.043638885,-4.6472697,-1.7018951,3.864668,0.5456533
E01033682,49.1134,-2.9090574,-26.290432,-5.043196,-1.3808578,0.057929244,-4.465433,-1.6724676,4.1449122,0.6370142
E01033684,49.1134,-2.9294784,-27.089489,-4.938287,-1.3660223,0.11239493,-4.3599367,-2.3951118,2.2146635,0.6915724
E01033685,49.1134,-3.4105046,-25.608572,-1.6227312,0.11144615,0.338051,0.44720697,-0.33963975,0.6814553,0.5117613
E01033686,49.1134,2.5278234,-4.2718253,-1.9330148,-0.06462747,0.04910577,2.0904696,-0.05156705,-3.957044,-1.2119823
E01033687,49.1134,-3.440326,0.66412973,-4.5013366,-1.30005,-0.22045812,0.49463758,-0.2709768,-12.487584,-1.9236704
E01033688,49.1134,-4.520435,-1.2251801,-1.7297757,-3.1921668,-0.39800313,0.20510924,-0.19775815,-13.64935,-1.920397
E01034107,49.1134,1.0234019,-16.231293,-1.2993816,-0.98323435,0.16015555,0.3147431,-0.07307556,3.4234552,-1.1996827
E01034108,49.1134,0.30957595,-8.322651,-0.40779066,0.01610556,-0.32270426,0.44467923,-0.036980975,1.4562871,-1.577453
E01034109,49.1134,-1.9416599,-0.6428604,0.43739882,0.49038324,-0.22198483,0.13506432,-0.004562063,5.3093886,-1.3778747
E01034110,49.1134,1.0950495,-5.0206194,-0.85320437,-0.73020905,-0.19731945,0.26741445,-0.3883353,3.0449839,-1.3964472
E01034111,49.1134,1.5745549,-10.948437,0.29526767,-0.44487235,0.0029868186,-0.25930977,-0.1770678,-11.136526,-1.475049
E01034112,49.1134,2.1387167,-15.573137,-0.7654488,-0.8553343,0.048805185,-0.27470106,-0.05210278,-5.2756295,-1.4037327
E01034113,49.1134,3.8535256,-6.064498,0.72704864,-1.5646335,-1.1068765,0.23567739,-0.017241945,-6.9816546,-1.396075
E01034114,49.1134,5.31323,5.213184,0.42317533,-0.23753774,0.49650025,0.11404261,0.31679094,1.9547788,-1.3416077
E01034115,49.1134,-3.0896711,-20.037983,0.68281007,-2.105019,-0.44793335,-0.2056786,-0.56338966,-6.9623666,0.07641794
E01034116,49.1134,-4.08935,-25.123222,-1.3468527,-2.1124284,-0.4396357,-1.333373,-1.2264609,-4.524885,0.43235767
E01034117,49.1134,-2.613388,-23.977903,-3.6462178,0.4857413,0.03053217,-1.5790855,-1.7293186,-2.387665,0.65315557
E01034118,49.1134,-3.6830165,-3.341744,-2.6796558,-2.8320825,-0.23242249,0.9721707,0.011284953,-15.427789,-1.8228
E01034119,49.1134,6.4465594,-2.0117233,-1.6152854,-1.5714561,-0.5339401,1.2573267,-0.33651134,-5.94131,-1.0821726
E01034120,49.1134,-2.2839723,-0.6628101,-1.8816503,1.6946725,-0.3379932,0.3351258,-0.24962637,-12.157271,-1.7619183
E01034121,49.1134,-2.1954992,-22.070744,0.50264746,0.47974914,-0.12226328,-0.29264885,-0.8188527,-3.4340878,-1.0306394
E01034122,49.1134,8.203616,0.5828062,-0.42757067,-0.9813672,-0.5443903,0.68071485,-0.65686864,-5.406079,-1.1402524
E01034123,49.1134,4.6747136,-8.055362,-1.6277807,-1.3724567,-0.13374154,-0.20815744,0.096174486,-8.139368,-1.2019906
E01034124,49.1134,6.4660907,4.8747087,0.9717376,-1.1210057,-0.47414452,-0.61743695,0.21895051,-11.551396,-1.6260357
E01034125,49.1134,8.907496,5.471796,1.9639844,-0.8939698,-0.49820477,-0.15784821,-0.76576287,-6.010976,-1.1733425
E01034126,49.1134,5.6739454,-4.0104394,0.8325028,-0.99141014,-0.53815645,-0.0052314308,-0.09764064,0.32515895,-0.5969088
E01034127,49.1134,8.984738,9.397117,2.088866,-0.9018825,-0.58314407,-0.00079039624,0.25727385,1.6523703,-0.65834594
E01034128,49.1134,5.4141226,0.9027336,0.23817629,-0.3416463,0.5617649,-0.12976515,-0.79444665,2.9752827,0.5106851
E01034129,49.1134,-1.2280854,-26.505302,-4.299742,-0.123604044,0.21156049,-3.484952,-1.5775971,2.6595666,0.9050382
E01034130,49.1134,-2.557388,-26.827864,-4.795581,0.17898646,0.084558934,-4.1141996,-1.938706,2.420914,0.73913175
E01034131,49.1134,-4.3291283,-27.341974,-5.601399,-0.7348886,-0.14821723,-4.9304857,-2.4736574,3.2877407,0.6296193
E01034132,49.1134,-4.3971987,-28.188955,-5.3016167,0.07542204,-0.8987676,-4.9120574,-2.6999674,1.6314608,0.76066387
E01034133,49.1134,-4.545503,-16.305717,-1.9950434,-2.3262877,0.05398927,1.4494597,-0.480202,-7.0198264,-1.3261667
E01034134,49.1134,-2.6090598,-27.305557,-4.470458,0.8557706,-0.04359103,-4.222473,-1.8393617,2.1659234,0.65248555
E01034135,49.1134,-4.234553,-26.159103,-4.9189777,-0.06632634,0.029265467,-4.5036073,-0.81348187,0.90211993,0.5046359
E01034136,49.1134,-2.7920387,-27.042933,-4.833857,-0.99952465,0.07424268,-3.9706054,-1.598882,2.2690349,0.72226095
E01034137,49.1134,7.7623014,10.12774,2.446868,-0.4140528,-0.6108042,0.06990881,-0.41260847,4.392761,-0.7455338
E01034138,49.1134,9.829076,7.9892845,0.41315886,-1.0058051,-0.9159608,0.071359344,-0.6120888,-3.4233546,-0.35656118
E01005320,49.1134,4.328358,8.743838,1.2918108,-0.94435483,-1.2107568,0.14684393,0.18736696,1.150237,-1.6806909
E01005321,49.1134,5.98281,6.105842,0.102400616,-0.9526236,-0.6144919,0.008093136,0.2448645,-5.651404,-1.8079234
E01005322,49.1134,1.7505163,-4.8264875,0.61912084,-0.40363222,-0.13401626,-0.054016657,-0.024117481,-7.775465,-1.4478717
E01005323,49.1134,-0.47854835,5.690352,1.0445483,-0.6604863,-0.39144322,-0.29527023,0.1854425,-5.8100057,-2.2173953
E01005324,49.1134,-2.8708982,-0.6073456,0.45807266,0.9451584,-0.22434005,-1.5820136,-0.07236606,-10.6012,-2.0529132
E01005325,49.1134,-3.3893218,-10.204522,0.87921196,0.6254738,-0.13632566,-1.396614,-0.06868822,-13.661822,-2.2006218
E01005326,49.1134,9.786927,5.922365,0.61340815,-0.9354543,2.816692,0.63964194,0.6660348,1.263565,-1.0282638
E01005327,49.1134,0.040548824,-14.772797,0.6652314,0.18993574,-0.23210567,-0.009355489,-0.095325306,2.1977577,0.36494628
E01005328,49.1134,-2.3352058,4.1376343,-3.6649756,-2.0232708,-0.32500717,-1.9796895,-0.098759815,-13.2135935,-2.427696
E01005329,49.1134,-1.7277865,-0.062685706,1.561173,0.51841605,-0.3599653,0.1803085,-0.17661399,6.753991,1.4390738
E01005330,49.1134,-0.892747,-19.03046,3.2478008,0.2111431,-0.32517642,-0.9056596,0.14021774,4.0054803,1.259704
E01005331,49.1134,1.8131047,7.6648464,2.0474923,-0.77711284,-0.5733236,0.09106432,0.19265409,0.979543,-1.4666058
E01005332,49.1134,-0.45455855,-3.2886987,-0.8611624,-1.2854106,-0.25024498,0.0087140575,0.08156116,0.28755185,-1.474451
E01005333,49.1134,-1.2524389,6.487148,2.2472117,0.31930858,0.50699943,0.22571409,0.22906032,6.749647,1.7773243
E01005334,49.1134,0.56907433,-16.981232,2.2520745,0.10255861,0.32462895,0.10067699,0.38864467,7.3532987,1.3941693
E01005335,49.1134,-0.21694697,9.555702,2.1829882,-0.19379301,0.49315304,0.17854473,-0.20769198,4.9293623,1.7331072
E01005336,49.1134,-2.2392275,6.5750437,3.0280373,1.7055055,-0.033943787,0.36243936,0.21724491,7.2119546,1.9942775
E01005337,49.1134,2.3784807,5.1780014,1.9883509,-0.7374387,-0.35245562,-0.014131676,0.1912538,0.7327246,-1.4148719
E01005338,49.1134,-0.3980633,8.672415,0.8167719,-1.1678214,-0.4400943,-1.0744975,-0.35008022,-7.956861,-2.481269
E01005339,49.1134,-0.6967048,6.199647,2.7841976,1.5714042,1.3684683,0.35723233,0.17929667,6.540187,1.8456947
E01005340,49.1134,-2.843207,7.682545,0.27528948,0.9025005,-0.44161594,0.024243988,-0.16893008,-7.7897134,-2.5447016
E01005341,49.1134,-2.2603061,10.005088,3.108131,-0.79425573,-0.5029119,-0.5334142,-0.08213059,2.7549074,0.21661203
E01005342,49.1134,-1.078752,3.2413454,-2.7704039,-1.4312913,-0.29058394,-2.0950205,-0.30396065,-10.788737,-2.285453
E01005343,49.1134,-0.55631995,6.1673384,1.8517766,-0.26239252,-0.53580105,-1.4921739,-0.21379283,-6.174567,-1.5328397
E01005344,49.1134,3.8753417,9.186027,1.2819809,-1.0423478,-0.81558174,0.0002958693,0.04343733,1.3634164,-1.7407457
E01005345,49.1134,-1.6305791,9.508326,2.0395432,1.9244174,-0.08856218,0.21282536,0.18182625,5.547573,2.061029
E01005346,49.1134,-1.638137,5.903985,1.7902442,1.6035287,-0.29442194,0.39365387,0.26658267,4.0031877,1.8386569
E01005347,49.1134,-0.46785808,6.1477094,2.1173542,-0.31039375,-0.34363037,-1.0144162,-0.016509974,5.0812716,1.6836543
E01005348,49.1134,-1.0425377,1.9977975,-2.6419427,-1.6685033,-0.23030089,-2.0316007,0.33578563,-10.684474,-2.0482032
E01005349,49.1134,7.0424814,-1.0849677,-0.13148858,-1.000593,-0.500957,1.1581433,0.1475681,0.087397814,-1.0022316
E01005350,49.1134,-3.10287,0.1814774,-4.59368,1.2842474,-0.12830979,0.102998026,0.009745762,-14.605424,-1.8384331
E01005351,49.1134,2.8894143,3.3404176,1.1701443,-0.7462968,-0.2980654,0.15640326,0.17542493,0.4531728,-1.2906113
E01005352,49.1134,-0.69112134,5.627193,-2.4976447,-1.6083212,-0.48261437,-0.24977194,0.29220125,-7.0972686,-2.160041
E01005353,49.1134,-3.0178113,2.5687072,-3.1028152,-2.7465723,-0.23336631,0.22169106,0.14312711,-11.073709,-1.6423131
E01005354,49.1134,1.3728443,-6.2395372,1.5368495,-0.9472998,-0.20286377,-0.02517059,0.117164955,0.08958583,-1.4002539
E01005355,49.1134,3.8673863,5.5687876,1.6765956,-0.5782568,-0.44463104,-0.85353935,0.24972996,4.1848946,-0.85568357
E01005356,49.1134,0.09577359,-19.650038,0.6242828,0.44523215,0.16877761,0.16190188,0.39433613,3.9102254,1.3705431
E01005357,49.1134,-2.180351,6.7109265,2.270203,1.7205108,-0.7059383,-0.98784417,0.15465952,5.4217906,1.9767799
E01005358,49.1134,0.3034377,5.607955,0.4869849,-0.40884393,-0.3453375,0.07832505,0.22443774,-2.3913429,-1.2473701
E01005359,49.1134,-0.31376097,3.5385616,1.1568745,0.37511703,-0.23464277,0.1521143,-0.17014433,4.9731894,1.5920981
E01005360,49.1134,-3.1181967,7.6499147,-2.3609197,1.0437073,-0.6126263,-0.15938987,-0.21270534,-6.53818,0.23511527
E01005361,49.1134,-1.2258161,0.36642954,2.6664631,1.5736282,0.43390465,-0.7839675,0.24745403,4.923593,1.6222801
E01005362,49.1134,-0.532154,9.008641,2.9945629,-0.059141047,-0.5734201,0.19089273,-0.08433193,4.1232815,1.5826359
E01005363,49.1134,2.8634539,-1.1770434,0.031108078,-0.6353281,-0.38274768,0.42225432,0.0646289,0.14778759,-0.16228466
E01005364,49.1134,-1.1719836,6.358198,3.0322933,0.2955559,-0.26037917,-1.1390989,-0.10089646,5.8004794,1.7400674
E01005365,49.1134,-0.38137648,-3.6508315,0.9258375,-0.6299056,-0.5377251,0.29724327,-0.15488936,5.0376687,1.6204897
E01005366,49.1134,-2.9508462,6.054551,-2.8097172,0.18031566,-0.23207787,-2.1825101,0.06479961,-11.444962,-1.9363999
E01005367,49.1134,-1.8105782,-1.5106725,1.7897803,0.46279135,0.98023224,-1.0052294,0.19533525,5.121766,1.463727
E01005368,49.1134,4.9278626,3.263296,-0.30238307,-0.7806841,-0.43247807,0.5637783,0.121867806,0.5615406,-1.4517305
E01005369,49.1134,2.6507158,0.5612534,0.84719956,-0.21235979,-0.9204827,0.022939613,0.024923678,-0.29744092,-1.1773812
E01005370,49.1134,-0.9906296,4.9622297,-3.1804962,-0.61099935,-0.31347644,0.09107103,0.31414706,-10.433544,-2.0865393
E01005371,49.1134,3.0506237,-0.53420705,0.25371495,-0.8533315,-0.37494922,0.1537613,0.12175107,2.9547698,-1.3028941
E01005372,49.1134,-0.13302048,9.306769,2.2817268,0.39315066,-0.68759245,0.13013002,-0.2016863,1.1934348,0.19710943
E01005373,49.1134,-2.4616814,7.0881143,2.0123115,0.43579,-0.43120036,0.19692668,0.09600883,5.0215583,1.8638707
E01005374,49.1134,-2.1929674,3.2688134,0.2681502,0.8549248,-0.2859986,0.5638098,-0.061616424,0.80365586,1.2702297
E01005375,49.1134,-1.5315024,7.741529,3.1468647,1.9497479,-0.8866677,-1.2605361,0.10634134,5.518456,1.958965
E01005376,49.1134,-0.68497044,-2.1860337,-0.9440546,-1.8561553,-0.2600927,0.36843184,0.08475549,-6.0777454,-1.62701
E01005377,49.1134,-2.49732,0.6020924,1.6324838,1.0944358,-0.97088456,0.36251152,0.0013972758,-10.948488,-1.959113
E01005378,49.1134,4.292183,5.809647,1.8478924,-0.6447463,-0.49593705,0.058890544,0.16528226,4.778184,-1.2322851
E01005379,49.1134,-1.7067038,9.490678,6.56875,-1.7758751,-0.19541004,-0.8756799,0.094898574,-11.748384,-1.9958303
E01005380,49.1134,-1.6204286,-2.6141188,6.057661,1.9138683,-0.054189324,-1.0082967,0.7394828,-9.221763,-1.913594
E01005381,49.1134,-2.2315276,-1.091688,-1.6796968,-0.39039093,-0.28026158,0.43629035,-0.11249922,-8.4888525,-1.6711377
E01005382,49.1134,-0.31679997,6.8791027,-0.0036199917,-0.4045969,-0.5187876,0.13912515,0.29153946,-7.201937,-2.1950068
E01005383,49.1134,-0.5007505,-2.5427008,2.707449,0.09829385,-0.081373274,0.12849703,-0.21205813,-4.1325836,-1.4928411
E01005386,49.1134,-2.7341354,0.19969906,0.60195976,-0.46834546,-0.24146132,0.11372807,-0.06179223,-10.966068,-1.8258644
E01005387,49.1134,1.6541141,9.3013935,1.824197,-0.4618005,-0.76429456,-1.1496967,0.075279236,4.899021,1.2412713
E01005388,49.1134,1.9304184,4.8954544,1.6049774,-0.7542394,-0.39625853,0.002314032,0.013875785,2.143566,0.9727924
E01005389,49.1134,0.30837718,2.611854,-1.5982499,-1.1000111,-0.26145557,0.17169937,0.3047363,-6.433742,-1.9150844
E01005390,49.1134,-0.6306065,5.2732134,0.45069063,-0.37658805,-0.5686479,-1.135378,-0.10114146,4.3696012,1.8298471
E01005391,49.1134,-1.4528751,9.963944,-0.81391525,0.8008333,-0.77313423,0.10040574,0.2909303,1.4965755,2.055231
E01005392,49.1134,-1.4732075,-0.77011573,-2.5697591,-1.2795419,-0.24597235,-0.01663558,-0.3131114,-9.630007,-1.8747479
E01005393,49.1134,-1.3699133,3.3384993,1.691915,0.40585405,-0.46769226,0.23037723,0.079543866,3.9393291,1.6899993
E01005394,49.1134,-0.49136245,7.0554214,2.1023479,0.10515144,0.61327195,-1.3462182,0.11121876,3.5318117,1.9683884
E01005395,49.1134,1.754755,6.1557345,1.5053203,-0.33401883,-0.81047463,0.18280064,-0.0197212,7.2114873,1.7289294
E01005396,49.1134,-2.0480604,6.1089025,2.8200872,1.4057927,0.21864049,-1.5060322,0.086749636,1.6339281,1.8071346
E01005397,49.1134,-0.33581054,-5.4171085,0.3478417,-0.41428435,-0.445032,0.10360145,-0.1448057,2.7507715,1.0503448
E01005398,49.1134,2.415632,3.17957,0.7688931,-0.2812559,-0.6305708,-0.95588565,-0.012045436,7.571155,0.9677393
E01005399,49.1134,-0.52920264,-6.559312,1.7709458,0.24360207,-0.18004176,0.08939614,-0.19668782,4.0167522,1.4613671
E01005400,49.1134,-3.3173995,-4.88763,-1.9723957,-1.2364693,-0.092089154,1.3421174,0.14488885,-8.395253,-1.8046372
E01005401,49.1134,-1.4034901,-6.5984235,1.8283364,0.39285654,0.43774396,0.08968057,0.2811436,4.343534,1.614622
E01005402,49.1134,-0.29561728,-5.3379264,-0.48546594,-1.0074282,-0.17628941,0.25957635,-0.026279327,3.9115102,1.1530582
E01005403,49.1134,-1.6258568,-17.603842,0.84230894,0.37127784,-0.90784615,0.1409971,-0.04333975,3.1541772,1.6230396
E01005406,49.1134,0.38687435,5.355517,0.33970782,0.837264,1.6184126,0.5665004,0.1973581,4.693259,1.7694883
E01005407,49.1134,0.3811843,-6.874278,0.5598763,0.18836609,1.1837263,0.045348775,-0.061269507,4.369574,1.433607
E01005408,49.1134,0.48178095,-6.1799855,-1.0179522,-0.26271242,0.08474877,-0.23412913,-0.0393409,3.5400875,1.4337925
E01005409,49.1134,5.435256,3.5073538,0.926117,-0.15584189,2.2256548,0.22665542,0.14907955,5.707202,1.2324218
E01005410,49.1134,1.8992281,-1.1911488,1.6526254,0.18737212,1.6294216,-1.0613562,0.3866427,4.1784644,1.2795125
E01005411,49.1134,2.159139,-8.365333,-1.0591819,-0.3887393,-0.7666632,1.2618619,0.05353929,2.785839,1.4537799
E01005412,49.1134,2.5833678,-6.29197,0.13685918,-0.27462745,0.35557678,0.40123942,0.012613879,4.140857,1.3427768
E01005413,49.1134,-0.9537247,-1.6851419,1.6398803,0.4946092,1.0913922,0.22475237,0.35975307,6.240505,1.2760626
E01005414,49.1134,5.750611,-2.3187635,1.0966167,0.35083708,2.4842513,0.1430962,0.23984538,3.9979126,1.3252137
E01005415,49.1134,-0.25897402,8.562205,-0.5413725,0.11253735,-0.07989401,0.13209274,0.3755263,1.1774431,1.965455
E01005416,49.1134,4.745433,-3.4762619,0.06001374,-0.71044385,0.07438626,-0.11141432,0.0035074258,5.4298577,1.0253041
E01005417,49.1134,1.8747007,6.779136,1.3491743,0.6905954,1.983705,0.304884,0.27637145,4.609811,1.7739823
E01005418,49.1134,-1.4087313,3.510652,1.7458216,0.4363631,0.43483838,0.2845273,0.346822,5.671892,1.584076
E01005419,49.1134,2.377035,-1.1874669,0.7202509,-0.17675918,-0.4566155,0.03220819,0.007780794,3.7111583,1.2454886
E01005420,49.1134,0.5311307,3.9500213,-1.0452706,-0.27557296,-0.36097363,0.016905054,-0.04909289,0.2669627,1.3005773
E01005421,49.1134,3.6893215,-0.88948196,-0.25285584,-1.1191516,-0.249325,0.07389469,0.12234452,-0.07763284,-1.2864534
E01005422,49.1134,-1.5371596,6.1480713,6.238988,-0.90365887,-0.15839316,-1.258356,-0.06245825,-10.24147,-1.9191035
E01005427,49.1134,8.047681,5.5685453,0.53979015,-1.0755602,1.3018577,0.363322,0.26242986,-2.829398,-0.6312845
E01005428,49.1134,8.045871,10.451504,1.1946899,-0.9787347,0.23066264,0.2136158,-0.43372288,5.4780784,-0.74307156
E01005429,49.1134,5.463413,5.789569,1.6401569,-0.9417159,0.4505629,0.10909294,0.2696862,0.66679484,-0.9398604
E01005430,49.1134,4.9764295,5.41054,2.2540069,-0.7910355,-0.119603634,0.034262773,0.17699459,2.2873423,-1.2509611
E01005431,49.1134,3.444109,8.350966,2.257215,-0.5967997,-0.80397177,0.08502127,0.21455729,4.223677,-1.6833107
E01005432,49.1134,-1.711713,4.2197204,-2.6107366,-1.205926,-0.27550232,0.3820588,-0.28427106,-13.104398,-1.9885366
E01005433,49.1134,3.161144,2.2621143,-1.8600519,0.05388615,-0.012245218,2.4250178,0.24632645,-11.288271,-1.2819437
E01005434,49.1134,-0.79001844,2.2210774,-2.9144752,-1.7886006,-0.14348955,1.4140735,0.14517708,-8.424736,-1.5960178
E01005435,49.1134,8.388366,10.706534,2.1206408,-1.047406,2.3244903,0.020172665,0.32232755,4.721192,-1.3423492
E01005436,49.1134,1.1381589,10.372401,2.1337204,-0.84932584,-0.01842529,0.044754,0.06547643,7.133376,1.031489
E01005437,49.1134,4.190127,10.698905,1.7433677,-0.8670917,1.0173625,-0.016673759,0.23680067,4.4225135,-1.7984179
E01005438,49.1134,2.4026418,-0.6286769,1.4654399,-0.7122487,-0.37523627,-0.007120371,0.13665147,3.6764627,-1.1021386
E01005439,49.1134,0.55755574,10.147859,1.0351216,0.07104257,1.0091306,0.40661064,0.037108257,5.0056973,1.290208
E01005440,49.1134,-2.4359543,2.8354971,-1.9191133,-1.1621346,-0.30678007,0.07272842,0.080033414,-6.3733425,-1.4822913
E01005441,49.1134,-1.8309801,-5.4272447,0.217208,0.7677812,-0.13341495,0.059103437,0.11581676,-6.779912,-1.970108
E01005442,49.1134,-0.97481894,6.8327312,2.6105196,0.3628857,-0.7141284,-0.56681377,0.20140362,5.107333,1.9185499
E01005443,49.1134,-0.80868405,5.2870216,2.778737,0.16416577,1.0781939,-1.1972989,0.15342897,6.6008487,1.6144149
E01005444,49.1134,2.4636111,4.001664,2.1833265,-0.3484175,-0.3168961,-1.0351214,0.013052888,3.9037333,0.6742045
E01005445,49.1134,6.3513474,3.2956536,0.22341773,-0.9679277,-0.49369067,0.5208414,0.070354424,0.88261646,-1.0935835
E01005446,49.1134,-0.89415383,5.9719996,0.29624796,-0.5659949,-0.47153786,-1.344304,-0.047016285,1.4583395,1.4921916
E01005447,49.1134,1.1726408,-1.8984115,-0.8458653,-1.0085529,-0.22437432,-0.018591119,0.05152898,-4.649764,-1.6932576
E01005448,49.1134,2.0758963,5.043121,-3.2760375,-1.3402439,-0.29583573,-0.32405543,0.301629,-11.876811,-1.702996
E01005449,49.1134,-1.5428288,3.8709097,-2.6166048,0.008428566,-0.30640012,-2.167519,-0.24604578,-7.412156,-2.2253594
E01005450,49.1134,8.116721,9.3884945,1.3700036,-0.9215882,-0.8522986,-0.049308132,-0.35170126,2.7079883,-0.83020985
E01005451,49.1134,0.4693497,-6.827904,1.8516083,-0.22880615,-0.043004163,0.018909248,-0.19302754,4.3229866,-0.53270435
E01005452,49.1134,-1.638185,4.637853,2.4916923,0.118674934,0.4094829,-1.2636485,0.22536464,7.136752,1.643409
E01005453,49.1134,0.017567962,-1.4577013,1.8921742,0.43911523,1.0375531,-1.122169,-0.22646686,3.9693136,1.3319798
E01005454,49.1134,-1.5325041,2.8073306,0.28042024,0.4308695,-0.33857766,-1.2697394,0.11471621,3.890663,1.4691181
E01005455,49.1134,1.8433739,-1.1166462,1.8140383,-0.100337684,-0.51336986,-0.08864082,-0.03671625,4.589544,0.98188287
E01005456,49.1134,3.054836,7.102581,-2.0759919,-0.7619946,-0.5736632,-0.19911908,0.34735647,-7.004442,-1.4279042
E01005459,49.1134,2.1067877,2.1019368,-1.8785576,-1.5723776,-0.19794294,1.2046835,-0.34629714,-11.794392,-1.8135334
E01005460,49.1134,2.5886543,-1.2741963,1.7383546,-0.7861621,-0.26074773,-0.028404083,0.124665946,-0.07214011,-1.1992937
E01005461,49.1134,7.223672,3.557839,1.1487463,-0.70601165,2.7109919,0.089102,0.28907588,0.8951211,-1.1300043
E01005462,49.1134,1.2451072,5.5980134,1.0771255,-0.17370114,0.36255985,0.45100272,0.19144703,2.0884159,-1.6732986
E01005463,49.1134,3.666457,-0.05777167,-0.63987863,-1.1106186,-0.29855418,-0.03584759,0.15738124,-4.7821608,-1.3919013
E01032556,49.1134,2.1814826,-1.0750304,1.4251835,-0.6828726,-0.47290102,0.002750146,0.034649566,3.5997677,0.8420652
E01032557,49.1134,-3.206021,6.193271,0.29966527,0.22681822,-0.30170777,-1.668813,-0.1785225,-11.706548,-2.3911495
E01032558,49.1134,-3.90556,5.0163403,0.4588852,-1.8890868,-0.3267991,0.15214165,0.20542386,-12.54249,-2.1994276
E01032559,49.1134,-0.40162647,-18.154543,2.6068459,0.10655599,0.19739802,-0.2525154,-0.030158982,1.966445,-0.48400748
E01032920,49.1134,1.1757096,3.401311,-1.2849548,-0.3328726,-0.3563342,0.06902651,0.29492265,-5.7131824,-1.9032365
E01032922,49.1134,0.48685455,4.9408784,0.56423414,0.4808235,0.49112236,0.21109034,0.28688908,2.0167527,1.7026974
E01034232,49.1134,2.1639156,-0.73839974,-1.5017393,-1.2454238,-0.94366235,-0.19364785,0.10828312,-6.7087603,-1.5449574
E01034233,49.1134,7.8831334,4.7752795,-1.1134336,-0.96420527,-0.8083487,0.029272258,0.2977803,-5.909713,-1.4107513
E01005464,49.1134,-1.5066171,5.6288004,2.1524897,0.7381692,-0.21530281,-1.9150372,0.020591093,-9.882371,-2.427434
E01005465,49.1134,-0.07824307,-6.289087,-0.6413409,-0.17583513,-0.14986902,0.0035773874,0.06146606,0.44745597,-0.70088017
E01005466,49.1134,-3.6491961,-4.820965,-1.3202015,1.2094803,-0.20119901,-1.5291489,-0.27939013,-12.78957,-2.178751
E01005467,49.1134,-2.382346,2.5866308,1.2774448,1.0531307,-0.16574033,0.4181897,-0.16201662,-9.687549,-2.0555434
E01005468,49.1134,-0.9379222,-7.006825,1.1895053,0.20141205,0.93823093,0.020805186,0.24584582,3.934079,1.3210921
E01005469,49.1134,1.9116473,6.4645543,1.579771,-0.23008497,-0.6345247,0.059611145,0.08175564,5.1216526,0.21971104
E01005470,49.1134,5.450904,6.848169,2.339987,-0.8036173,-0.548574,0.07909921,0.11500798,0.71634847,-1.5262337
E01005471,49.1134,3.517233,8.386387,2.1235175,-0.5762995,-0.81911135,0.0833348,0.062498894,4.212029,-1.7061255
E01005472,49.1134,0.086410366,5.687379,0.59172404,-0.15433314,-0.35584122,0.09052485,0.28632104,-6.091648,-2.184998
E01005473,49.1134,2.2723558,4.8323364,1.3577412,-0.7722864,-0.10921429,0.5859481,0.18499033,2.518205,-1.4007379
E01005474,49.1134,-1.5509377,9.872744,2.4143515,0.32708052,1.7469349,-1.3580287,-0.032162897,4.1357718,1.5345258
E01005475,49.1134,0.11049157,1.184906,-0.9614622,-0.13842991,-0.27963594,-0.023874387,0.26705056,-4.56533,-1.8143966
E01005476,49.1134,0.49484965,-6.158806,0.1670207,-0.21684058,-0.20511867,0.06598495,-0.124309175,0.6767568,0.8573503
E01005477,49.1134,5.313903,3.3805575,-1.2185948,-1.0695614,-0.4321093,0.046671804,-0.6463245,0.28667834,-1.3229957
E01005478,49.1134,-0.31571305,8.8073,2.468877,0.27608895,-0.6193938,-1.308285,-0.09131116,1.4418784,1.420643
E01005479,49.1134,1.5824285,5.687592,1.3580605,0.15732329,-0.92152685,0.035506632,-0.010898437,1.9169278,0.75837415
E01005480,49.1134,-2.3881454,-11.97784,0.6799318,0.6204689,-0.28643712,-1.3646464,-0.08224435,-1.4392209,-1.7025819
E01005481,49.1134,-0.910485,-6.162333,0.7035731,0.4989272,-0.31426218,-1.146971,-0.06310972,2.821171,-0.8245969
E01005482,49.1134,-2.471586,-9.9943495,-2.9962783,-2.1811585,0.8587357,-0.4614417,-0.063575916,-9.808926,-1.3855304
E01005483,49.1134,4.0670285,7.82392,-1.9176662,-1.4185294,-0.5134653,3.4012578,0.26746485,-10.301094,-1.7742912
E01005484,49.1134,-0.9551903,3.4225378,-4.678815,-2.419427,-0.19551232,0.31355962,-0.31224617,-13.292722,-1.9267114
E01005485,49.1134,5.2687407,8.365552,-1.2361127,-1.0768795,-0.8634496,0.8093375,0.35111502,1.0326226,-1.7407522
E01005486,49.1134,3.939443,6.183339,0.31183082,-0.7061964,-0.6587376,0.1594929,-0.8157354,4.0964413,-1.76949
E01005487,49.1134,6.214467,3.3544688,0.025974704,-0.78627187,-0.5079634,0.1331795,0.20244212,1.1320434,-1.4055706
E01005488,49.1134,-0.99227166,-17.119558,4.113779,1.8656124,-0.3868323,0.1675841,0.22253819,8.049612,1.5910687
E01005489,49.1134,-0.40639353,4.029962,2.8347669,0.4545336,-0.23098005,-0.44532737,-0.1343209,3.5026371,1.5313749
E01005490,49.1134,2.507722,6.2371306,2.7405562,0.8982652,-0.5417687,-1.5522062,0.22860727,-6.1903396,-1.1772788
E01005491,49.1134,-0.7478803,5.1527395,-1.0684257,0.22105853,-0.35664466,0.07662748,-0.050044686,1.3490182,1.2539978
E01005492,49.1134,-1.3762412,8.188894,2.5009816,0.26380265,1.5360205,0.2814057,0.1800558,6.3158064,1.9016382
E01005493,49.1134,-1.5401704,-8.714679,0.37618628,0.4329038,-0.21040393,0.40327755,-0.13560738,8.148517,1.8698034
E01005494,49.1134,-0.05379007,-6.42676,0.7607037,-0.28733745,-0.12995514,0.106695086,0.010621259,2.933601,0.21588992
E01005495,49.1134,-0.43775862,2.7476304,-0.8854566,-0.23846936,-0.27146795,-1.250496,0.059971295,2.0491939,1.2618402
E01005496,49.1134,-2.5539606,7.447275,3.733504,0.8398081,-0.4271401,0.13092269,-0.24508974,-10.123793,-1.978099
E01005497,49.1134,-2.4796119,0.57210225,1.9878535,-0.433574,-0.15593481,-1.3704877,-0.22739613,-6.9382663,-1.9011419
E01005498,49.1134,4.2318296,5.1444345,1.8261127,-0.81143355,-0.5231778,0.008223188,0.044266254,3.5827858,-0.8661892
E01005499,49.1134,1.9334657,-1.1047758,1.3745602,-0.13154425,0.5105084,0.42608285,-0.014286453,3.5920877,0.80448985
E01005500,49.1134,1.6871227,0.8286101,1.3470676,-0.46306834,0.0024236096,0.05725019,-0.023605712,2.9229167,0.8270311
E01005501,49.1134,-0.46471855,-4.003548,-2.1625485,-1.981252,0.0642232,1.1874658,0.009400169,-7.2582264,-1.4110999
E01005502,49.1134,3.329333,3.3666513,-0.564848,-0.875118,-0.3129332,0.30455193,0.31504437,0.74043125,-1.4956158
E01005503,49.1134,-2.0090556,5.790107,0.64646435,0.5420236,0.57832396,0.3758592,0.14841534,5.433314,1.6938121
E01005504,49.1134,1.4941591,-0.91652346,-0.030822799,-1.265038,-0.32762995,0.10585964,0.08765819,-3.4046862,-1.7233557
E01005505,49.1134,0.62773365,-1.7377326,1.8526568,-0.48733884,-0.23017061,-0.86071074,0.018456759,-0.06431433,0.7532657
E01005506,49.1134,-1.609116,2.6352587,0.3415029,-0.015366764,-0.3698807,0.31943887,-0.22838178,-5.268458,-1.4075803
E01005507,49.1134,2.6085844,-1.049116,0.38565364,-0.610098,-0.44413263,0.4316555,-0.028544214,3.9724095,1.059311
E01005508,49.1134,-1.8127149,-22.756924,2.5572073,0.35632753,-0.013024097,0.39130065,0.36699554,2.830589,1.3438524
E01005509,49.1134,0.4651533,6.2375755,-3.2607481,-1.5010695,-0.44374794,-0.43936825,0.31086788,-7.993757,-2.2039926
E01005510,49.1134,-1.309763,3.35778,3.4846244,0.36439854,-0.18177837,0.24744342,0.051083107,6.914633,1.7192881
E01005511,49.1134,-1.5331465,6.330458,1.5630213,-0.23432897,-0.5369934,-1.2711978,0.17599934,4.126719,1.4696711
E01005512,49.1134,-1.0297395,6.444463,-1.3681301,-1.1602111,-0.4851557,-0.03892325,0.24588457,1.1117011,-1.5759457
E01005513,49.1134,-2.6013322,5.0058517,1.3886447,-1.6250938,-1.0324154,0.14691035,0.31459233,-11.571312,-2.187166
E01005514,49.1134,-1.3055767,-0.2713428,2.6609335,-1.5406568,-1.0639141,-0.9969977,-0.28609,-4.943702,-1.3995852
E01005515,49.1134,-3.5662801,7.1454067,1.6985081,-2.0447226,-0.8316366,-1.4474844,0.24979392,-12.870027,-2.3638983
E01005516,49.1134,-0.90822065,6.3866496,1.9350975,0.5026824,-0.6883109,0.2779854,0.2823768,5.4284,1.8664567
E01005517,49.1134,-1.3080491,3.5346,0.9373793,0.54719406,0.3612972,0.33845875,-0.17693932,5.0474205,1.5832647
E01005518,49.1134,1.8334712,5.3737335,1.9294852,-0.43331864,-0.6625607,0.04148413,-0.1722664,1.816022,-1.2312353
E01005519,49.1134,-0.39863107,2.9768872,1.7742485,0.18600842,0.07340904,-1.1076125,0.16879812,4.1720295,1.6284021
E01005520,49.1134,2.1149704,0.13609801,0.48959112,-0.63584083,-0.42006618,0.4145712,0.06376526,3.7316952,0.7636926
E01005521,49.1134,5.1288724,-3.4000492,0.99026173,-0.029837832,0.5588868,0.21982415,0.21991019,3.6040194,1.0867374
E01005522,49.1134,5.974104,-3.288782,-0.9635868,-1.0598826,-0.47859985,0.03220474,0.02344853,2.620758,-0.97157
E01005523,49.1134,1.3714185,-14.9557905,0.3145518,0.119145006,-0.9426006,-0.19138807,-0.08604415,2.9503222,0.8602442
E01005524,49.1134,-0.38403556,-0.75675315,0.45938036,-0.33480301,-0.6040906,0.3919449,-0.14901096,3.3691416,0.9736688
E01005525,49.1134,-2.97301,4.8591995,-2.44641,0.32596478,-0.2928467,0.16159028,0.2615904,-8.669445,-1.9199257
E01005526,49.1134,-2.7868152,-20.108112,0.04550693,0.8422024,-1.245692,-0.076395646,-0.032990973,-4.3028812,-1.2673588
E01005527,49.1134,-2.863358,-17.513102,0.5947787,0.5507376,-1.2039344,-1.5275893,0.2388998,-7.4303093,-1.6308576
E01005528,49.1134,-2.128025,5.2212887,0.14756542,0.8471578,-0.3846583,0.28701144,0.13099128,-6.3318925,-1.675054
E01005529,49.1134,-3.4611094,4.2773733,-3.092403,-2.2785811,-0.28138083,-0.70573604,-0.29302192,-12.890305,-2.3109732
E01005530,49.1134,-1.7458178,3.6099641,3.5809531,1.9594076,0.53444356,-0.8971455,0.242633,5.3179293,1.7943608
E01005531,49.1134,-2.2498412,0.059976768,-0.045118563,-0.6763239,-0.28605607,0.15183176,-0.096317604,4.173521,1.2492675
E01005532,49.1134,-3.2207983,4.1309714,-2.8218458,-0.40030316,-0.48641282,-2.336234,-0.050132953,-11.035962,-2.5008497
E01005533,49.1134,-0.5828745,-2.181206,-1.3959715,-1.0805564,-0.21229598,1.0581584,-0.03361681,0.6574879,1.0291586
E01005534,49.1134,-1.9135413,-3.3489063,-1.195293,0.8299842,-0.23892333,0.45813793,-0.16226564,0.2440698,1.0170289
E01005535,49.1134,1.9197035,-1.2387412,-0.5184475,-0.8267008,-0.31971478,0.19742346,0.2477158,0.38155362,-1.293157
E01005536,49.1134,0.6029111,-6.231461,0.8600012,-0.32040557,-0.14694159,0.08651215,-0.023157869,0.2781142,-1.4332606
E01005537,49.1134,-1.6101774,7.762661,3.0061667,0.22372192,-0.49459782,-1.2532928,0.16690964,5.195201,1.8482926
E01005538,49.1134,-0.84888494,4.527527,2.0412147,-1.0725654,-0.2457061,0.034201574,-0.30696282,-5.92033,-2.0305548
E01005539,49.1134,1.7525008,3.48131,-2.1635592,-1.3714573,-0.26346198,0.41246814,0.2487503,-2.097507,-1.6658959
E01005540,49.1134,-0.6730994,-19.804993,2.1657107,0.27608958,-0.87370396,0.06586453,-0.20402989,2.6560624,0.46321535
E01005541,49.1134,2.593348,7.092032,1.476271,-0.74580896,-0.70279664,-1.2722945,0.17357169,2.5467353,-1.1463997
E01005542,49.1134,-1.3264316,5.4248195,0.6541,-0.10335885,-0.538604,0.18796428,0.11110459,-6.440255,-1.6482999
E01005543,49.1134,-1.2926965,5.435917,2.156389,-0.19801061,-0.21272895,0.16748403,0.22837219,3.8425534,1.6469259
E01005544,49.1134,-1.9874052,9.631414,2.0241406,1.9155694,1.8274006,0.36785743,0.06629977,6.1426854,1.9561082
E01005545,49.1134,-2.024204,-1.6064154,1.0277662,1.8217906,1.081245,-0.9593922,0.2945792,7.063135,1.5823162
E01005546,49.1134,-1.8488253,4.6733904,-1.9542322,0.8239523,-0.40065455,0.077343956,0.17496392,-5.9878592,0.07016196
E01005547,49.1134,0.71488595,-6.4329424,0.97685677,-0.46698862,-0.5827886,-0.0031799893,0.031208247,2.589103,-0.77939475
E01005548,49.1134,-1.6188303,3.6772864,-3.1719806,-0.39086336,-0.44609272,-0.1518769,-0.25944203,-6.556781,-2.1035063
E01005549,49.1134,-1.0584967,7.207844,2.8226717,2.3044508,1.5030934,0.2262392,0.6717254,7.0709777,2.0906415
E01005550,49.1134,-0.9917866,10.500885,2.6640644,2.1134145,1.180014,0.1626243,0.9441339,5.219176,2.0819206
E01005551,49.1134,-3.4355583,-14.244513,-2.0304782,-0.8908033,0.06582788,-0.45507744,0.04306255,-9.060068,-1.3952707
E01005552,49.1134,-4.1858683,2.3863437,-0.02239175,-2.3937957,-0.6597723,-1.6660136,-0.16211258,-12.974477,-2.3007905
E01005553,49.1134,-4.0275145,-0.9627444,-1.1333166,-2.3956127,-1.1418079,0.28767675,-0.5021938,-8.263696,-2.0512815
E01005554,49.1134,-0.7248181,-15.488492,1.5952749,0.108656056,-0.8482588,-0.8770031,-0.075323835,2.7414834,0.742982
E01005555,49.1134,-1.6596392,-1.3773537,0.8632169,0.6456505,0.5645818,0.5223091,0.33301038,4.885062,1.5141182
E01005556,49.1134,3.1593535,-0.73224396,-0.2847343,-0.7056201,-0.46908146,0.60776484,0.043403137,3.984373,0.8428114
E01005557,49.1134,-2.8306577,9.008096,2.9115713,0.20934284,-0.08293047,0.17837556,0.2130393,7.2950187,1.9248322
E01005558,49.1134,0.43782347,-0.079682045,1.8197315,0.3671222,-0.25153193,-0.0055533145,-0.061439138,-0.1305825,0.6685722
E01005559,49.1134,-1.0155342,4.136298,-1.9510581,-1.5687357,-0.34318495,-0.0999012,-0.2966691,-10.690923,-2.3583255
E01005560,49.1134,0.5773667,-1.1925277,0.42791772,0.40297005,-0.42595974,0.17148055,-0.012037082,4.875187,1.4031798
E01005561,49.1134,2.7533264,0.4147686,0.28324896,-0.21582584,-0.7906073,0.2183225,0.012492828,3.744447,0.75262725
E01005562,49.1134,1.0491444,6.1616993,1.1440307,-0.6907415,-0.37257066,0.3800154,0.12875879,0.8450284,-0.30681944
E01005563,49.1134,2.586763,0.10823609,1.8775496,-0.9117031,-0.42862168,0.009159356,0.07281753,0.03647375,-1.2854074
E01005564,49.1134,4.386406,3.3834617,0.27340046,-0.7701536,-0.42172953,-0.08793389,-0.5922163,0.15008964,-1.3685133
E01005565,49.1134,2.9209356,2.559909,0.18896776,0.7173379,0.89073503,-2.1498358,-0.23348916,-6.0136914,-2.0147262
E01005566,49.1134,-0.53572524,-3.1636248,0.40570408,-0.598433,-0.23121402,0.13802019,0.08056199,-2.8464785,-1.469832
E01005567,49.1134,-1.1691204,-1.4097729,-0.5305933,0.6440901,-0.35855108,-1.2744169,-0.07346787,0.49345317,1.5745342
E01005568,49.1134,-0.78033245,2.4964871,-2.2422976,-1.7345375,-0.24898043,0.30197486,0.28636393,-13.114313,-1.7116011
E01005569,49.1134,-2.5777845,-0.666426,-0.06855522,1.0877043,-0.30320543,-0.8951735,-0.11362771,-6.357109,-1.8723478
E01005570,49.1134,1.7087595,8.493311,1.658805,0.060183175,-1.0837082,-1.1272907,0.053818863,5.0853214,1.4447529
E01005571,49.1134,0.34909457,-4.575161,0.3929368,0.17285872,1.0715159,1.0755204,-0.11602095,6.5494685,1.3882235
E01005572,49.1134,-1.204303,3.1341546,2.560656,0.42924008,-0.26283628,-1.0793267,0.24482656,7.1414027,1.6464559
E01005573,49.1134,-1.6188536,-4.5657287,0.48918566,1.6871933,1.1267418,-1.121144,0.21333767,4.3434734,1.6824876
E01005574,49.1134,-0.7012484,-4.7860274,0.80345803,0.31549555,0.99208426,-1.18567,-0.14655945,4.3892255,1.3502628
E01005575,49.1134,-0.51503986,3.1355715,0.30374092,0.49710894,0.23490408,0.47261044,-0.16801888,7.276141,1.638669
E01005576,49.1134,-1.6103185,2.7619822,1.6638314,1.7173058,1.2088196,0.24316941,0.13011219,6.966106,1.6385231
E01005577,49.1134,-1.8067014,3.210456,0.3761978,0.635355,1.2448097,0.59800005,0.35644218,4.9617467,1.696219
E01005578,49.1134,-0.96954644,4.1118107,-1.4957017,-2.1717358,-0.6096653,-0.89854044,0.25832963,-6.2011547,-2.1485898
E01005579,49.1134,-2.1920674,6.4355445,3.6723819,0.7907767,-0.22269234,0.3318215,0.038434137,-9.564376,-2.0571089
E01005580,49.1134,5.035717,5.3157787,1.4395025,-0.8073593,-0.5205427,0.06669805,0.089333296,4.0250316,-1.2725623
E01005581,49.1134,3.359206,6.352067,-1.0622742,-0.99156886,-0.8305295,0.49109006,0.2153152,-6.1149764,-1.9216404
E01005583,49.1134,4.650274,-0.28665432,-1.7283002,-1.3044109,-0.38291496,0.3175613,0.22893076,-5.9513264,-1.0854979
E01005585,49.1134,1.7034633,-0.72609836,1.9294592,-0.113998644,-0.30735546,0.026735518,0.05184268,3.485967,-1.1376995
E01005586,49.1134,-3.4994767,5.604586,-2.174176,-1.5175258,-0.4460087,0.09031575,-0.24980962,-11.300552,-2.308729
E01005587,49.1134,-1.4854088,-18.015451,4.0092864,0.6481075,-0.10046653,0.13977544,0.30235305,4.157478,1.3584709
E01005588,49.1134,-1.6833172,6.502952,0.42761433,0.23879586,-0.3614538,-1.821862,-0.18958487,-6.6157126,-2.0268538
E01005589,49.1134,5.0617537,3.6190746,1.7559897,-0.5336095,-0.42412677,-0.9270796,0.1766651,3.8075845,-0.8558666
E01005590,49.1134,4.097906,2.8416812,1.4098608,-0.6461769,0.432468,0.08329127,0.20531154,1.3842921,-1.1993642
E01005591,49.1134,0.56580645,0.1311263,-0.5322032,-0.50074947,-0.35084483,0.20399947,0.049902122,3.771854,1.0131767
E01005592,49.1134,-0.81792307,0.2536576,-0.010100862,1.1167191,-0.36635762,0.33774683,-0.2914672,-5.979787,-1.9214269
E01005593,49.1134,-3.204011,-0.63093776,0.05556713,-0.0069482177,-0.8174158,0.46381328,0.028174121,-3.7873485,-1.6907719
E01005594,49.1134,-0.68548644,4.879879,2.2106242,0.34018654,0.35105488,-1.320433,0.15600106,1.7715515,1.2105671
E01005595,49.1134,-1.5031492,3.4880104,-3.70176,-1.9548621,-0.3610543,-0.022039866,-0.38060376,-12.529944,-1.9301318
E01005596,49.1134,1.2157434,-5.1185007,0.90779966,-0.22166987,-0.026410531,-0.030876815,-0.07746427,4.1716013,1.4700048
E01005597,49.1134,-0.38999435,-6.782207,0.62057334,-0.5202212,-0.09298175,0.02546597,-0.20031714,4.2777715,1.3897462
E01005598,49.1134,0.47379375,-1.3729092,0.8317068,0.18435292,0.17595772,0.16252351,-0.15815896,4.6700616,1.335872
E01034234,49.1134,5.655236,5.885255,0.6561526,-0.61797917,-0.7143846,-0.034116037,0.21260104,3.903655,-1.3924955
E01034235,49.1134,3.0080025,5.1338096,1.4923936,-0.76696146,-0.40626693,0.13602245,0.097943895,-2.5983574,-1.4392036
E01005599,49.1134,3.5538242,2.7173529,-2.8451836,-0.9346508,-0.15078954,-0.029606411,0.34357598,-9.987451,-1.5431528
E01005600,49.1134,2.656813,-14.987519,-0.37839627,0.26559523,-1.166115,-0.1999523,-0.12306307,-1.5396198,0.28882733
E01005601,49.1134,3.4414437,3.104906,-0.8979731,-0.7988219,-0.26209483,-1.0168837,0.35998502,-6.8271365,-1.8397949
E01005602,49.1134,-1.974204,-1.2408923,-2.794384,1.3857363,-0.105006404,0.3812504,0.21756169,-11.289008,-1.769442
E01005603,49.1134,5.7415276,-5.875003,-0.7516236,-0.7832921,-0.3812955,0.45984104,0.050234314,-0.07605645,-1.1445707
E01005604,49.1134,-1.6961459,-1.6171619,-0.15728216,-0.09497598,-0.2760691,0.43746027,-0.03656718,0.15436853,0.6501153
E01005605,49.1134,3.2416406,-1.1106622,0.7059678,-0.7549784,-0.77233845,-0.17374222,0.072836846,0.02852054,-1.0342728
E01005610,49.1134,-3.8880694,-6.275696,-2.5681093,-3.5539806,0.017924827,1.3482302,-0.22945707,-13.847628,-1.4726043
E01005611,49.1134,1.5376338,-5.6325307,-1.3716782,-0.8446121,-0.13666393,0.4194245,0.010004941,-7.629847,-1.477207
E01005612,49.1134,-3.7412665,-1.6030322,-3.309149,-2.823503,-0.20821309,-0.08536954,-0.42125395,-15.557397,-1.7474544
E01005613,49.1134,-0.4958186,-0.9470114,-2.0419068,0.12536937,-0.113821946,1.2299238,-0.058296327,-9.329988,-1.2743212
E01005614,49.1134,3.3445823,-0.18546367,0.5755239,-1.2287211,-0.08278139,0.17491744,-0.08118597,-4.425529,-1.3546809
E01005615,49.1134,8.578368,4.994511,-1.2192153,-0.89107114,3.7921162,0.16376264,-0.10307036,-3.7657819,-0.40902534
E01005616,49.1134,-3.1402109,6.445781,-1.5686424,1.2550242,-1.1347375,-0.41313314,0.13855314,-7.639103,-2.317247
E01005617,49.1134,-0.31210712,5.581262,2.8899932,0.4258926,-0.7312403,-1.0709518,-0.10706728,2.080834,1.6931905
E01005618,49.1134,0.41575962,-0.79974926,0.91587776,0.8273753,-0.23756576,0.10052058,-0.080011904,-4.249022,0.9307781
E01005619,49.1134,0.03666069,5.581346,1.2663509,0.40491882,2.0380182,0.4919685,-0.17798243,1.2137742,-1.3666308
E01005620,49.1134,0.56774795,-13.792587,-0.3987501,0.30099624,-0.07741262,0.82179934,-0.057093766,2.4747937,0.91526264
E01005621,49.1134,1.9880968,-5.0140476,-1.097313,-0.8617299,-0.18882279,-0.10841412,-0.022010364,-3.4447224,-1.3462285
E01005622,49.1134,8.43755,9.694911,0.6292225,-0.80628604,-0.20047177,0.10978769,0.1878726,2.969133,0.9088619
E01005623,49.1134,5.7274094,10.044339,1.4676441,0.21583952,3.2809827,0.20875722,0.21173324,4.807012,1.7785989
E01005624,49.1134,-2.5156662,5.842659,1.0392029,0.97271276,-0.35478073,0.61526114,0.029578062,-9.851687,-2.2994876
E01005625,49.1134,-2.17853,-0.9133119,-0.6331543,0.9018997,-0.33432567,-0.18581048,0.042648118,4.5454087,1.6094247
E01005626,49.1134,-1.6074665,8.574953,2.0757375,1.9811873,-0.05122529,0.2974888,0.30432963,7.687201,1.9049406
E01005627,49.1134,-1.2645617,10.4656105,1.1463866,0.45064378,-0.1955268,0.056581218,-0.16290861,5.430833,1.8756517
E01005628,49.1134,3.251926,-1.2075589,-0.82904536,-0.13927048,0.30951032,1.0368664,-0.076699436,4.0400925,0.98887825
E01005629,49.1134,-0.12448387,-0.55786395,-1.1434182,1.0432689,-0.35975447,1.428449,-0.09481412,0.723071,1.5083239
E01005630,49.1134,1.9498016,2.9577475,-0.43283147,-0.72898513,-0.6865865,1.1714928,0.026398156,3.6991196,0.99580395
E01005631,49.1134,-0.18314168,-2.3086464,-3.013823,1.6805497,0.04930586,1.5049257,0.11897961,-10.646992,-1.3627081
E01005632,49.1134,2.4172015,-18.07108,-1.2090627,-0.3333571,0.119732976,0.99628776,-0.0471285,2.0563383,0.29205182
E01005633,49.1134,-3.135061,6.4769077,-1.6611903,0.400991,-1.2456079,0.2583622,0.062269274,-7.2955184,-1.8211267
E01005634,49.1134,4.5163016,0.39785737,0.34476024,0.48931575,2.0643725,0.14180128,0.38259387,4.447421,1.1627094
E01005635,49.1134,3.922191,0.8023044,-1.0743507,0.5174896,-0.50406504,2.1277623,0.06535203,3.4354603,0.7413014
E01005636,49.1134,-0.80350256,-13.815313,-1.296283,0.5432225,-0.16351661,1.6654783,0.050308663,2.586454,1.1334281
E01005637,49.1134,3.6261132,-1.6162714,-0.6584191,-0.67055947,-0.24843241,1.0642167,0.03693946,0.34267896,0.7589646
E01005638,49.1134,5.105316,-2.131875,-1.2935644,-0.83891886,-0.39625004,1.1257149,-0.11157193,-4.392355,-1.2180994
E01005639,49.1134,-3.834862,7.497156,4.7793927,-2.4662154,-0.35168815,0.026572555,-0.24803486,-11.886879,-2.0268114
E01005640,49.1134,-1.1835967,4.7010775,1.7623346,0.7038969,-0.93810886,-1.7893288,-0.19209859,-6.995326,-2.033062
E01005641,49.1134,-1.1291798,7.1340795,-1.9630857,1.0366651,-0.56396526,-0.088618174,-0.24486999,-6.874671,-2.0665603
E01005642,49.1134,-1.3222036,-17.190533,3.171618,0.20657626,0.06310246,0.28035524,-0.025542056,7.5056233,1.5237243
E01005643,49.1134,-1.6423609,0.20559993,0.27881777,0.7480086,-0.36330208,0.06131363,-0.095002666,4.0632405,1.6822394
E01005644,49.1134,-1.3633212,-3.267189,1.4062352,0.38835153,-0.20644957,0.13774796,-0.16254948,4.5441513,1.4793582
E01005645,49.1134,-2.1566586,6.270172,0.55850524,0.34134763,0.038085863,-1.2441128,0.17053966,5.605316,1.9408563
E01005646,49.1134,-1.717323,-6.3652043,-1.6229988,0.9129895,-0.24412438,0.57830113,-0.3558846,0.4247214,0.13067073
E01005647,49.1134,-0.88244087,-0.68626344,-2.6822689,-0.12885165,-0.22018105,1.551118,-0.15999158,3.347243,1.0771483
E01005648,49.1134,-2.0282588,-6.1488175,-1.4951208,-0.13138081,-0.21090744,1.478829,-0.2452702,4.400619,1.5130094
E01005649,49.1134,-1.316973,3.3543227,-3.1888628,0.64751524,0.58113164,0.50880665,-1.091741,4.9839315,1.239629
E01005650,49.1134,3.034837,4.0417504,-3.0843785,-0.81707954,-0.45022509,-0.41726357,0.07865912,-6.5122175,-1.5572577
E01005651,49.1134,1.05843,2.656879,0.7463349,0.7661041,-0.29970762,0.236518,0.13840307,-5.6133537,-1.7102003
E01005652,49.1134,-1.6100345,2.592465,3.2948582,0.46102402,0.651883,-1.8918732,-0.32426196,-5.0742025,-1.9955144
E01005653,49.1134,8.064014,8.109404,-1.2756099,-1.029672,-0.59847486,-1.2358263,0.2702043,-6.8184657,-1.2833948
E01005654,49.1134,2.9826024,-11.047579,1.2258481,-1.036249,-0.14797825,-0.05611224,-0.45106924,-0.027433429,-1.2072624
E01005656,49.1134,6.2763505,-1.3313663,0.5519149,-0.8520757,-0.4703834,0.25341636,-0.5881722,0.26134247,-0.9741187
E01005657,49.1134,7.1293616,0.58746344,-0.55741704,-1.1941236,-0.43755034,-0.10969161,0.16927174,-3.510365,-1.2854296
E01005659,49.1134,-2.3538237,-4.786937,0.21614896,-0.15101369,-0.11189437,0.038446516,-0.3359112,-5.7077646,-1.9116029
E01005660,49.1134,-2.9337823,2.4196305,-1.7603266,-2.0034912,-0.18295273,-1.6669384,-0.30429837,-13.287343,-2.2468421
E01005661,49.1134,-3.3255653,-5.0672445,2.053096,0.69422746,-0.2701053,-1.3611563,-0.076401204,-5.62678,-1.9133508
E01005662,49.1134,-2.4296787,4.691901,3.5515924,-1.100961,-0.22175391,-1.4912586,-0.19728455,-10.987573,-2.023038
E01005663,49.1134,-2.6591814,-3.0798454,-0.13664065,0.022552418,-0.5509278,0.4452637,-0.5045511,-3.436953,-1.5441465
E01005664,49.1134,-3.210527,4.9472227,2.4328105,-1.382017,-0.18208319,-1.1817597,-0.23685756,-12.1210165,-2.2526546
E01005665,49.1134,-3.2316387,-5.6687593,-2.0850992,-0.3472892,-0.18309714,-1.2707722,-0.08385014,-15.42059,-2.1079152
E01005667,49.1134,-3.5242069,-7.3389587,-1.6443576,-3.1280093,-0.6003143,1.3474817,-0.25411433,-12.068229,-1.7260804
E01005670,49.1134,-3.3417726,-1.5979832,-2.1548295,-0.11578761,-0.13402648,1.1332754,0.028874017,-7.099094,-1.6552018
E01005671,49.1134,0.55246645,-0.81652164,-1.3439785,-0.3500385,-0.27762237,1.0171086,0.14488305,-4.3723936,-1.634396
E01005672,49.1134,6.1699677,-0.6420623,0.29840076,-0.91189194,-0.5164643,0.541407,0.14417323,4.037193,-0.22520864
E01005673,49.1134,-0.76468647,-0.36578384,-0.7518512,-0.89427936,-0.3672626,1.0404067,0.08575246,0.7126515,0.049957536
E01005674,49.1134,0.25722048,2.9406726,1.1051631,0.4357131,1.6900257,0.09266109,-0.20309782,0.69771886,-1.3977457
E01005676,49.1134,-2.3455324,-5.365682,-0.5025067,0.7065808,-0.22748743,-0.36304379,0.29346183,4.753508,1.9231055
E01005677,49.1134,-1.7049974,-5.4704447,-0.8977297,0.8837244,-0.2654257,1.0835476,-0.10652376,3.164179,1.3136238
E01005678,49.1134,-3.1569304,7.608404,0.3449903,0.8408986,-0.39400926,-1.757875,-0.046869945,-10.662854,-2.6656888
E01005679,49.1134,-2.8645642,2.480595,-1.4129195,1.4905825,-0.2508991,0.6226755,-0.18067192,-11.743503,-2.21575
E01005680,49.1134,-0.16581146,-4.6316924,-1.7940133,-0.98763204,0.18652299,1.7511463,-0.073752105,-7.7920527,-1.2656035
E01005681,49.1134,-1.2542096,4.4151444,-4.594818,-2.4998903,-0.34817415,0.15890191,0.22381283,-13.118712,-1.8471602
E01005682,49.1134,-4.8680215,-1.750174,-4.8961277,-2.646656,-0.17833167,-1.4753882,-0.31685305,-13.3099575,-1.7647821
E01005683,49.1134,-3.5744293,-1.4063011,0.021492038,-3.045919,-0.6572945,-1.353834,-0.20489721,-12.961855,-2.035832
E01005686,49.1134,1.7058533,6.863157,0.2070417,-0.6604346,-0.5495256,0.23988494,0.19012445,2.3551452,-1.4553394
E01005687,49.1134,2.2647321,0.8293879,0.27932304,-0.1978368,-0.43918467,0.04437921,0.031006295,2.9272606,0.7504835
E01005688,49.1134,-1.6820438,-0.044642027,2.084386,0.62584686,-0.22815481,-0.9613081,-0.06490914,0.32626286,1.0976774
E01005689,49.1134,-2.231823,0.54921085,0.2620843,1.2215513,-0.34031942,0.08777302,0.062913515,-10.74657,-2.0040772
E01005690,49.1134,-0.59421504,4.585337,-0.92902774,0.39292496,-0.73811346,0.10892233,-0.08108732,2.679963,1.365699
E01005691,49.1134,-1.914045,-2.720797,-0.43933797,1.0011927,-0.34224582,0.44666573,-0.05544149,4.200548,1.7472475
E01005692,49.1134,-0.66322494,-3.296461,-2.0664515,-1.107145,-0.123710774,0.95516086,0.040108897,-7.0246496,-1.460758
E01005693,49.1134,1.8501831,5.203106,1.6444653,-0.8913373,-0.6022667,0.04805102,0.04581241,5.163771,1.2958866
E01005694,49.1134,-1.6251746,-9.297578,0.5693003,1.1099994,-0.19585557,0.074997015,-0.1522195,4.630918,1.9101195
E01005695,49.1134,-1.8751422,0.14364007,0.42447147,0.8391369,1.2409708,0.41340113,0.30348554,5.091259,1.5370984
E01005696,49.1134,-0.27982733,-6.3297863,1.1631314,0.43798968,0.20193592,0.05865656,0.09943663,0.109893784,1.3883928
E01005697,49.1134,-0.4113059,5.680726,1.7653514,0.3386072,0.348707,-0.077875,0.27617466,4.88409,1.4034544
E01005698,49.1134,-1.3187239,4.2904954,-2.3931644,1.0144227,-0.31204838,0.10525889,-0.22401486,-11.89483,-2.2152925
E01005699,49.1134,-1.5991292,3.348366,0.4168084,0.65967345,-0.5903,0.48830676,0.3668075,5.53843,1.7906293
E01005700,49.1134,0.5697012,-1.0842284,0.18890013,-0.057726227,-0.2658641,0.19746462,0.030648421,2.0647564,0.61666936
E01005701,49.1134,-1.7269399,-1.3185246,0.17139643,0.8649051,0.6850179,0.70542204,-0.13288887,4.8591466,1.540359
E01005702,49.1134,-1.9105467,-9.721748,0.22067493,-0.23793197,-1.0963099,0.25464836,-0.11337528,-0.76936036,-1.0746155
E01005703,49.1134,-2.735707,-2.0329666,0.20579584,0.3586592,-0.09191674,-1.4726396,-0.14517295,-10.289065,-1.7991592
E01005704,49.1134,-0.83239496,3.6273198,0.65233713,-0.22122894,-0.47472507,-1.4285791,0.2697952,0.95546466,-1.9076133
E01005706,49.1134,-1.0769373,6.9428754,0.69518125,-0.6194714,-0.7208617,0.26563224,0.26424873,-6.9810696,-2.1499732
E01005707,49.1134,-2.4222412,-4.947545,-0.35390827,0.019356523,-0.13003644,0.13938197,-0.29626393,-7.9569006,-1.9234273
E01005708,49.1134,-0.21260157,-3.8663187,-1.386835,-1.1302308,-0.11457657,0.46210283,-0.010206458,-4.4534717,-1.4638803
E01005709,49.1134,-3.1131995,4.4873834,0.9501157,0.116645515,-0.2530675,-1.902712,-0.31781742,-11.768759,-2.318501
E01005710,49.1134,-2.0989974,-20.445868,3.4357579,0.25441638,-0.10167401,-0.9693455,0.06506827,1.5650088,0.56653476
E01005711,49.1134,-0.22234383,-1.2298416,0.5778387,-0.29405504,-0.009109145,0.23769021,-0.15916336,4.9552245,1.5358831
E01005712,49.1134,2.42808,-4.7554817,-0.9554308,-0.63487154,-0.57989365,1.25714,-0.17080952,0.29964828,-0.31104594
E01005713,49.1134,-1.476622,9.909288,2.3845863,0.25738907,1.6874647,-1.4204843,0.20566803,4.9212418,1.777521
E01005714,49.1134,-2.155958,6.344537,1.8781185,0.71700937,-0.5647257,-2.064453,0.10587151,-6.671004,-1.6596786
E01005715,49.1134,-0.8489929,0.24579829,1.8789176,0.38614205,1.0849246,0.1423575,-0.28955755,3.904905,1.3021809
E01005716,49.1134,-1.8978628,-19.607515,2.7538881,0.32099923,-0.073735826,0.119689345,0.3812867,4.1281004,1.3756803
E01005717,49.1134,-2.0018883,-24.41902,5.1732135,1.7650712,0.11049555,-0.7103359,0.70880413,6.147615,1.1903068
E01005718,49.1134,-0.2347904,-8.362774,-1.3179847,-0.18459463,-0.065887436,1.0112532,-0.07659237,1.0328833,0.7683372
E01005719,49.1134,-2.364905,-4.5030084,-2.3269339,-1.9257598,-0.09595695,1.5534691,-0.24534243,-5.871814,-1.4983423
E01005721,49.1134,1.1917917,3.8718388,-2.7615945,-0.9849408,-0.44719025,0.25861174,0.16325073,-5.695727,-1.3417671
E01005722,49.1134,3.704675,1.1850649,0.06742312,-0.79731226,-0.09610545,0.10847978,0.033102755,-4.670836,-1.3770972
E01005723,49.1134,-0.56771255,3.8202894,-1.691949,-2.2059493,-0.21879151,0.06906105,0.22770622,-10.746515,-1.9991683
E01005724,49.1134,-0.7427456,0.21378003,-1.7038379,0.545648,-0.37509462,1.1432843,-0.07883735,2.8275309,1.6881982
E01005725,49.1134,-0.613549,4.227409,0.9267638,-0.189489,-0.51792336,-1.9283079,-0.26363263,-11.888867,-2.335506
E01005726,49.1134,2.6706429,3.534158,0.9588654,-0.20540449,-0.22048981,-1.0981545,0.23901303,0.48299056,-0.9646984
E01005727,49.1134,2.6178355,-12.510832,-0.6733296,-0.56437606,0.19702683,2.4347792,0.084945045,2.1516879,0.3233291
E01005728,49.1134,-1.2225964,5.3951964,2.2456112,0.3945198,-0.6291652,0.17436007,0.10209037,4.02679,1.6650847
E01005729,49.1134,-1.2675834,2.070405,-3.268042,-1.2144849,-0.15885703,0.49902913,-0.3377661,-14.8459215,-2.0017354
E01005730,49.1134,0.7025558,-6.4051185,0.15117814,-0.07358643,-0.18644649,0.9899021,-0.008258035,3.2918935,0.7836858
E01005731,49.1134,-3.6936574,2.3037293,0.13221213,0.041225027,-0.85472506,-1.9363359,0.1133201,-10.486053,-2.4541006
E01005732,49.1134,-3.138518,5.7945557,-2.5587742,0.80984306,-1.07667,-2.0240407,-0.15548019,-11.787185,-2.492309
E01005733,49.1134,-1.8243245,7.9114146,3.4531689,1.6352936,1.4850466,0.34532085,-0.1659343,-7.1303787,-2.549956
E01005734,49.1134,-0.19169274,4.998998,1.1815825,0.4162805,-0.6029264,-1.0583042,-0.08693586,1.2822214,1.5283608
E01005735,49.1134,-2.4225059,6.181394,2.7101338,2.2600448,1.3176341,0.3588584,0.19131984,7.116907,1.9160285
E01005736,49.1134,-0.35323602,-6.593943,1.7176924,0.27354738,-0.4342082,-0.0971809,-0.26271284,5.793645,1.2496619
E01005737,49.1134,-1.6961428,-3.87612,1.8249835,0.6159701,0.95584303,-1.0117867,0.44090667,7.199106,1.4419484
E01005738,49.1134,-0.72624165,-6.3005085,-0.3682386,0.5799634,1.0265489,0.43451795,-0.17654943,5.6590424,1.422393
E01005739,49.1134,-1.190566,-19.651417,2.6088092,0.21059844,-0.1875649,-0.003888674,0.12258296,2.995831,1.3029686
E01005740,49.1134,-0.8880721,0.13426048,0.20616384,0.62244,1.3090315,0.32703173,-0.1664078,3.4772625,1.4920586
E01005741,49.1134,-0.6762744,3.05138,0.1301814,0.61654395,1.3398523,0.5741378,0.3017122,3.4663324,1.5405327
E01005742,49.1134,-0.57420826,5.090505,0.5145158,0.3449009,1.4636225,0.17506805,-0.1814577,4.636262,1.5267493
E01032684,49.1134,-3.8786814,-15.892715,-1.7510077,-0.7836234,1.03532,1.6399113,-0.5521219,-6.0536,-1.3012441
E01032906,49.1134,-2.492415,-24.010141,-3.6267722,-1.4839944,0.03687039,-1.4517034,-1.0921651,-2.3067942,0.46135634
E01032909,49.1134,-2.8404453,-26.61302,-5.164878,-0.81450754,0.14569399,-4.433083,-2.4352772,1.9720807,0.7750405
E01032912,49.1134,-4.6246295,-19.098303,-3.832273,-1.8862264,0.8197915,-1.3591921,-0.28158703,-5.890256,-0.95157707
E01032914,49.1134,-3.1639833,-18.615793,-4.667677,-1.5732337,0.40207648,-3.2276573,-1.3564589,1.5280722,0.273285
E01032915,49.1134,-2.6155593,-21.812239,-3.1680312,-1.2499137,0.035485253,-1.3293879,-0.96742475,-3.9200594,-0.7663487
E01033330,49.1134,-3.6008842,4.622733,-5.9309444,-2.9641666,-0.26253307,2.2105467,-0.28631172,-14.259592,-1.9883181
E01033976,49.1134,-0.8204463,-20.05641,0.07191311,0.19765599,-0.8089469,0.26972982,-0.27870926,3.729601,1.2544447
E01033977,49.1134,-2.522411,-2.8928308,-1.2374965,0.28957358,-0.18007201,0.48575896,-0.088637896,-5.8529034,-1.3285657
E01033978,49.1134,-2.4511843,-25.917,-2.0238464,-0.13088694,0.189762,1.7728103,0.56151205,3.6226208,0.9118451
E01033979,49.1134,0.70920444,-1.9235318,1.5873735,0.38027292,-0.6435725,-0.014097907,-0.14052467,2.2223852,-1.2097746
E01033980,49.1134,0.47118393,-22.30349,3.8490846,-0.96220964,-1.2199531,-1.122346,-0.6332909,-0.50296706,-1.0911509
E01033981,49.1134,0.5514092,-6.287454,-1.3079643,-1.7934984,-0.15594524,0.951038,-0.4722144,-4.670782,-1.3406721
E01033982,49.1134,3.898683,-2.5341585,-0.46100757,-0.6599053,-0.30588043,-0.03125628,0.10996709,-5.2950106,-1.3089794
E01033983,49.1134,0.2779105,-22.308432,-2.4222853,-1.2766559,0.7382515,-0.53137,-0.92955756,-0.8496273,-0.77609277
E01033984,49.1134,-3.9307141,-1.3576738,-2.8351853,-2.8464155,-0.23636681,1.4614414,0.14045496,-12.342414,-1.5394062
E01033985,49.1134,-3.1581755,-19.78927,-2.1400232,-2.1085637,-0.6352874,0.95761317,-0.43885317,-9.05943,-1.054912
E01033986,49.1134,-4.9306054,-23.194065,-3.664609,-1.7510673,0.12560178,-1.925301,-0.61111575,-3.4317079,-0.132496
E01033987,49.1134,-2.719437,-26.35848,-4.595374,-0.18241596,0.04049763,-4.1876173,-1.6691809,1.5573878,0.6380636
E01033988,49.1134,-4.440395,-27.350958,-5.5312185,-0.7956955,0.3931826,-4.870397,-2.4437761,1.6451874,0.7841252
E01033989,49.1134,-1.499675,-19.205463,-4.1317306,-0.10921826,0.17317992,-3.3449438,-1.3658367,1.3982458,0.5897246
E01033990,49.1134,-4.3745303,-27.355246,-5.475913,-0.31672722,0.14867085,-4.725339,-2.4548476,1.0745785,0.66742873
E01033991,49.1134,-3.5178432,-17.749832,-3.4689302,0.53866285,0.074420184,-1.6972139,-1.2746536,-4.015057,-0.45866862
E01033992,49.1134,-4.3932476,-27.16107,-5.3078732,-1.3896455,0.13755691,-4.673843,-1.573382,1.8116468,0.68773884
E01033993,49.1134,-2.9173033,-25.422207,-4.4455147,-0.105573356,0.14630617,-4.057642,-1.539602,0.033063825,0.6724689
E01033994,49.1134,-4.276693,-27.774223,-5.491735,0.112934664,0.10728106,-4.907538,-2.6965723,1.5789282,0.7452841
E01033995,49.1134,-4.494781,-27.297998,-5.600598,-1.4030991,0.15658116,-4.7572618,-2.3720415,1.9377006,0.7569274
E01033996,49.1134,-4.276226,-27.625551,-5.2165112,0.118853875,0.085096836,-4.637296,-2.0227041,1.3750904,0.682687
E01033997,49.1134,-4.248208,-27.221455,-5.269415,-0.691677,0.37007925,-4.595533,-1.7769693,1.7530005,0.6773004
E01033998,49.1134,-4.246542,-27.018946,-5.2748938,0.27659512,0.17020571,-4.724393,-2.660166,1.6897609,0.6758145
E01033999,49.1134,-4.494781,-27.284924,-5.339383,-1.395622,0.15658116,-4.541309,-2.3720415,2.0981286,0.7569274
E01005743,49.1134,-1.3456656,7.285038,2.451516,1.8757677,-0.46057066,0.3591336,0.27231908,7.4771404,1.9834857
E01005744,49.1134,-0.81789875,-0.03920747,0.04672899,0.68181586,-0.36242175,0.224748,-0.24921006,0.632297,-1.3398767
E01005745,49.1134,1.8925656,4.2274947,0.45591676,-0.17061296,-0.5502584,1.6866134,0.2778799,3.7718143,1.506259
E01005746,49.1134,-1.9335129,7.9851847,-2.6974351,1.2613342,-0.2624312,3.111757,-0.31676963,-12.377818,-2.4783068
E01005747,49.1134,0.51305085,8.532727,1.9420354,0.37158513,0.13154662,-1.5066999,0.25399315,7.2427893,1.8653417
E01005748,49.1134,-1.3584454,6.3215494,2.289265,1.8231248,1.0880651,-1.2619269,0.59673935,7.4246817,1.7526461
E01005749,49.1134,-0.3749476,-5.994386,0.3515556,0.3345883,-0.16092281,0.043949448,-0.1193974,4.374279,1.6970644
E01005750,49.1134,-0.6444727,6.186872,1.7959789,0.37045562,-0.36578175,0.34011883,-0.07979466,7.0675354,1.8454323
E01005751,49.1134,0.32445568,7.3247867,1.8687203,0.3893902,-0.40297353,0.09144287,0.0038178796,4.87023,1.8099211
E01005752,49.1134,-0.7577563,-3.9661264,-0.7254552,0.12924388,-0.20334534,0.51960546,0.043240976,-5.293326,-1.4479722
E01005753,49.1134,-2.6259737,5.2368255,2.5475295,-1.130417,-0.28403518,0.3666209,0.058072,-9.624398,-2.1462414
E01005754,49.1134,-3.9146774,8.07372,-3.9689827,-2.2426207,-0.10844625,-0.28317207,-0.277503,-15.089453,-2.4321463
E01005755,49.1134,-2.654528,4.831782,0.41666543,0.44935334,-0.49830768,0.2501394,0.16331664,-9.793416,-2.16239
E01005756,49.1134,-3.885591,5.4103656,-2.3560991,0.8587494,-1.1913382,-2.113325,-0.6687981,-12.691659,-2.7367513
E01005757,49.1134,5.4136653,8.398092,1.3248976,-0.51476395,-0.8853501,-1.044984,0.20894401,3.1694105,-0.93943095
E01005759,49.1134,-0.5722304,-5.2960706,0.06413524,0.40622753,-0.23289098,0.030586418,-0.023788216,2.8029282,1.3959527
E01005760,49.1134,6.292055,3.5583665,-0.5844072,-0.6669728,-0.54987425,0.42767358,0.1488654,2.9984367,-0.9570225
E01005761,49.1134,-2.224231,6.852937,0.88701916,0.8753254,-0.44284564,0.5275145,-0.10020833,0.8495931,0.100225516
E01005762,49.1134,-3.3664665,-0.3009024,-1.5622073,1.0663681,-0.26546812,-1.7908615,-0.28256354,-10.158942,-2.2775176
E01005763,49.1134,-2.6492193,-2.01378,0.353915,1.4484838,-0.3437221,0.5130447,0.2119415,-5.9454665,-1.8724853
E01005764,49.1134,8.997514,10.109405,1.8564554,-0.81102383,-0.53370136,0.11583398,0.41545555,1.567066,-0.68269545
E01005765,49.1134,1.4865416,3.5189726,2.0482848,1.7523208,-0.38095725,0.06649881,0.38195422,7.128139,1.3873837
E01005766,49.1134,6.891423,-0.7069256,-1.5002344,-0.5687306,-0.59648556,0.36257127,-0.058894444,-2.4208179,-1.2320296
E01005767,49.1134,-1.7516668,6.0805182,2.6886363,2.4721768,1.3679696,0.26178202,0.14598913,7.304273,1.9107835
E01005768,49.1134,-2.0085363,6.5044856,1.4355546,0.25544092,1.3006936,0.20250586,0.19743313,6.899666,1.8261257
E01005769,49.1134,5.815796,-3.443883,-1.0735956,-0.98921525,-0.533539,1.3092549,0.004209129,4.6051946,1.1303873
E01005770,49.1134,-2.1721494,-3.3386958,-1.3177837,-0.22923414,-0.8182033,1.4188633,-0.08600159,4.377992,1.5749784
E01005771,49.1134,-0.6811527,9.828041,-0.73712623,1.6329167,1.4106879,0.6148663,-0.09455259,4.7179317,2.1678612
E01005772,49.1134,-2.5230808,5.2881727,-0.6983049,0.8780617,1.3838773,0.8585119,0.389126,5.0130467,1.8378263
E01005773,49.1134,-1.124446,-0.007155134,-1.1263771,0.84594214,1.2886391,1.2923099,-0.095031485,3.6630254,1.5891112
E01005774,49.1134,-2.8825862,4.6712017,-2.921585,1.1141844,-0.2316128,0.525575,0.13386214,-8.572788,-1.7725778
E01005775,49.1134,-0.95637554,6.733054,1.1329226,0.35352919,1.3858061,0.57424766,0.23376507,6.574631,1.7525227
E01005776,49.1134,-2.0426013,4.0811877,0.22003722,1.6803635,1.496974,0.5545432,0.3744206,7.0414357,1.7216321
E01005777,49.1134,-1.657853,9.692925,1.5206537,0.44342503,-1.0616401,2.4957232,0.41124052,1.198973,1.9549192
E01005778,49.1134,-0.9346105,3.0166483,-0.46542203,0.6782945,-0.35133776,1.3505496,-0.15213919,5.355492,1.7942046
E01005779,49.1134,-1.3729936,9.195084,3.0559065,1.6601979,-0.58650815,0.19174209,-0.03350146,5.1859827,1.982641
E01005780,49.1134,-1.7054702,0.10399836,1.0653237,0.543439,-0.2568249,0.4062928,-0.10945868,3.9690812,1.6075051
E01005781,49.1134,-3.0896325,5.0695148,-2.3942072,-0.091568604,-0.08962814,2.697047,0.1630257,-10.290325,-1.7951795
E01005782,49.1134,-1.275854,3.6888967,1.4588658,0.5219892,0.047581963,0.22784522,0.3179305,5.154986,1.59561
E01005783,49.1134,-3.2710063,7.895233,0.15990141,0.49684075,-0.8427523,0.5074789,0.06299953,4.567116,2.0588143
E01005784,49.1134,-2.1374395,-0.039917298,0.99644774,1.6184961,1.0911247,-0.96379673,0.11855378,6.95285,1.5805187
E01005785,49.1134,-1.3373106,10.660032,-0.9471965,0.8421037,1.5781285,2.6278625,0.39032882,5.4618855,2.0401523
E01005786,49.1134,-0.9923132,5.7184334,-2.6013246,0.10370302,-0.44226038,0.59414244,-0.19926663,5.3388395,1.4467893
E01005787,49.1134,-1.9846412,4.50017,2.5245302,2.3699691,1.0182467,-1.2518938,0.46308485,7.5040755,1.5505453
E01005788,49.1134,-1.6023237,0.008094843,0.8706985,1.8511192,1.1822399,0.14795755,0.33216083,4.901351,1.528135
E01005789,49.1134,-0.30787587,-6.3245816,-1.2639208,0.79018193,0.052621834,1.4843669,0.39160758,4.327543,1.3924671
E01005790,49.1134,-3.4255438,-1.0281532,0.016627867,0.7751129,-0.0012793222,0.054602265,0.22131686,-2.9251456,1.6362486
E01005791,49.1134,-0.89665633,9.439395,-0.41670132,0.7735191,1.3667479,0.58724433,0.28654644,2.8134942,2.1780722
E01005792,49.1134,-1.4518424,5.142391,1.3984673,2.0061815,1.3291869,0.41109136,0.29807723,7.2791142,1.7172462
E01005793,49.1134,-2.2822104,5.309092,-1.4925377,0.8676422,-0.62019855,0.60103834,-0.08232648,5.563195,1.6023719
E01005794,49.1134,-3.2643805,9.04753,2.099448,1.9334215,1.7510642,0.22599395,0.10052394,6.694347,2.0046804
E01005795,49.1134,-1.3220638,5.17363,2.1149497,1.7846987,1.1026226,-1.3378258,0.18891943,7.3668776,1.6727266
E01005796,49.1134,-1.0463814,4.9245257,0.47673464,1.6775497,1.4448081,0.23047641,0.37539828,6.9108424,1.6763289
E01005797,49.1134,8.404123,5.8510776,0.58700603,-0.49076152,-0.4210645,0.13756916,0.33841157,1.5260271,0.03530814
E01005798,49.1134,0.75528455,5.1140647,-1.9066072,0.48757023,-0.23968036,2.108434,0.04929689,1.0328591,1.1313984
E01005799,49.1134,-2.8268204,-0.9317664,1.7035815,1.7350513,-0.15602343,-1.3420478,-0.07691501,-8.178287,-2.0437279
E01005800,49.1134,-0.28077403,5.380521,0.565616,0.5114482,0.47073007,0.43500552,0.31748825,4.6953917,1.5825858
E01005801,49.1134,2.1384315,5.7525992,0.40623218,0.17151627,-0.7255866,0.18410355,0.03631907,4.973095,1.2472713
E01005802,49.1134,2.910203,9.99806,0.5420015,0.885818,2.8274329,0.5275343,0.24810696,4.835842,1.6884398
E01005803,49.1134,-0.46061286,9.4690895,1.2603338,1.6095755,1.9732391,0.21596289,0.3421242,7.0549884,1.9270848
E01005804,49.1134,5.243689,9.259146,0.413289,0.38051617,-1.3643361,0.08659852,0.22047722,0.92383265,1.1991534
E01005805,49.1134,-2.3943338,9.931926,0.22901742,0.593408,1.9451085,0.38660336,0.09829459,5.0672092,1.9945573
E01005806,49.1134,-2.7245755,8.83246,3.0270407,0.23814923,-0.6912178,-0.9856004,0.08358969,7.396867,1.9506199
E01005807,49.1134,-1.7525814,8.886421,3.0766594,2.0695593,1.7617016,0.26330894,0.41834313,7.1450863,1.8293109
E01005808,49.1134,-1.2812289,11.000974,1.9543042,2.2671833,1.8529128,0.24030425,0.37926522,7.362559,2.0310802
E01005809,49.1134,-2.1853995,5.8745303,2.4198499,0.22365808,0.27648705,0.25316095,0.26101905,7.011146,1.7252636
E01005810,49.1134,-1.9201082,10.181277,-1.140749,0.7467629,1.7227558,2.353103,-0.06783667,5.2865305,1.8038086
E01005811,49.1134,-2.1913638,4.867598,-0.88867575,0.70037043,-0.46991667,0.5421119,-0.08681071,7.4750776,1.7294081
E01005812,49.1134,-1.441101,5.657202,1.4175777,2.0047295,1.3047868,-0.21749374,0.40551764,7.4590464,1.6764114
E01005813,49.1134,-1.7771599,7.361143,1.4332423,0.42304683,-0.66797775,0.3953153,-0.16218595,7.6235743,1.7992418
E01005814,49.1134,-2.4051921,5.9939027,2.816989,2.2616804,1.3088149,0.3583813,0.35063034,7.090444,1.8579086
E01005815,49.1134,-1.6328382,10.013646,2.1659446,2.0725796,0.29344827,0.1634006,0.292343,7.910903,1.9979962
E01005816,49.1134,8.047929,8.573451,1.1863875,-0.90034986,-0.72030085,-1.0703466,0.07890743,5.217388,0.8897236
E01005817,49.1134,8.3400135,8.683066,1.8576032,-0.90144837,-0.65848744,-0.02075516,0.3114573,4.3869104,0.13257505
E01005818,49.1134,1.6871432,9.442057,1.3342322,0.3957686,-0.73799735,-0.008783605,-0.19529471,1.251032,-1.5917981
E01005819,49.1134,0.5124946,7.107121,2.1147063,0.44458497,-0.68327695,-1.2324528,0.2275496,6.9087057,1.8856709
E01005820,49.1134,7.980042,9.711154,0.69535387,0.15390249,-0.74731135,0.21518986,0.40344158,4.5836315,1.0844557
E01005821,49.1134,2.0000892,4.96002,-0.6356579,0.32160357,-0.44606474,0.08339272,-0.024238767,2.2306468,1.0511401
E01005822,49.1134,3.532966,-6.68271,-1.9870582,-1.6487899,-0.05103133,1.872337,-0.0020123618,-6.161558,-1.3575543
E01005823,49.1134,1.9784142,3.3214958,0.09745443,0.38958067,-0.74150527,0.12189437,-0.1895755,0.5589174,-1.2820884
E01005824,49.1134,-1.3476201,5.2143807,0.43824628,0.5690246,-0.7020836,0.44577226,-0.04155611,4.269226,1.7660698
E01005825,49.1134,0.82701755,-0.36986047,-1.3309165,0.5739208,-0.2080319,2.030162,-0.042329967,0.726134,1.6103142
E01005826,49.1134,-4.0147753,6.987172,2.6783764,-2.2531571,-1.39128,0.24904111,-0.30593497,-10.9762335,-2.4744754
E01005827,49.1134,-1.7098821,8.6496315,1.1118034,0.3712758,1.5377129,-1.5540105,0.19461879,4.909237,2.0059772
E01005828,49.1134,-3.3590322,4.473735,-2.459845,-1.1829734,-0.97121763,-0.043250844,0.1621455,-13.189941,-2.0472798
E01005829,49.1134,-2.8223293,8.7351265,0.8870763,0.43994734,1.6839085,0.5423328,-0.017640846,-6.74112,-1.7460426
E01005830,49.1134,1.5857681,0.5041094,-0.28196365,0.18138571,-0.41440725,0.22233711,0.09588708,3.739756,1.2512214
E01005831,49.1134,3.3917606,6.4240985,0.95862436,0.3991121,-0.6542367,0.190853,0.05375925,5.2256703,1.3890054
E01005832,49.1134,-2.239959,0.48618123,-1.4889166,1.0349057,-0.37695292,1.5135175,0.34459677,3.0598433,1.7504086
E01005833,49.1134,-2.529965,-9.309724,-0.53684545,0.8745288,-0.21826923,0.19574678,0.2508723,-5.595054,0.98458076
E01005834,49.1134,-3.1109202,6.794953,-2.0110457,1.1393031,-0.57841325,0.87158626,0.18453914,-6.3436275,1.6293838
E01005835,49.1134,-1.4859548,5.7676406,2.2229502,1.7445443,0.080003716,0.30789718,0.12901829,7.6418295,1.8045124
E01005836,49.1134,-0.58361673,-1.046398,-0.43971607,0.7353405,-0.3516779,0.20877941,-0.1390386,5.0451846,1.7978109
E01005837,49.1134,-1.6718043,5.998539,2.443085,0.46135393,-0.36536485,-1.1047564,-0.1485771,5.19778,1.7917708
E01005838,49.1134,5.5484247,0.31942233,-0.24262217,-0.5789796,-0.6001806,1.1215136,-0.043732677,5.1427255,0.8075963
E01005839,49.1134,-2.271041,6.7384706,2.7899666,2.362079,1.2869306,-1.1042624,0.43154487,7.345636,1.8534579
E01005840,49.1134,1.6992579,-0.532814,-1.0789835,-0.25682023,-0.32901666,0.5232769,0.07829912,3.276482,0.98256576
E01005841,49.1134,-1.4649833,-6.3334465,0.35671982,0.9340155,0.4664289,0.21843274,0.34347326,4.4791,1.718471
E01005842,49.1134,-1.4219426,5.232829,1.5538371,0.43005505,1.2515067,0.27692902,0.14255619,6.733857,1.6087207
E01005843,49.1134,-2.3292322,6.9354596,2.358995,0.60530293,-0.51326424,0.3201428,0.13371782,7.3724747,1.9098488
E01005844,49.1134,-1.9448653,5.013612,0.5173004,2.0257316,1.433892,0.2664956,0.28367618,7.1890273,1.8911388
E01005845,49.1134,-1.6966997,6.169856,2.58439,1.6915742,1.4056737,0.36868563,0.26128313,6.8613605,2.0429251
E01005846,49.1134,-1.6311345,3.4317155,1.9010216,1.76803,1.097134,0.26383507,0.29096946,4.7546797,1.6632819
E01005847,49.1134,-2.9744606,7.286737,1.0371208,0.08864488,-0.22284335,-1.2528424,-0.058414616,5.4268155,1.9811591
E01005848,49.1134,-2.1512694,-23.317331,0.38294053,0.4793665,0.01808122,0.30673766,0.2696715,4.6980753,1.3451306
E01005849,49.1134,-1.8195918,5.69244,2.3909101,1.7456228,1.2854122,0.24326023,0.5077157,4.7175803,1.676368
E01005850,49.1134,-2.5099015,8.246543,-1.2604094,0.14567155,-1.303326,0.18293265,-0.026879827,1.7212408,1.6682419
E01005851,49.1134,-1.7091302,9.870505,2.6599138,2.1211302,1.7689292,-0.3954172,0.119673744,7.139401,2.0776608
E01005852,49.1134,-0.75735545,-4.3363748,-1.6213406,-1.0641552,-0.46734932,1.6440908,-0.065544374,4.0425773,1.3640712
E01005853,49.1134,-0.6467748,3.2085335,-1.6669161,1.1887416,-0.31598902,0.05941298,0.27883425,-5.105824,1.4165497
E01005854,49.1134,2.9359045,6.3491607,1.000901,-0.3102914,2.1897573,0.36305133,0.17716014,6.7054577,1.5263174
E01005855,49.1134,-0.48229143,5.970927,-0.6133474,0.6434188,1.5462645,0.53423786,0.38925087,6.925228,1.8852059
E01005856,49.1134,-0.34171495,9.708093,0.008096762,0.682743,1.253215,0.5425266,-0.1769529,5.0709643,2.022242
E01005857,49.1134,-2.6257453,6.257594,0.4249597,0.63188446,0.087043874,0.5684745,-0.13149175,5.454437,1.8483562
E01005858,49.1134,-0.3323157,-4.0785317,-0.3406499,0.69292206,-0.26618162,0.6094542,-0.118061684,4.700931,1.2911038
E01005859,49.1134,3.1394684,-0.82595193,-2.5748434,0.54298925,-0.44177124,1.9253962,0.015918832,3.914022,0.9264432
E01005860,49.1134,-0.28192303,11.318123,0.69576263,0.8067319,2.1177614,0.39333445,0.15954107,5.051473,1.9474654
E01005861,49.1134,-1.5178995,7.5229826,-0.8646445,-0.11466262,-1.0590601,0.891704,-0.07817308,1.4912325,2.1656353
E01005862,49.1134,-2.0006187,9.529796,0.60150117,1.7173036,1.1687181,-1.3024195,0.42857394,4.972966,2.1721733
E01005863,49.1134,2.010314,3.8321123,-1.4356219,0.36082554,0.5652545,1.7867241,-0.12467771,3.7266212,1.3882935
E01005864,49.1134,2.510269,5.201534,-1.4810841,0.31366926,0.640685,1.8573391,-0.11437677,4.7681065,1.1403598
E01005865,49.1134,-1.4568012,2.9555562,-0.46857452,0.81062573,1.206158,1.2214264,-0.19801863,4.8606358,1.5376408
E01005866,49.1134,4.9987516,4.5197206,-2.0804737,-0.12523754,-0.6225712,0.6441806,-0.026521005,2.7032444,1.0945491
E01005867,49.1134,0.35414004,2.7500658,-1.4262301,0.7674774,0.5393731,1.4164281,-0.07646257,4.3190503,1.6704975
E01005868,49.1134,-3.2441516,8.9816885,0.5740951,1.7177061,1.9332529,0.6848989,0.33130378,7.044968,2.0876002
E01005869,49.1134,-0.53597796,2.8996801,0.88946754,0.4949971,0.5709783,0.46813524,0.27822474,3.8110693,1.6475387
E01005870,49.1134,1.4814049,5.1978426,1.2583729,-0.16953357,-0.4038388,0.1658423,0.06517538,3.7038188,0.8369957
E01005871,49.1134,2.0238543,9.708056,1.6000018,-1.0614574,-0.79280967,0.059681103,0.07320329,5.1538405,1.1630671
E01005872,49.1134,5.5593348,5.4552646,-0.7089756,-0.91702175,-0.6954269,-0.032449163,0.22912656,2.5387335,0.09815587
E01005873,49.1134,-1.0651819,9.507302,2.073988,1.778192,0.23676814,0.21118042,0.30660868,5.5427027,1.997435
E01005874,49.1134,-0.2133284,-4.3397756,-2.0451143,-1.1077956,-0.062354498,-0.06377661,0.028039917,-8.130441,-1.5296772
E01005875,49.1134,-0.6384623,-8.98947,1.2470777,0.31967443,-0.17471842,0.18157174,-0.14321652,4.27399,1.5856886
E01005876,49.1134,-0.61188465,8.186893,1.3217896,0.2817378,-0.5890306,0.44563922,-0.10292093,5.125431,2.0367322
E01005877,49.1134,-0.58124936,5.4522014,-1.9520613,-0.23702079,-0.2664967,0.026574977,0.061859783,1.1982503,1.264488
E01005878,49.1134,-2.8595164,4.8262587,-1.1475598,-1.3556545,-0.99207556,0.18472305,0.13365734,-6.530482,1.2218997
E01005879,49.1134,-0.41892204,9.246104,0.4856798,0.8256794,-0.7684526,0.3214892,0.23616552,1.6552293,1.9470488
E01005880,49.1134,2.373454,5.833774,1.0246525,0.13793977,1.9373806,0.25761878,-0.061399408,4.5334992,1.3413543
E01005881,49.1134,-1.9340382,5.1631985,1.6801809,2.2972982,1.3008292,0.481757,0.31814352,7.210025,1.6689075
E01005882,49.1134,-1.3525008,-2.5125198,2.974847,2.2070851,0.91569877,-0.8755967,0.63717294,6.845858,1.4472731
E01005883,49.1134,-0.43646416,0.07029091,0.42274722,0.58344674,1.3182355,0.4260803,0.41369724,5.291744,1.5567291
E01005884,49.1134,-2.043001,8.718466,1.3967589,1.7805017,1.8306572,0.60347915,0.273267,7.199987,1.9582001
E01005885,49.1134,2.87851,-1.2438437,-1.2406801,-0.17265268,-0.4735234,1.0397835,0.0013279913,4.714277,0.9736453
E01005886,49.1134,1.8110402,3.3296585,0.15007478,-0.23089139,-0.34788713,0.24304286,0.22332995,0.56440276,-1.2684934
E01005887,49.1134,-2.4006042,-1.0388069,1.3924407,-0.44736812,-0.19550304,0.08487732,-0.23109394,-6.2226176,-1.7296467
E01005888,49.1134,-1.1747075,10.547099,2.2673106,0.26101393,-1.1047727,-0.77123386,0.0048631467,2.6899567,1.5360416
E01005889,49.1134,0.4358983,5.6511297,-1.2111868,-0.21982394,-0.38298377,0.04706073,0.2688683,1.1157787,-1.6150408
E01005890,49.1134,-2.7741494,7.372421,2.214502,0.67216456,-0.46206328,0.183747,-0.10529002,0.9328952,0.08574179
E01005891,49.1134,-1.8253386,4.213339,0.1794395,1.6471273,-0.37220064,0.47481295,0.3583455,5.5881834,1.9183539
E01005892,49.1134,0.18680938,0.6629563,0.9643479,0.30388358,-0.26499656,0.007872058,0.016907463,3.02236,0.9490907
E01005893,49.1134,1.7362434,-5.485973,-1.3018922,-0.49255934,-0.047200195,2.096754,-0.6068556,2.931331,1.1108087
E01005894,49.1134,-0.055547174,10.363453,3.0717237,-0.0006532859,-0.55281293,0.25647697,-0.1794028,5.1525717,1.9422711
E01005895,49.1134,-0.6793363,9.398511,0.3779387,0.8071726,-0.9902395,0.13157032,-0.0632421,1.5709841,1.5515383
E01005896,49.1134,5.5238423,3.5192242,0.3673481,-0.82720846,-0.5672032,0.37173736,-0.050682947,4.343451,0.41858503
E01005897,49.1134,-0.43913183,8.19642,1.150099,0.5106666,-0.3709002,0.18085822,0.26947892,1.0584397,1.3558171
E01005898,49.1134,-0.33621088,2.7631168,0.4601208,-0.2896954,0.14104418,0.25013745,0.37998852,2.1299214,1.6972159
E01005899,49.1134,-0.7144183,-1.7055187,-0.5152336,-0.4358408,-0.6282132,1.0909158,0.23219547,4.220204,1.7249703
E01005900,49.1134,-0.7760041,5.6031156,-2.3791802,0.11029192,-0.33312964,1.9137399,-0.04481016,-2.1038442,1.652749
E01005901,49.1134,-2.2336714,9.147458,0.6909824,0.36329636,0.55045015,-1.4812946,0.12607688,5.6096005,2.0615342
E01005902,49.1134,-3.5356069,4.2749896,-2.8340175,-1.3535373,-0.32259974,-1.9811281,-0.40825257,-7.9096546,-1.7378799
E01005903,49.1134,-0.24440007,8.714412,2.0872104,1.3034073,1.9265592,0.26459742,0.36725596,6.620379,1.8409923
E01005904,49.1134,-0.58905166,6.163187,-1.2882706,0.86168206,0.82915425,0.7149149,0.40468892,5.2067027,1.7839739
E01005905,49.1134,-2.905279,5.148992,-2.6573033,-2.2377484,-0.34900403,0.08302833,-0.3402219,-7.801186,-2.3385737
E01005906,49.1134,-1.3258611,6.4314013,1.4006671,1.9874153,1.4211401,0.15658891,0.5893831,7.3692274,2.0174215
E01005907,49.1134,-1.0656611,6.4375343,1.2679795,1.4225631,0.6038058,0.17700621,0.2832362,7.48114,1.9174775
E01005908,49.1134,4.1837277,0.23928513,1.7813184,0.84477705,2.3560336,0.29257557,0.7693077,5.4120374,1.3420091
E01005909,49.1134,-0.5363995,3.3252552,1.6722262,0.31504947,1.064282,0.14667933,0.255642,4.355082,1.4166862
E01005910,49.1134,-0.5946754,5.5667114,-1.0625552,-0.37170982,-0.9877926,0.09654938,-0.11057551,0.8576572,1.4312371
E01005911,49.1134,-2.2489607,9.731124,1.1667031,0.34910205,0.9423916,0.17878893,0.45317698,5.324376,1.9204249
E01005912,49.1134,3.3468084,3.164733,1.9020201,-0.32853115,1.8973687,0.18209766,0.21119383,6.2960424,1.3336072
E01005913,49.1134,-0.5686817,10.891802,1.8368062,0.38100374,1.8285016,-1.3770301,0.15678728,4.0756216,1.9473424
E01005914,49.1134,-1.3625951,9.493391,0.11368341,-0.079893425,-0.68174434,-1.0589709,-0.023648689,2.9393444,2.012848
E01005915,49.1134,4.000465,8.342858,0.34309843,-1.1431922,-0.77750546,-0.14971156,0.26842198,-1.9968425,-1.4426734
E01005916,49.1134,4.227757,3.5306802,-0.45019487,-0.37165272,-0.52137595,0.6937841,0.13621736,3.2282646,0.70119524
E01005917,49.1134,6.809124,-0.7354427,-1.0115098,-0.95373076,-0.36008716,2.158487,0.12460758,-2.3929079,-1.0514399
E01005918,49.1134,-2.3083222,6.909772,-4.7614045,-2.2302465,-0.22864583,2.8229158,-0.0121711455,-14.98911,-2.1767678
E01005919,49.1134,-2.88583,2.804995,-0.07024189,-1.9794618,-0.25112522,0.55888873,0.08702316,-7.670085,-2.2272735
E01005920,49.1134,-1.5610855,7.4860826,2.2732325,1.5124907,0.71308166,0.3263494,0.26621473,5.177581,2.0222473
E01005921,49.1134,4.625958,6.9241047,-0.8870706,-0.88267416,-0.5868245,-0.016010953,0.22167136,1.1986456,-1.479382
E01005922,49.1134,-0.5876039,0.4017431,1.4640063,-0.34261912,-0.19312048,0.22691497,-0.14693314,4.804192,1.7302699
E01005923,49.1134,-1.0592304,7.297914,2.7603893,2.5737326,1.4287946,-1.1233933,0.5214072,7.357682,1.8893356
E01005924,49.1134,-0.5560001,-5.627455,-1.2522215,0.58761436,0.92177206,1.5445321,0.3621061,7.4038877,1.4656254
E01005925,49.1134,-1.759244,-9.362256,-1.5514499,-0.0939729,-0.10150023,0.29794005,0.20401162,3.3896952,1.8820935
E01005926,49.1134,-1.8052841,-27.326904,0.4301979,0.5965796,0.21316344,0.1748173,0.74193144,3.0720134,0.967167
E01005927,49.1134,-0.8766948,8.652827,2.7005556,2.0187097,1.6771077,-1.2123866,0.4754034,7.069803,1.8466095
E01005928,49.1134,-4.179807,9.352505,-1.2036647,-1.7377857,-1.4246302,-0.073416196,-0.10235259,0.7538924,1.7548213
E01005929,49.1134,-2.011601,0.39118165,-1.4972391,0.9239403,1.244678,0.748117,0.32291397,6.5711813,1.6143782
E01005930,49.1134,-0.7293916,-0.060377337,1.1841387,1.5094627,1.1007745,-1.1690879,0.5126426,6.686433,1.4810885
E01005931,49.1134,-1.5339135,0.17577168,0.35830098,1.8859254,1.2829427,0.11636489,0.3842573,4.878015,1.6178193
E01005932,49.1134,-2.2235448,7.748095,3.2605226,3.1366208,1.6058894,-1.0982976,0.3926782,7.3756986,1.9946547
E01033947,49.1134,2.307628,-13.501666,-2.4035678,0.045984454,0.96361345,-0.14194243,-0.32292193,-3.6515896,-1.127211
E01033948,49.1134,-2.797491,-5.4512734,-3.4703062,-0.9907508,0.15090753,1.5277277,-0.23548704,-12.463851,-1.6003736
E01005933,49.1134,-2.9312584,8.320382,2.2280915,0.959146,-0.30179605,-1.0641721,-0.060678437,-10.634225,-2.3466887
E01005934,49.1134,-0.47134376,8.886455,2.5630527,0.58429396,-0.71852136,-1.287297,0.034366094,1.3178614,0.12933813
E01005935,49.1134,-0.5774975,0.4590693,-1.8122247,-0.029224219,-0.14932288,0.0562415,-0.36294514,-9.729805,-1.6695608
E01005936,49.1134,-1.2631031,-3.3030562,2.0266454,0.48672605,-0.5845509,-0.8379126,0.2400682,3.8761978,1.5150918
E01005937,49.1134,-2.645014,0.72611284,0.47990128,0.120913334,-0.3172563,0.20611008,-0.121702895,-4.8550024,-0.07580221
E01005938,49.1134,-1.4936912,-10.818019,1.3397166,0.72345203,-1.0732623,0.053516645,-0.13223499,-1.3628742,-1.6969873
E01005939,49.1134,-3.065049,6.526314,1.2862395,1.4411875,1.3036231,0.20323613,-0.041316785,7.0276623,1.8194002
E01005940,49.1134,-3.155451,8.633442,1.3740884,0.49420407,-0.69292945,0.075919546,0.19676399,2.729323,1.9214909
E01005941,49.1134,6.4515877,3.588301,-1.1679529,-1.1212362,-0.37249503,0.5587384,0.028675847,-2.2832265,-1.3349552
E01005942,49.1134,1.4866828,6.0369816,1.8267688,-0.21648724,-0.8304432,-1.2327025,0.014330145,3.8814774,1.6171544
E01005943,49.1134,2.958805,0.8544008,0.10145702,-0.8188912,-0.2823235,0.5883138,-0.089297004,5.1546745,0.4852802
E01005944,49.1134,-0.301408,-6.568422,0.19199494,0.5686215,-0.5921251,0.04294494,-0.15158436,4.4022107,1.6586689
E01005945,49.1134,-1.6001006,0.43912068,-0.051936086,0.08258673,-0.26025656,0.108708665,-0.24004579,-6.66096,-1.9752634
E01005946,49.1134,3.7097445,2.660005,1.1358463,-0.62270063,-0.38153276,-1.02974,0.15252121,2.488986,-1.0793277
E01005947,49.1134,6.0889053,5.1117616,0.012331391,-1.0470277,-0.5323366,-0.1470978,-0.6977669,-2.3285775,-1.4736229
E01005948,49.1134,4.8819275,-6.4542933,-2.1060681,-1.0763624,0.5086515,2.1633353,-0.009622818,-7.7294235,-1.1642178
E01005949,49.1134,5.2580023,0.42813483,-0.43650904,-0.8358752,-0.459925,0.52844024,0.22931325,0.45883617,-1.1413558
E01005950,49.1134,4.801207,-6.3173704,0.78724515,-1.0165944,-0.2812276,0.4129391,0.053669184,0.17699815,-1.2490828
E01005951,49.1134,4.374795,8.466139,0.43404773,-0.9979782,-0.8437135,0.27082613,0.06782779,1.2712628,-1.8136396
E01005953,49.1134,4.7807975,1.4913921,-0.6489363,-0.9084687,-0.37373772,-0.057208676,0.2619592,-5.996202,-1.3547595
E01005954,49.1134,-1.2954049,3.881483,-3.0909965,-1.3017149,-0.47186252,0.10673284,-0.27879465,-7.1827426,-2.1495469
E01005955,49.1134,-1.677216,-4.8642383,1.7998269,2.3757234,0.15700386,-0.7021299,0.22344789,8.287379,1.8531805
E01005956,49.1134,-0.9620441,5.125567,1.8135372,0.2811502,-0.48739684,0.2536026,0.11956831,3.3076365,1.6877763
E01005957,49.1134,2.0134976,0.83871925,1.4692423,-0.11865629,0.08324788,-0.87815374,0.24464561,3.637136,-0.015074652
E01005958,49.1134,-2.141739,7.0387406,0.71190554,-0.12886177,-0.43311715,0.294382,-0.2572565,-7.5444493,-2.4374983
E01005959,49.1134,-2.8008196,5.412868,1.8071244,0.5998314,-0.90092194,-2.0020106,0.094305016,-7.551604,-1.9804474
E01005960,49.1134,6.2243,5.0520263,0.020154163,-0.87077117,-0.5565889,-1.7598292,0.18527158,-6.0125575,-1.773584
E01005961,49.1134,-0.6872725,-11.173266,0.2898042,0.22537677,-0.10994261,0.14056955,-0.16957219,3.9610596,1.4802032
E01005962,49.1134,-1.268838,6.602682,1.557268,0.44344467,-0.73970646,0.1743288,0.32052875,4.072654,1.850877
E01005963,49.1134,-0.5370936,4.915851,2.1404545,0.07585358,-0.2641625,-0.055509686,-0.082283154,4.022931,1.6344633
E01005964,49.1134,1.5392343,3.3647497,1.2486948,-0.62975514,-0.332664,0.110846624,0.09180713,3.7237854,1.3188701
E01005965,49.1134,-2.0467746,0.11495675,0.21715109,-0.18208364,-0.35651597,0.19406399,-0.2376202,-6.19882,-1.6195704
E01005966,49.1134,-1.16013,-0.12454683,-0.92730105,-0.49210835,-0.31777957,0.419781,-0.30182827,-4.4599786,-1.3843998
E01005967,49.1134,-1.9668562,6.3362346,-3.049505,-0.9631765,-0.21269846,3.038469,0.101600885,-11.959817,-2.3277378
E01005968,49.1134,-2.2823536,7.692843,1.6636769,0.45286545,-0.17607005,0.54778814,-0.074192986,5.720641,2.0350306
E01005969,49.1134,-1.6217122,-24.618387,0.4444584,0.656445,-0.6406714,-0.85171044,0.45029476,3.7912111,1.1122836
E01005970,49.1134,-2.0078733,3.370987,0.13036533,0.68755376,-0.33279982,0.5006059,0.29566815,5.5664268,1.818728
E01005971,49.1134,-0.28358552,2.8402221,1.2082804,0.21092013,-0.1889836,-1.0569118,0.018733686,3.8119705,1.1598558
E01005972,49.1134,1.188274,-7.717724,1.0092634,-0.69933397,-0.1676638,0.010324886,-0.0052724397,0.5581033,-1.4225868
E01005973,49.1134,-1.2909107,3.3380656,0.9884662,0.4924325,-0.21823347,0.19601682,-0.17128012,5.190486,1.6162815
E01005974,49.1134,3.419221,1.349263,-0.38347408,-0.6320826,-0.37626106,0.4354749,0.07916684,3.1608727,-1.3661301
E01005975,49.1134,-0.37603164,5.0651827,-0.6963551,-1.2467865,-0.5145817,0.42280695,0.1756295,0.9062506,-1.3051785
E01005976,49.1134,-3.3111203,6.3854365,-2.0267408,0.01649598,-0.49140915,-1.9896294,-0.17730805,-8.438568,-2.4255521
E01005977,49.1134,-0.45183602,8.636382,2.44595,-0.5421365,-0.60215527,-1.1374341,-0.11729147,5.1017,1.8809825
E01005978,49.1134,-2.8574717,8.090263,1.6866153,0.66654354,-0.33785924,-1.1952785,-0.018530803,-7.740523,-2.085178
E01005979,49.1134,-1.7731615,5.6390667,0.3959989,0.13714407,-0.28190804,0.09161153,0.29145393,-2.7744663,1.051743
E01005980,49.1134,-2.5998018,5.5487223,0.66408503,-0.08680208,-0.3111857,0.25334942,0.0027209206,-6.6088037,-2.31482
E01005981,49.1134,-2.5066028,5.577468,-1.9103858,-1.8362699,-0.38284355,-0.045277797,0.16178818,-11.184842,-2.6005661
E01005982,49.1134,-3.7362444,4.0041347,-2.4975865,-1.1036949,-0.004008812,-2.181444,-0.017580645,-7.394744,-1.5511314
E01005983,49.1134,0.27944222,6.361285,1.897408,0.3457074,-0.11106224,0.16045633,0.27715862,5.0101004,1.7191877
E01005984,49.1134,-3.3928142,0.30790702,-3.1907616,-2.5653148,-0.24096645,0.07215032,0.26121703,-13.158685,-1.9875075
E01005985,49.1134,-1.5780952,6.0290985,2.13538,1.489741,-0.28575483,0.30336383,0.07341285,5.13006,1.8206185
E01005986,49.1134,-1.4245247,7.4589996,0.31176227,0.6734068,-0.50813633,0.10047226,-0.039414987,1.099899,1.5376725
E01005987,49.1134,-1.2695405,8.030941,3.176082,2.0559165,-0.7077877,0.32017383,0.17024708,7.386604,1.9435725
E01005988,49.1134,-1.6422982,-5.061937,0.057217926,0.56251204,0.55447483,0.7650878,-0.1464005,7.810146,1.6860068
E01005989,49.1134,-1.8918651,0.28388727,0.4639185,0.65858716,-0.5034564,0.5348629,0.4183506,7.19914,1.6469748
E01005990,49.1134,-1.1859155,8.908368,0.1205567,1.5430832,-0.80174035,0.44042856,0.32339373,5.574156,2.2431827
E01005991,49.1134,2.6430933,10.047309,0.51158303,-0.22589377,1.1263874,0.349765,-0.019160148,4.31812,1.7608577
E01005992,49.1134,4.3251348,5.8537064,0.08900377,-0.8193524,-0.51804537,0.10989393,0.22852041,0.9773865,-1.3403455
E01005993,49.1134,-0.5173337,5.5700464,1.2276242,0.33737618,-0.7558561,-1.3023058,0.20034091,2.6164236,1.7858051
E01005994,49.1134,-1.3869202,0.37709174,3.5142481,-0.08504341,-0.02591836,0.17708796,-0.087043986,2.5815442,0.96606255
E01005995,49.1134,-1.0561306,-8.090794,2.7128885,1.9197371,0.5225415,0.14628197,0.63651556,8.106485,1.9894017
E01005996,49.1134,-0.43020323,-5.237619,0.81140554,-0.31422642,-0.14494337,0.1918808,-0.040781867,2.6437864,0.78997415
E01005997,49.1134,-0.7903496,3.0800674,-0.81415665,0.070206724,-0.28454107,0.07304982,0.05215626,2.515496,1.216695
E01005998,49.1134,-0.30298546,-9.90606,-0.00053214934,-0.22938614,-0.14955083,0.31068125,-0.03291537,4.384798,-0.6180764
E01005999,49.1134,2.6640766,-6.2904353,-0.9755272,-1.3034166,-0.26176512,1.7677652,0.08933951,-0.083177276,-1.1412673
E01006000,49.1134,0.80267096,2.7904003,-2.0560467,-1.3363354,-0.2650094,0.66387755,0.25538796,-6.7755146,-1.6385878
E01006001,49.1134,0.5998598,10.781283,1.1521238,0.28733584,-0.73087585,0.16425382,0.07094644,4.3933773,1.1600183
E01006002,49.1134,-1.4061403,9.418992,-0.07722454,0.7679846,-0.7750311,0.39698094,-0.019271353,2.8259168,1.6387742
E01006003,49.1134,0.54681337,5.966369,2.068081,-0.06454937,-0.36387524,0.10861786,0.007762176,4.769506,1.1228018
E01006004,49.1134,-2.2805116,5.3983445,2.1265059,1.8544042,-0.30286762,0.3138119,-0.063882396,7.415753,1.7613449
E01006005,49.1134,-3.3494174,7.752685,-1.8183647,-0.40259004,-0.21520524,-1.5399524,0.32019192,-8.252474,-2.4064083
E01006006,49.1134,-1.0939386,6.917472,2.5143833,0.19103818,-0.38116345,0.0042622797,-0.08816226,7.2639427,1.8700422
E01006007,49.1134,-1.6443008,5.3555717,2.489549,-0.57185036,-0.22682054,0.25249448,-0.027063753,4.022562,1.0018243
E01006008,49.1134,0.84215575,-6.5662994,1.6279045,-0.70642006,-0.22213808,-0.089670785,-0.030992799,3.1154144,0.8789717
E01006009,49.1134,0.52410513,5.7287874,2.0729163,-0.82680845,-0.4012888,0.018552102,-0.14583766,2.2059875,0.14863002
E01006010,49.1134,3.7203457,3.24754,-1.6683537,-1.4353807,-0.3066579,0.25829163,0.3086061,-6.627985,-1.4696076
E01006011,49.1134,-2.9383848,2.973764,-1.6705437,0.92923933,-0.24079329,0.1681471,-0.105540775,-10.549191,-2.3217993
E01006012,49.1134,0.3655496,-5.185805,-0.54304606,-0.5990827,-0.18438682,0.3519584,0.020431437,2.9233708,0.96832854
E01006013,49.1134,0.5421379,6.2255206,1.5353339,0.29136994,-0.80397797,-1.2036839,-0.064465664,1.1487935,1.7860538
E01006014,49.1134,-0.5018613,4.8728433,2.9186246,0.4806687,-0.25958258,0.1299721,0.11097143,-5.967168,-0.025141358
E01006015,49.1134,-1.4436564,-19.121264,3.6787972,0.16877703,-0.1164931,-0.89464694,0.1580515,3.6758223,1.5738945
E01006016,49.1134,-1.1171529,2.2859733,-3.3326964,-2.432752,-0.092399,0.3848889,0.2888255,-12.594914,-1.8105752
E01006017,49.1134,-1.6619387,8.648321,3.1166875,0.56768775,-0.7084149,-1.1499139,0.2265372,7.361879,1.9502048
E01006018,49.1134,-1.4461956,6.7635217,3.1171467,0.47374642,-0.6327526,-1.14035,0.09396477,7.360218,1.8933305
E01006019,49.1134,-2.9154847,-0.32716808,-2.783502,1.6504093,-0.16230068,-0.046840556,-0.15075605,-11.370236,-1.8697404
E01006020,49.1134,-3.0135517,0.6509253,2.6451066,0.57896453,-0.7209403,-1.1503565,0.17472482,-3.0819962,-0.08589785
E01006021,49.1134,1.9223733,6.31544,1.9493768,-0.80888045,-0.5707217,0.096265696,0.025699355,4.691719,1.3924738
E01006022,49.1134,2.4864876,-11.772009,-1.7795982,-0.31802714,0.14435202,2.2937348,-0.1865648,0.56305313,0.65247166
E01006023,49.1134,-0.9043836,-1.7202113,-2.3118308,-0.5089686,-0.11283322,0.2884525,-0.26221064,-9.05563,-1.6433923
E01006024,49.1134,-0.8165694,-8.797027,1.5667648,0.47071204,0.61258847,-1.0079309,0.967002,7.7541947,1.7271608
E01006025,49.1134,-3.1304572,2.4937105,2.4859266,-1.3414333,-1.1793333,-1.5464483,0.0024437346,-7.854561,-2.3811667
E01006026,49.1134,3.3122852,-3.3538783,-0.45567748,-0.86374,-0.2983994,-0.022306923,0.11890836,0.22489534,-1.0708262
E01006027,49.1134,-3.8586247,-18.18838,0.5035472,-0.19352087,-1.375178,-0.09174809,0.107285716,-6.7014103,-1.6385053
E01006028,49.1134,1.8523778,2.7765625,-1.8630822,-0.9162259,-0.137336,0.36755952,0.36862478,-9.55963,-1.7038858
E01006029,49.1134,6.622926,-1.0183992,-0.39769328,-0.76760536,-0.57971287,0.68589866,0.19308038,0.56218445,-1.2232356
E01006030,49.1134,-0.8458775,2.7025301,0.038344707,-0.18260866,-0.7332854,0.28878006,-0.20176943,-6.1101837,-1.7078598
E01006031,49.1134,-0.9609268,3.538738,0.015449109,-0.112711005,-0.338905,0.21735124,-0.21028064,-6.244233,-1.4198431
E01006032,49.1134,-0.9130235,6.420214,1.6673906,-0.20261598,-0.39274567,-0.94931793,-0.32963303,-6.896742,-2.4031644
E01006033,49.1134,1.8648918,-1.222615,0.22607875,-0.7992544,-0.3641102,0.1446588,-0.24320285,0.04972014,-1.4150972
E01006034,49.1134,-3.0012288,-4.2837095,-0.80092835,0.17324546,-0.1237349,0.36447272,-0.25953278,-4.472183,-1.7289324
E01006035,49.1134,-1.7915001,-5.275235,-1.3251884,-0.4296313,-0.19128,0.33548608,-0.08641983,-3.5882602,0.941611
E01006036,49.1134,1.0181451,-10.951596,-0.67255944,-0.048264787,0.028350923,0.34317937,0.10521927,-5.5122757,-1.1159906
E01006037,49.1134,-1.8768818,-9.765894,2.5638776,0.11466593,0.428737,-1.0246578,0.11912222,8.179211,1.7412618
E01006038,49.1134,-1.597063,0.39420637,0.40476558,0.6349976,-0.6120559,0.49547133,0.32075036,4.081631,1.7277358
E01006039,49.1134,2.6544676,-0.7340479,-0.4789176,-0.24350344,-0.69582605,-0.020822333,0.071358025,0.92942846,-1.3847312
E01006040,49.1134,5.0284896,-5.174318,-0.7722447,-0.7010885,-0.44335842,1.3320105,-0.0448981,2.961434,-1.1326727
E01006041,49.1134,5.887465,0.65028876,0.38241786,-0.86075175,-0.60295796,0.5307159,0.1598073,4.475886,-0.19697316
E01006042,49.1134,2.9448636,-1.0129691,0.22684069,-0.21087448,-0.5986702,0.044905704,0.07043222,3.9418795,1.0788462
E01006043,49.1134,-1.3301827,4.0938396,0.42828673,-0.3631336,-0.36591825,0.3487103,-0.09398625,2.4330342,1.6811923
E01006044,49.1134,-0.74075896,4.4636765,1.0449458,0.27017576,0.32992548,-1.5479162,0.13481545,2.4561954,1.7391081
E01006045,49.1134,-0.51008314,6.490716,2.9368908,1.651093,1.4772179,0.2205371,0.6610445,4.8255963,1.9544704
E01006046,49.1134,0.58062315,9.990011,1.934261,0.30820966,-0.7995252,0.19549856,0.20884629,7.4060407,1.8645319
E01006047,49.1134,1.5693192,-1.9463137,1.5013604,-0.20280114,-0.6739044,-0.1840643,0.04567148,2.4289312,0.86332184
E01006048,49.1134,1.8193009,3.5137725,-0.4912532,-0.21643613,-0.4165094,0.4960108,-0.010365691,3.900867,1.6938938
E01006049,49.1134,4.2521133,0.81635565,0.16239089,-0.64123666,-0.52557075,-0.008219855,0.07772899,3.137456,0.65690154
E01006050,49.1134,-4.4892383,-11.8413,-0.665353,-2.1932545,-0.42186692,0.24395785,-0.2656831,-11.055808,-1.6494243
E01006051,49.1134,4.5345006,5.758015,0.95900476,-0.396855,-0.22992352,0.16381869,0.17720613,2.192395,1.0873098
E01006052,49.1134,-3.3714652,2.01156,0.9938189,-1.9412977,-0.28033784,-0.6237863,0.30052763,-10.79185,-2.1902914
E01006053,49.1134,2.260896,-6.5348444,0.431674,-0.27007356,-0.7487621,-0.00015657651,-0.008085823,4.1610303,1.3185304
E01006054,49.1134,-0.703441,-0.7671479,-1.6494998,-0.024239248,-0.29455894,0.3803968,0.05336537,-5.9257073,-1.285093
E01006055,49.1134,7.1139746,6.3611336,1.8935485,-0.6648557,-0.738429,0.10726044,0.35931537,4.185964,1.0184827
E01006056,49.1134,-2.870668,7.6442294,1.0005448,1.1254267,-0.4164339,-0.088441,-0.28990015,-12.264849,-2.5746872
E01006057,49.1134,4.3221254,0.28832117,1.5713751,-0.23081703,-0.52365685,-0.017572345,0.07388389,4.36403,1.3333032
E01006058,49.1134,4.7783012,-5.8044543,-0.88576716,-0.67248493,-0.4292699,0.5460151,-0.11803015,3.6778095,0.66057706
E01006059,49.1134,4.100149,-1.0985882,0.84760785,-0.646055,-0.6197551,0.03874892,0.040384326,4.613467,1.1874847
E01006060,49.1134,3.2641113,4.316853,-1.2423412,-1.0165229,-0.34106773,1.9318411,0.13934767,-5.8123045,-1.5553029
E01006061,49.1134,-2.6722853,0.44341242,-0.021330446,-0.33657333,-0.9276486,0.071610674,0.10268971,-6.738836,-1.4365866
E01006062,49.1134,-1.1556954,-5.584505,1.8332177,0.3552195,0.45993996,-0.10929468,0.34920952,7.7406087,1.543126
E01006063,49.1134,-1.2611861,6.4231143,2.6798275,0.45282003,-0.43080384,-0.563976,0.1603472,5.0352545,1.8403872
E01006064,49.1134,-2.463981,-0.401499,-1.3168547,-0.46133843,-0.22051057,-0.8640222,0.025529066,-10.9672365,-1.999134
E01006065,49.1134,-2.9745746,7.0063267,5.3149877,-1.3941368,-1.263132,-1.3278697,-0.37305245,-10.888993,-2.6847758
E01006066,49.1134,4.4611197,5.2349424,1.2281356,-0.5832685,-0.4981317,0.054093607,0.16293664,2.3435638,-1.0504684
E01006067,49.1134,-0.5762547,-5.6379995,1.3943393,0.3920622,-0.5317521,0.16294979,-0.18083793,7.591013,1.2778349
E01006068,49.1134,5.1269174,-1.0657022,-1.4439133,-1.2585255,-0.29698688,1.3775429,0.12767169,0.2652113,-0.8179905
E01006069,49.1134,-2.3361795,5.066232,3.1690202,0.5005996,-0.15231541,0.14443426,-0.05487522,-6.9617686,-1.6209671
E01006070,49.1134,7.5757475,9.518704,1.5066245,-0.6702566,0.117501706,-1.0468946,0.24710162,5.5786295,1.1999805
E01006071,49.1134,-1.8112829,-1.4132484,1.8279146,0.8389872,1.0102423,-0.9540717,0.19749002,4.6030917,1.3342013
E01006072,49.1134,-1.436826,6.644402,2.6433568,0.17559901,1.4008007,-1.2267442,0.13465951,6.9081225,1.8125603
E01006073,49.1134,-0.15820599,-4.2036076,-0.3397345,-0.089343086,-0.13879527,0.56681365,0.06859213,-4.277122,-1.3024293
E01033949,49.1134,-3.7558026,3.557897,-6.4699106,-2.5074363,-0.12015114,-1.9340211,-0.30606964,-15.177777,-2.1448824
E01033950,49.1134,-4.0437684,-6.01259,-3.4997268,-2.0554123,-0.07457292,1.5264446,-0.025625952,-15.385776,-1.6402224
E01006074,49.1134,-1.7385557,5.4463143,0.42063022,0.66847664,1.3903466,0.3521303,0.26600873,-5.7194104,1.7702525
E01006075,49.1134,1.3565303,-16.501015,-2.3596017,-0.64644605,0.12694764,1.891463,-0.13366883,3.8351002,1.2413154
E01006076,49.1134,1.8734249,-6.63633,-1.7556518,0.10185416,1.3336484,1.0913206,0.06813678,3.8315287,1.0109619
E01006077,49.1134,5.5259614,3.2996705,-1.3348731,-0.5100956,0.29579085,0.6069189,0.045059532,1.3106717,1.1263325
E01006078,49.1134,2.8869953,-5.691523,-0.8807667,-0.27241752,-0.36505204,1.0221231,-0.09456515,3.0193996,1.1332383
E01006079,49.1134,-2.2657254,-26.304811,-1.7642301,-0.3630095,0.014472928,0.24472356,0.5201894,3.4139624,0.861536
E01006080,49.1134,4.5277095,0.7112399,-0.63522476,0.34255353,0.78361887,0.54088444,0.008440319,4.7408032,1.0722388
E01006081,49.1134,-2.05656,-15.196621,0.10580282,2.41008,0.61930907,0.14988086,0.40705904,4.8378916,1.6674229
E01006082,49.1134,2.794782,-6.366686,-1.0851899,0.262636,1.7312167,0.072603606,0.027184702,4.5424204,1.3062091
E01006083,49.1134,3.4657948,-1.35813,0.22571145,0.6788293,2.1639102,-0.09740609,0.26355982,6.429311,1.3704883
E01006084,49.1134,5.617287,-1.2532667,0.21778536,0.96111536,2.5715072,0.64161265,0.35073844,5.826357,1.298933
E01006085,49.1134,5.973554,3.2104084,-0.5372585,0.2997725,2.2965863,-0.011288526,0.056960884,4.610923,1.2357517
E01006086,49.1134,-0.5853697,-1.4084169,-0.11881903,0.7388797,1.9598273,0.4601477,0.35142753,0.84848464,1.6057584
E01006087,49.1134,0.3011391,-7.737825,0.84695417,0.8177819,1.319727,0.17560127,-0.06615227,2.2205734,1.6316922
E01006088,49.1134,8.119474,10.439951,1.3331205,-0.689779,2.5436008,0.15817624,0.22210768,4.7816997,1.1609157
E01006089,49.1134,1.6271038,-0.7467514,-1.2565014,0.54433733,-0.6399546,-0.23633392,0.010773137,3.9229038,1.078261
E01006090,49.1134,-2.2023673,-18.619501,-1.5813025,0.028186101,0.08670489,1.7519273,0.11005565,2.469829,1.4308827
E01006091,49.1134,-2.9868698,-25.141811,-0.84942096,0.4859126,0.03205026,-1.0687436,0.5318541,3.5502052,1.0051458
E01006092,49.1134,-2.6784737,-0.6292392,2.5582743,0.022050163,-0.116610914,-1.3144844,0.12584047,-9.100964,-0.26657394
E01006093,49.1134,1.3235458,6.6220016,1.1008515,0.45731157,0.49376935,0.20983325,0.27669287,4.8043957,1.6216552
E01006094,49.1134,-2.1855748,6.675202,0.57082325,0.58875597,1.4630586,0.81767845,0.22630964,6.694891,1.899221
E01006095,49.1134,-2.3588505,3.232385,0.8013902,0.5538948,-0.3343562,-1.090719,0.28265533,7.272913,1.7677023
E01006096,49.1134,-1.3634245,-1.6919341,0.04432117,0.69127125,1.1838027,0.42452022,-0.17424363,6.5144086,1.4492626
E01006097,49.1134,-1.2629452,-3.3844278,-1.960643,-0.31646508,-0.21887246,1.0401112,-0.18516433,4.785697,1.2010423
E01006098,49.1134,-1.3553618,10.4298,0.0982896,1.5327345,2.1327984,0.4973078,0.20063576,7.13864,2.17726
E01006099,49.1134,-0.42658594,6.131211,0.10608143,0.5929906,0.14793752,0.42544517,-0.20477872,5.2228003,1.7209502
E01006100,49.1134,-0.7509188,4.5701804,-1.4161638,0.85255307,1.6577191,0.79501855,0.267532,2.5615776,1.4637982
E01006101,49.1134,-1.6167986,4.609458,3.3203912,2.5606344,1.1238521,-0.39358446,0.4861055,7.3525696,1.5510008
E01006102,49.1134,-3.6387875,10.326564,1.0236342,0.20470425,0.7412126,-1.5533816,0.030132111,1.3873589,2.1070127
E01006103,49.1134,-1.8624338,10.38699,2.3093462,1.8764031,1.623858,-0.9012111,0.04822234,7.4549127,1.9559981
E01006104,49.1134,-2.244617,-18.240974,0.51226634,0.4554516,-0.91252667,0.120673254,-0.021178354,3.2783675,-0.3384106
E01006105,49.1134,-3.4088533,-1.9934547,-0.5141441,-1.0775033,-0.9399705,-0.6881386,0.23777294,-10.6365,-1.9804068
E01006106,49.1134,-2.916958,-11.024537,2.4244196,-0.21857631,-0.46591797,-1.0535626,-0.11322444,-1.5115,-1.7547075
E01006107,49.1134,-2.3670664,-21.268232,0.7385366,1.0036575,-1.0287148,-0.11262068,0.57328355,-4.658289,-0.99223554
E01006108,49.1134,-3.94844,9.5508,0.506229,-2.2260833,-0.9059924,-0.7628713,0.10232122,-13.305182,-2.462628
E01006109,49.1134,-1.4186703,3.704231,-4.932637,-1.3423463,-0.5309007,-0.24097684,0.00056719594,-15.217144,-2.186489
E01006110,49.1134,8.92611,11.139479,2.0161479,-1.0783798,2.660745,0.017475896,0.45142293,1.4754883,-0.8996014
E01006111,49.1134,7.25292,4.9813313,0.94598997,-1.0704383,1.2124025,0.15660743,0.5023933,-8.684324,-1.3435665
E01006112,49.1134,6.5848103,3.3119988,-2.5718164,-1.2450093,-0.45866603,0.2141292,-0.19853218,-9.508533,-1.6812465
E01006113,49.1134,2.7650788,10.0609255,1.956937,1.9031168,3.0872757,0.3104045,-0.00096748536,4.736317,1.8752205
E01006114,49.1134,-0.8203005,4.4882936,-1.6379182,1.1829989,1.5332831,0.6141444,-0.028336477,-5.40594,1.3912905
E01006115,49.1134,4.1190314,9.499338,-1.9688432,0.36630082,3.6353664,0.19469327,-0.10558467,-1.0657603,0.3406515
E01006116,49.1134,-0.40241373,10.601028,1.54108,0.3153425,-0.7176873,0.39214632,0.3148453,5.396115,1.9038116
E01006117,49.1134,-2.678529,10.340715,2.324919,2.498612,1.7115873,-1.0209538,0.6095625,5.069942,2.0194407
E01006118,49.1134,-1.6494484,8.721232,-1.0401169,1.07453,-0.68993187,0.22497232,0.20763433,-4.3614397,2.1200724
E01006119,49.1134,-3.2170281,10.421792,1.8234065,1.812301,1.6371907,-1.230782,0.0072194673,5.040502,1.9298735
E01006120,49.1134,-1.5821539,9.16575,2.7417533,2.5216181,0.95920384,0.117603816,0.17993812,7.705452,2.029158
E01006121,49.1134,-1.5764276,9.181505,2.0790148,0.4098972,-0.61727726,0.27119935,-0.089487955,5.2221847,1.9856212
E01006122,49.1134,-2.0478861,3.55291,0.89712155,0.53623235,-0.0074942317,-1.2485691,0.10958134,5.652943,1.644787
E01006123,49.1134,-1.6655205,6.246195,1.1263644,0.3589929,1.2015617,0.22901373,0.33712515,4.9072022,1.639349
E01006124,49.1134,-1.2533519,9.746066,2.7752168,2.0962594,1.9158562,0.2500222,0.5035234,4.907675,1.7875127
E01006125,49.1134,-1.7346066,6.0491567,0.9585328,0.30743948,1.5040631,-1.4630533,0.45468178,2.5455422,2.0620353
E01006126,49.1134,-2.7705677,5.381411,0.2544672,-0.40745515,-0.96332157,0.38567808,0.09770501,-6.8272877,-1.5003498
E01006127,49.1134,-1.5353359,4.8679914,2.7049248,1.5871084,-0.30992615,-1.0489424,0.10198673,4.072434,1.893341
E01006128,49.1134,1.2909288,5.460548,-0.5784528,0.074701965,0.5519406,0.6816832,0.30146018,4.910029,1.5676821
E01006129,49.1134,-0.6436399,0.06677863,-1.4638289,1.028959,-0.3262027,0.26672632,0.2761677,-4.236282,1.5945629
E01006130,49.1134,-0.7547484,6.0762186,0.54992235,0.5401422,-0.73840636,0.29233953,0.2539601,4.116441,1.9358625
E01006131,49.1134,-0.2735761,8.693704,-0.68712395,0.77589,1.1971259,0.09523788,0.35179287,4.6012716,2.1905456
E01006132,49.1134,-0.9678609,3.8046618,-0.74140674,0.92865825,-0.69308245,0.23983458,0.35686624,1.1391444,1.9101831
E01006133,49.1134,-1.5512536,9.697454,3.0236733,2.544821,-0.943831,0.3026769,0.6455261,8.096179,2.0636554
E01006134,49.1134,-0.633101,-5.9203534,1.0741277,1.9638491,1.0318477,0.11708475,0.23447314,7.531532,1.5081719
E01006135,49.1134,-2.2872334,3.612654,1.1398469,0.51816744,1.0613039,0.38964087,0.41042265,4.838183,1.5008377
E01006136,49.1134,-1.5819801,2.9829981,2.2987602,1.7153432,1.1841421,-1.035221,0.2741463,5.6432924,1.656594
E01006137,49.1134,-1.4391719,-2.619782,2.940898,2.5528097,1.0153074,0.25395745,0.31939006,6.8131533,1.5516329
E01006138,49.1134,-2.3533323,3.8670382,-0.9151908,0.7851392,0.5207179,-1.9150424,0.28100562,0.60181856,1.966607
E01006139,49.1134,-0.5540977,-6.4657173,-1.0067403,0.717648,0.9032415,1.4651834,-0.17310633,4.2959023,1.38046
E01006140,49.1134,-0.31734192,7.7546034,0.5743786,0.51946294,1.8928857,0.15461287,0.33267537,3.525508,1.828307
E01006141,49.1134,-2.5457454,-19.605963,-1.4744537,0.9378033,-0.35212263,-0.05606968,0.08173115,0.9115869,0.4058318
E01006142,49.1134,-1.8062621,-1.0344123,-1.7421293,1.0960327,-0.22737415,0.65077996,0.30087245,0.25737894,1.5934728
E01006143,49.1134,2.5897062,3.2468033,-1.4682388,0.9163424,-0.22943176,0.6767201,0.13625978,3.8467028,1.2118778
E01006144,49.1134,3.762642,3.1990252,-1.3660221,-0.9865863,-0.28885236,0.56064695,0.36971733,-7.7915044,-1.5358807
E01006145,49.1134,-2.536213,-4.9422355,-1.5369781,1.1093328,0.14524649,1.441306,-0.015390163,-6.368707,-1.3976934
E01006146,49.1134,-1.3512691,11.4835615,1.2962682,1.7350476,1.8962686,0.20390585,-0.09172652,5.11671,2.0100896
E01006147,49.1134,2.4228904,10.824649,1.968754,0.64803356,2.6632924,0.033967767,0.064626314,6.773309,1.8301144
E01006148,49.1134,-0.61981714,-1.0206183,-1.8686138,0.8044508,0.65473056,0.1750707,-0.07050727,4.751728,1.0801083
E01006149,49.1134,2.0781622,-1.4758817,-1.6793324,0.18463206,-0.35086954,0.64604545,0.07168922,0.36397782,1.2795233
E01006150,49.1134,3.0725248,0.09895594,-1.326445,-0.04277126,-0.11620913,2.1142497,0.036769748,4.0235167,1.1335022
E01006151,49.1134,-1.3381032,6.661014,0.08361692,0.5412679,1.611034,0.537168,0.2821827,6.5557127,1.9115385
E01006152,49.1134,-1.2582945,-4.5718923,3.2072883,2.729648,1.1414584,-0.7994604,0.46389213,7.8895965,1.9492115
E01006153,49.1134,-2.091615,9.907315,1.7220836,1.9054458,1.8377966,0.47329587,0.15104114,4.94423,1.9795794
E01006154,49.1134,5.5705223,3.8626218,-0.22204228,-0.2802023,-0.4460377,0.5934182,0.12344868,5.0249796,1.06095
E01006155,49.1134,-1.0870192,6.192714,0.631161,0.46788153,-0.09460668,-1.4397006,-0.17935726,5.6590505,1.8118999
E01006156,49.1134,-2.116749,-7.6150627,-0.40315077,1.0273814,-0.27411622,0.07243968,0.42554593,-4.302806,1.4197514
E01006157,49.1134,-2.252664,-5.153672,-1.9638554,1.6608496,-0.2794715,-3.8228295,0.32614604,2.441966,1.6260921
E01006158,49.1134,-3.527236,7.4760246,-2.205436,1.1976717,-0.5846345,-0.4202744,0.29915005,-7.347842,1.5496207
E01006159,49.1134,-2.3619895,7.803975,2.0827978,-0.12264354,-0.490782,0.38343716,0.05331431,-7.2338967,-1.5465462
E01006160,49.1134,1.6692564,-6.2255397,-2.0605218,-0.38046432,-0.15321381,1.9872783,-0.2114448,0.06166021,1.1677257
E01006161,49.1134,1.593615,-13.500089,-1.3479905,-0.17924355,0.04814279,1.23293,-0.07473505,3.9276493,0.95465624
E01006162,49.1134,4.154399,4.5465283,-1.947282,0.18901262,-0.47684303,0.6286217,0.1255539,6.6381807,1.0573349
E01006163,49.1134,6.7958293,5.7439523,1.2098447,-0.7532758,-0.45626384,0.107750915,0.06970298,6.602319,0.82884294
E01006164,49.1134,-1.465668,0.73857737,-1.0637983,0.93073833,0.6396204,0.0029242928,0.4203637,3.3798602,1.467771
E01006165,49.1134,2.56996,-5.4003744,-1.0404891,-0.34059116,-0.3464581,1.397317,0.009191394,2.8197446,0.84677976
E01006166,49.1134,-3.0415008,0.45493248,-0.7708784,-0.34620216,-0.5192577,-1.0494573,0.1647108,0.23607497,1.9373821
E01006167,49.1134,-3.885324,0.68658656,-2.9460828,-1.3872409,-0.31409702,-0.02140402,-0.27975842,-12.46442,-2.1026177
E01006168,49.1134,-4.114263,-1.0068362,-1.7298789,-2.7414474,-1.0386344,0.06647613,-0.00932029,-13.558475,-2.1049712
E01006169,49.1134,-1.5015491,10.440004,1.3951043,0.38197884,1.596107,0.15140307,0.3367948,4.411284,2.0079343
E01006170,49.1134,0.5333173,6.5795794,0.511677,0.43457216,-0.17277272,-0.2376107,0.12466827,1.2059127,1.919422
E01006171,49.1134,-2.813078,5.833687,-1.8478765,-0.28238514,-1.143691,0.47804007,-0.042499393,-7.1278987,0.3352612
E01006172,49.1134,-2.099942,10.572311,2.2040043,0.7855392,2.097699,0.33164734,0.7027772,2.6567125,2.078138
E01006173,49.1134,-1.2415311,11.159011,0.990905,0.65300536,1.1327568,0.108908966,0.24840862,5.489236,1.9451116
E01006174,49.1134,2.925107,3.4557526,-1.6384269,-0.04357916,-0.4910831,0.4515612,0.051675368,5.042779,1.1510073
E01006175,49.1134,-3.1741838,5.0162034,0.5167196,-0.20188919,-0.3173121,0.5327661,-0.0020264625,-9.594891,-1.7108573
E01006176,49.1134,-1.2160394,-4.106468,0.75614953,0.51988256,0.090687625,0.2543683,-0.14047725,3.9328268,1.4574136
E01006177,49.1134,-2.2306736,1.831817,4.1588054,0.6808874,-0.8683051,-1.2534992,0.0612265,-6.3671412,-1.2504663
E01006178,49.1134,2.3363757,6.130486,-0.45926908,0.5181125,-0.521623,0.37802467,-0.06627074,5.1933637,1.5945439
E01006179,49.1134,1.4697243,7.4072676,-1.6700728,0.36384767,-0.50458014,2.8839974,0.07827818,-5.9457936,1.4405605
E01006180,49.1134,6.703923,3.4826689,-0.55914366,-0.9363371,0.39648205,0.6638437,0.08410727,4.318582,0.7225768
E01006181,49.1134,1.5695976,6.381053,-1.1843783,0.785823,1.6027073,0.78882736,0.011910261,1.2143149,1.4116716
E01006182,49.1134,-1.9638549,10.40611,3.0694993,2.4664667,1.71477,-0.86394614,0.115193404,6.3860292,1.9590482
E01006183,49.1134,-0.29488674,11.674078,0.46826583,0.6229782,2.1256382,0.20464958,0.2804774,5.061362,2.0152903
E01006184,49.1134,-1.7182928,5.2426615,-2.4558756,0.9335123,-0.46374997,0.599017,0.40293118,-5.8055935,1.537646
E01006186,49.1134,1.0797173,-12.237429,-1.8062464,-0.030790836,0.20574035,1.880939,-0.2551731,1.3128392,0.5798117
E01006187,49.1134,8.815067,6.0517507,-0.50780374,-0.8766595,0.022590209,0.5075139,0.33458564,2.5041506,0.22612092
E01006188,49.1134,0.92568207,-24.906124,-3.6651504,-0.8000515,0.16084753,-3.1856916,-0.63188624,1.2592379,0.48856205
E01006189,49.1134,-0.6112446,-3.316544,-0.34153143,-0.0732587,-0.7946668,0.5877071,-0.079563275,0.39420488,1.4018741
E01006190,49.1134,-1.5429311,3.1318395,1.2032807,1.7175516,1.1007911,0.20088042,0.2845063,7.184254,1.7317653
E01006191,49.1134,-1.9587567,-1.1398631,-0.2226654,0.8905367,1.2090698,0.7593962,0.34359694,5.079198,1.6929576
E01006192,49.1134,-0.7897815,-2.064505,0.13134475,0.5873963,0.5850728,0.5120539,0.42326006,4.8776536,1.4524822
E01006193,49.1134,0.4380608,8.608223,0.6395614,0.6504684,1.7758516,-1.5140564,0.23982121,5.067598,1.9428937
E01006194,49.1134,4.972396,-5.8929954,0.16438335,-0.7466548,0.19025297,0.4625995,-0.067552224,2.8655045,1.2298627
E01006195,49.1134,-1.8756881,9.020575,2.3621752,1.6415927,1.4544709,-1.0646433,0.08114135,7.452967,2.0153441
E01006196,49.1134,-1.1633708,9.6547365,2.208131,0.26307693,0.6550369,0.33809587,0.15902299,7.1293097,1.8655194
E01006197,49.1134,2.2881088,4.9936886,-0.44305584,-0.19239216,0.5512277,0.4377505,0.2992689,5.0607204,1.4929438
E01006198,49.1134,1.2194964,-6.2041373,-1.2421684,-0.1919457,-0.088682905,2.230927,0.03960748,0.09430577,1.3156865
E01006199,49.1134,2.3301432,6.9077454,0.088682,-0.39742294,-0.5205259,-1.4493856,0.09671806,-2.504403,1.3772651
E01006200,49.1134,-1.6824218,4.849762,-2.720372,0.48295128,-0.45519835,0.24893445,0.2977277,-4.3094497,1.7992208
E01006201,49.1134,5.219211,-0.016401801,-0.78334403,-0.3896192,0.32632154,-0.058969755,0.15743951,3.2181485,0.9503555
E01006202,49.1134,5.637074,-1.0724998,-1.1970652,-0.06264764,-0.3094707,2.215299,0.01769675,4.1205115,0.9807479
E01006203,49.1134,-0.6111098,9.828317,0.6130057,1.8419315,2.1814637,0.5544797,0.24733987,5.649034,2.0595572
E01006204,49.1134,-1.7507834,-6.0498853,-1.4889096,0.9168635,-0.2622956,1.2129314,0.36828768,3.8706136,1.6869842
E01006205,49.1134,-2.0900242,3.4334881,0.7983972,1.9509767,1.2053043,0.37844837,0.14922951,5.0110545,1.666447
E01006206,49.1134,-3.120043,-4.7654524,-1.3316978,0.11733345,-0.3509507,0.14778557,0.3417755,-3.7418826,1.6548911
E01006207,49.1134,-3.3830605,-1.1992297,-2.2874982,-0.24382019,0.0643589,1.4905982,0.05589616,-10.999863,-1.8393707
E01006208,49.1134,-2.08038,0.9329151,1.6232908,0.77035725,-0.2321185,0.15590939,0.34551078,-3.5280077,1.6648533
E01006209,49.1134,-1.4999896,4.5054693,1.4301039,1.873643,1.3609965,0.36175844,0.41845214,5.2141895,1.6437576
E01006210,49.1134,-1.6544989,5.7042723,-1.8554288,0.8103975,1.6461549,-0.13332596,0.13812473,2.595067,1.7651154
E01006211,49.1134,-1.6246585,8.697248,1.2082094,0.5783503,1.2618521,0.31441107,0.33371797,-5.8211846,1.8172659
E01034000,49.1134,-2.4290748,-24.424889,-3.3754823,1.064996,0.7631174,-1.5531409,-1.7136688,-0.81957126,0.50176483
E01034001,49.1134,3.9375892,-2.7677226,-2.3618906,-1.3768541,-0.17439923,1.978642,0.08024573,-6.3502116,-1.292618
E01006212,49.1134,-1.2644144,5.716342,2.7514977,1.5558429,1.2853642,0.17861724,0.28020033,3.5250492,1.739082
E01006213,49.1134,1.9835709,-3.83776,-0.95166713,-0.81320727,-0.19654052,0.60746044,0.00040534884,-5.11371,-1.387616
E01006214,49.1134,5.645507,0.8751409,0.9209491,-0.58095556,-0.6119966,-0.020504316,0.14587191,2.4563575,-1.1745745
E01006215,49.1134,0.53643423,-6.5306478,0.25548118,-0.17160079,-0.40846184,0.0715375,0.018461328,-5.5151415,-1.5389956
E01006216,49.1134,-1.6396544,-16.239342,1.4745075,0.40002364,-0.889592,-0.29833996,-0.033553127,3.263353,0.888948
E01006217,49.1134,0.01840753,-14.158878,0.7081515,0.13264929,0.036801744,0.00051268237,-0.122976996,-3.8610437,-1.1435314
E01006218,49.1134,2.0916114,-9.895484,1.130271,-0.69609743,-0.12911725,-0.11648341,-0.003924142,2.7204838,-1.217109
E01006219,49.1134,0.5427465,8.480565,1.8832632,0.04828692,-0.77083427,0.15674324,-0.102882504,6.691913,1.5693995
E01006220,49.1134,-0.32862017,2.6984987,2.7686253,0.76852125,-0.18111736,-1.5461797,-0.15074958,-5.9720693,0.07610875
E01006221,49.1134,0.5894022,-5.504369,-0.46211475,-0.19627097,-0.19139,1.1040796,-0.023231843,7.725877,1.5512296
E01006222,49.1134,-1.5831755,-7.526596,2.3464649,2.4813066,-0.32545215,0.2562074,0.27205625,8.502224,2.165543
E01006223,49.1134,3.2521303,-1.058969,-0.23944405,-0.65522176,-0.45199746,1.0712135,-0.015757369,5.1269298,0.8252624
E01006224,49.1134,-1.0030615,-15.456452,4.707266,2.8559327,0.056604743,0.35170728,0.20982273,8.432502,1.7432549
E01006225,49.1134,-0.730486,6.6064615,1.523649,0.3808726,0.61054444,0.2507402,0.34357458,4.6722817,1.8280185
E01006226,49.1134,-0.50104725,-1.3359857,1.4600813,0.51658195,-0.5929788,0.12550443,-0.19526902,4.6095533,1.3547528
E01006227,49.1134,-1.0315981,-6.1741962,2.6663647,0.48764294,-0.51946354,-0.75458807,0.22000107,3.726324,1.8004289
E01006228,49.1134,0.9178514,-5.5729475,0.13267878,-0.2673859,-0.24894294,0.59983194,-0.037046466,3.4372199,0.8028245
E01006229,49.1134,-0.21746275,-7.446492,-1.3206075,-0.40632093,-0.36990064,1.437533,-0.1657026,7.7090816,1.5476325
E01006230,49.1134,-2.4202216,-21.202528,0.31665,0.24909699,-0.240314,-1.0745592,-0.07376914,3.170953,1.3905652
E01006231,49.1134,0.60009176,-3.631989,0.9968485,0.7436653,0.47083816,0.058255956,0.38825658,4.2398643,1.4483999
E01006232,49.1134,0.6290084,-16.496471,0.12692417,0.16369477,0.28975856,-0.12695622,-0.105797336,3.9630144,1.3361062
E01006233,49.1134,-1.6284599,-1.5990502,2.5837712,2.5354447,1.0258797,-0.71027696,0.8284472,7.152501,1.5904331
E01006234,49.1134,-1.3654951,5.70771,1.2558681,0.49158126,-0.55302835,0.14393511,0.15612736,2.1587565,1.7492877
E01006235,49.1134,-2.4611163,0.6459313,0.26194826,0.99073255,-0.25361875,-1.6527654,-0.06217122,-8.126981,-1.4675295
E01006236,49.1134,-0.3994787,-2.9115644,0.9152761,0.37506387,1.0845052,0.2551261,0.3613786,6.342738,1.418663
E01006237,49.1134,-1.5807555,-26.11828,3.2179072,0.49201483,-0.104348935,-0.30732143,0.6779697,2.7844787,0.9220016
E01006238,49.1134,-0.84497434,4.0397744,-1.2925518,0.73846006,-0.37806043,0.4843676,-0.29965857,-6.4179196,-1.5556321
E01006239,49.1134,-2.0896864,2.371779,-2.1906636,0.76539135,-0.24698776,0.18218248,-0.19204181,-11.724258,-2.07146
E01006240,49.1134,-2.5524595,6.879869,0.61440694,1.1853081,-0.58305925,0.3018799,-0.068937585,-12.059625,-2.307328
E01006241,49.1134,-2.3193228,-18.499744,2.8658464,0.72756,-1.1382161,0.046665203,-0.074971266,-5.1654744,-1.2590967
E01006242,49.1134,3.5537176,6.255965,0.3689197,-0.2430664,-0.8994545,0.09189413,0.06805862,3.6474252,0.91739595
E01006243,49.1134,0.023667235,-10.12718,0.4002197,0.2965379,-0.6507313,0.40587732,-0.06113637,4.5469575,1.5487887
E01006244,49.1134,3.5027382,-5.68287,-0.818684,-0.63123727,-0.3422762,0.57930696,0.061761327,0.22643907,-1.2075276
E01006245,49.1134,1.1794775,-17.43483,-0.47486678,-0.0857962,0.1064084,0.11551775,0.0052999994,3.043425,1.3843266
E01006246,49.1134,-0.17613743,-3.4073403,0.98228455,-0.1025203,-0.89439666,0.25511187,0.25921664,-0.105310835,-1.2770097
E01006247,49.1134,-0.6534654,3.4042068,2.1267855,0.4533957,0.3543414,-0.08812051,0.38410723,4.8242044,1.7027435
E01006248,49.1134,-4.4119763,-8.644389,0.025583811,0.5925458,-0.17201169,-1.7585057,0.022380335,-10.210649,-2.2174656
E01006249,49.1134,-2.2015119,6.2432227,1.781943,0.62933034,-1.043959,-1.8646821,0.10129425,-7.1353836,-2.4017284
E01006250,49.1134,-0.8108208,-0.20241064,1.6531242,0.32154414,0.98151654,-1.2837477,0.21721345,6.29919,1.3894223
E01006251,49.1134,-0.22279415,-0.40790892,1.466761,0.3119835,0.5473525,0.18997557,0.21023634,6.5321712,1.4471512
E01006252,49.1134,-0.27293763,5.3806534,2.2104452,-0.13190658,-0.12630597,0.2634602,-0.18800603,6.973555,1.5184425
E01006253,49.1134,-0.17664964,5.1940784,3.978159,0.94169396,-0.23013417,0.2832659,-0.23632017,-5.2113447,-1.4073508
E01006254,49.1134,-0.97732407,-1.599973,0.18528602,1.0965863,-0.17986658,-1.5232049,-0.0002349997,-10.092808,-1.8568755
E01006255,49.1134,0.6035032,6.691111,1.7571491,-0.266341,-0.20610027,-1.1097686,-0.105821595,7.0774426,1.7470185
E01006256,49.1134,-0.66579264,-5.8053927,0.16855468,-0.2426872,-0.8308084,0.49120829,-0.28213155,3.6350935,1.2885184
E01006257,49.1134,4.5303607,9.105705,1.5841541,-0.78148764,1.0267925,-1.1860278,0.043715395,6.3078384,1.3177601
E01006258,49.1134,1.4313829,-3.2745895,0.57930124,-0.7217203,-0.31411028,0.17373492,0.023992859,3.734146,1.3414562
E01006259,49.1134,-0.5522509,-6.07435,0.73600847,0.5898826,0.45511046,0.23117554,-0.10019791,3.492527,1.4194602
E01006260,49.1134,-0.116781324,3.0578961,2.067159,0.6774451,-0.70707667,0.2260105,0.17754777,-6.3692226,-1.3385475
E01006261,49.1134,-0.22703713,5.9047465,1.9523618,0.48803994,-0.8598211,0.2291576,-0.10580128,0.8861184,1.082049
E01006262,49.1134,-2.3322756,-19.271942,0.31459662,0.7856855,-1.234831,0.12565796,0.053576436,-6.0627413,-0.6740573
E01006263,49.1134,-1.5716938,0.03746585,2.346201,1.7832599,1.1274945,0.20719211,0.79036325,6.831163,1.6394366
E01006264,49.1134,-2.4476068,5.6765924,3.5093863,1.888156,1.1098799,-1.2211426,0.5056938,7.2019215,1.9639072
E01006265,49.1134,4.543399,9.984051,1.4951364,-0.67311853,0.9816794,0.061410695,0.10097149,4.7290688,1.1851174
E01006266,49.1134,-0.1585171,8.666352,2.1340632,0.27265632,-0.19864284,0.23351505,0.16895671,7.046428,1.8615894
E01006267,49.1134,-3.1402183,6.6147766,-1.9709201,1.1461686,-0.35415894,-1.2492924,-0.5981037,-12.557582,-2.6865442
E01006268,49.1134,1.5714633,-9.697769,0.22572152,-0.2627665,-0.049098518,0.08897428,0.04043667,2.7966099,1.1874487
E01006269,49.1134,0.38255236,-2.8678393,-1.0415794,0.24190913,-0.2133642,0.025242418,-0.06114888,-3.6688147,0.8682037
E01006270,49.1134,-3.0146735,6.597498,0.9342137,1.5746021,-0.5937021,0.11711292,-0.28769362,-8.837315,-2.7752938
E01006271,49.1134,1.9586904,-4.0652947,0.5398436,-0.019686818,-0.67743033,0.43568188,0.036778238,4.392648,1.401575
E01006272,49.1134,1.9120605,-19.798923,0.07643465,-0.23203845,-0.116594315,-0.17915107,0.03156083,1.779677,-1.0234746
E01006273,49.1134,0.784475,4.8843894,2.2326295,0.18137935,-0.238015,0.23062508,-0.15458125,-3.773929,-1.5430714
E01006274,49.1134,1.5557594,4.9210315,-1.3383142,-1.2751414,-0.3734909,0.46977323,0.31089652,-6.3901396,-2.0564961
E01006275,49.1134,-0.23538123,4.2760224,2.9356616,-0.09008959,-0.22298114,-1.6600909,-0.19729327,-9.393701,-2.0544682
E01006276,49.1134,0.7475747,-9.276308,0.9230264,0.17773852,-0.2681416,-0.051750477,-0.11112959,4.1081347,1.818545
E01006277,49.1134,-0.8425859,-23.70399,5.010405,1.9132499,-0.45529574,0.33880952,1.2135372,2.3315432,1.2560164
E01006278,49.1134,0.38710663,5.3653274,1.8498349,0.16889174,-0.27238286,0.14603388,-0.019094024,1.7885084,1.1626525
E01006279,49.1134,-0.42102283,-1.5929128,1.390624,0.44111365,0.14951283,0.17427438,0.26619703,6.684444,1.3688096
E01006280,49.1134,-0.12114304,9.211895,2.0544844,0.50109583,-0.7046347,0.22738013,0.10230531,1.4049267,0.14155637
E01006281,49.1134,-0.39771715,-6.8582535,2.5837371,0.27715346,-0.14463826,-0.84890133,-0.18791541,7.2573056,1.6135855
E01006282,49.1134,-2.1165588,-7.2417393,1.9023756,0.671278,-0.75789917,-0.9015955,-0.12572679,-0.19772294,-0.9270807
E01006283,49.1134,-2.3544054,-5.23826,0.97753197,0.8026257,-0.1435729,0.17218082,-0.12035312,-4.529454,-1.795721
E01006284,49.1134,-2.7648265,-8.691661,0.22023706,0.93675137,-0.16442938,0.24956474,-0.14049552,-5.306482,-2.0368152
E01006285,49.1134,-2.1048489,-1.3774203,1.2185683,1.7553127,0.8741729,0.35716805,0.44336733,4.7996736,1.6472515
E01006286,49.1134,-1.3952805,9.226896,1.776215,0.48633197,-1.1194793,-1.364834,0.028801555,1.5570084,1.8801266
E01006287,49.1134,-1.5947741,5.2605557,3.6554375,2.7413285,-0.4185738,-0.83736765,0.16051708,8.047919,1.8369042
E01006288,49.1134,-2.205404,4.2181287,4.3981256,1.5515682,-1.0687869,-1.6178346,0.004465703,-10.599731,-2.3455553
E01006289,49.1134,-2.1900146,0.7434008,-1.3925333,1.0840001,-0.24074903,0.07245778,0.007773756,-11.347333,-2.0574057
E01006290,49.1134,1.1396667,9.216231,1.8810027,0.021121467,0.91475517,0.21721694,-0.08216567,6.6613235,1.797583
E01006291,49.1134,3.670821,3.1437252,0.13712403,-0.2887959,-0.45209935,0.5141515,0.19567952,0.80776215,-0.072675854
E01006292,49.1134,1.833205,0.41614026,0.37419713,-0.23845175,-0.52665246,0.6320962,-0.043525726,4.9904823,1.6383946
E01006293,49.1134,-0.064859435,-5.5524797,0.03311018,-0.0999833,-0.17937206,0.14427482,-0.14276634,-3.6287463,-0.76340973
E01006294,49.1134,5.190308,-6.379082,0.22454652,-0.9868446,-0.46764785,-0.01000736,-0.09264631,4.2833686,0.7173822
E01006295,49.1134,6.055738,5.105784,-0.72373277,-0.76264304,-0.53131783,0.102977,0.24562389,1.1625987,-1.1060051
E01006296,49.1134,-2.490134,-16.621376,-0.15361723,0.07029241,0.14095007,-0.49430543,0.0021129376,-7.0520816,-1.467184
E01006297,49.1134,-0.9002956,-1.3084953,0.6803831,-1.0191629,-0.2812244,0.3700761,0.1131758,-6.78083,-1.6605821
E01006298,49.1134,-0.5617221,-3.159098,-1.6683778,-1.1837281,-0.17723605,0.16387331,-0.2808429,-6.911698,-1.6594598
E01006299,49.1134,0.019491915,-11.981122,0.026978828,-0.5217028,-0.18736763,0.88365054,-0.110452235,8.294433,1.2754992
E01006300,49.1134,-1.734885,5.4025707,0.8466579,1.7807165,0.6191033,0.47884005,0.4377913,5.1819057,1.7510262
E01006301,49.1134,-1.4197274,-15.418195,3.3433,1.6010289,0.39546844,-1.1289673,0.19693863,7.972987,1.7114892
E01006302,49.1134,0.8138037,-3.699379,1.000045,0.3680582,-0.633609,0.084148854,-0.15189794,4.2567406,1.3259263
E01006303,49.1134,1.5016356,7.127753,1.8059613,-0.056520246,-0.99051785,-1.3447827,0.17700128,6.9352484,1.6038313
E01006304,49.1134,-1.0081764,-1.6748409,1.8986086,0.52916884,0.4818253,0.18593685,0.08247024,2.8047173,1.077346
E01006305,49.1134,-2.6272008,2.1696486,0.67865795,1.8269397,-0.9828937,-1.831892,-0.24967536,-11.805419,-2.504378
E01006306,49.1134,5.195851,4.305109,-1.3619801,-0.9671649,-0.41472054,2.8727832,0.24812585,-9.5593195,-1.3165329
E01006307,49.1134,1.2491837,-3.932084,-0.4935604,0.14295997,-0.2155426,-0.047894984,-0.1757135,-4.1574707,-1.5137902
E01006308,49.1134,5.9472795,0.6728293,0.1166277,-0.6928352,-0.345131,1.0408652,0.17564718,-2.47698,-1.3042806
E01006309,49.1134,2.778948,-2.4325466,0.1705143,-0.08500647,-0.24704424,0.5799451,0.12374616,-4.3463817,-1.2863162
E01006310,49.1134,3.6787014,1.0220461,0.26465994,-0.22671753,-0.4176503,0.04848152,0.23849826,-5.480972,-1.3404939
E01006311,49.1134,-2.298811,1.1415646,2.8924856,0.83643854,-0.15608738,-1.3373967,-0.054361906,-6.0600114,-1.6181852
E01006312,49.1134,-0.8943743,5.656946,3.1963058,1.3739957,-0.46644154,0.24593869,0.36787528,7.4327416,1.7139198
E01006313,49.1134,-0.58610827,4.891586,1.3628438,-0.3058046,-1.0863758,0.21097673,-0.087308675,-5.963754,1.1589339
E01006314,49.1134,-1.4624877,-3.7314947,0.2946508,0.64152586,-0.57615393,0.27090958,-0.17707439,7.502564,1.4844104
E01006315,49.1134,-1.3712881,-16.449028,1.3769987,2.2802944,-0.22616199,-0.29712182,0.07247285,4.486862,1.4010708
E01006316,49.1134,-1.8408189,-21.146845,0.28482208,0.32460964,0.12438486,-0.04492214,0.17554045,4.319783,1.4652902
E01006317,49.1134,-1.7958091,0.12992832,-0.5527531,-0.015001198,-0.32044673,0.385724,0.2981112,0.94298863,1.8213934
E01006318,49.1134,-1.3171154,5.6931176,3.4306462,1.7279452,-0.4083265,-0.4027173,0.18738128,7.640747,1.8917993
E01006319,49.1134,-0.93881065,-25.50028,1.2341225,0.5150696,0.07776086,0.023056416,0.39353937,2.7425892,0.8493173
E01006320,49.1134,-1.4053024,7.9943957,3.055872,1.6536025,-0.91386807,0.27104527,0.1904219,7.4416704,2.0471587
E01006321,49.1134,-1.4178034,3.0555139,2.1207848,1.9617918,-0.21710554,0.15345882,0.21423763,7.581347,1.760322
E01006322,49.1134,0.58612174,-2.9016283,0.73690456,0.5776141,-0.9263786,0.13581325,-0.21776164,0.113672264,-0.46422064
E01006323,49.1134,-1.5291046,7.2920337,2.7888029,1.129982,-0.5644221,0.18355261,-0.30221248,2.5477912,-2.12406
E01006324,49.1134,2.5777,4.921563,-0.91428065,-0.7857501,-0.35877427,0.70405835,0.36475372,-2.393283,-1.7530308
E01006325,49.1134,0.22636119,5.442475,1.7208827,0.23540741,-0.61386997,0.077453025,-0.1286014,5.0394754,1.145892
E01006326,49.1134,6.2192802,5.9271417,0.52635115,-0.8620074,-0.5801492,0.4435662,0.17535079,3.9897828,-1.4151272
E01006327,49.1134,-2.505896,-17.112682,-0.88216645,-0.1164425,-1.3080407,0.0057748407,0.018466085,-6.154753,-1.3843119
E01006328,49.1134,6.4742384,5.158657,-1.0912329,-0.9010867,-0.6045457,2.086858,-0.23929933,4.233923,-0.93701303
E01006329,49.1134,0.5898896,-2.3349044,-0.7019149,0.16237459,-0.40746334,0.6562171,0.13863777,-0.0057294336,-1.3920759
E01006330,49.1134,-1.146112,-5.278526,0.23758128,0.4916875,0.5428698,0.67468053,0.43233797,7.84782,1.70358
E01006331,49.1134,-0.84782416,-4.5686507,3.4899528,2.5984259,0.7175521,-0.59625787,1.1751521,8.228432,1.9995105
E01006332,49.1134,3.2135847,-17.52376,-1.3953638,-0.83943665,0.14275542,2.4142175,0.01881257,3.7173574,0.5948007
E01006333,49.1134,7.059292,-0.44690254,-0.90246314,-0.6857798,-0.60503685,2.0212474,-0.23153682,3.6029704,-0.77364504
E01006334,49.1134,7.9055643,0.39588594,0.42786616,-0.8564031,-0.50247616,0.03423296,-1.1926172,3.9109795,-0.97486705
E01006335,49.1134,5.9789295,-0.3719287,-0.28716332,-0.9034393,-0.56883854,0.13736995,0.0582281,4.0186267,-0.19590522
E01006336,49.1134,-1.0599695,3.4323385,0.82418793,-0.6538729,-0.30210677,0.14908214,-0.04255467,-11.863385,-1.957808
E01006337,49.1134,-0.9667219,-0.6216071,-0.6380424,-0.39530933,-0.5274828,1.3125955,-0.14804465,0.7139535,1.6242927
E01006338,49.1134,3.2610135,-0.4475462,0.078681044,-0.7750806,-0.4109319,-0.0031979992,0.12505284,2.2822232,-0.9524251
E01006339,49.1134,-1.7587771,8.187038,3.3188848,2.6246603,-0.880368,-0.9282994,0.13064641,5.515029,2.0580442
E01006340,49.1134,-1.6266369,-21.551872,0.2531549,0.6371067,-1.2173927,-0.04016114,0.0047570127,-1.5790246,0.2492855
E01006341,49.1134,-2.7138674,-17.790045,-0.80836177,0.9778002,0.021118073,0.49192846,0.018103419,-5.966851,-0.6268279
E01006342,49.1134,-0.60969543,0.97873515,0.31617582,0.84362626,-0.3293273,0.03058362,-0.27676257,-4.966784,-1.5879302
E01006343,49.1134,-1.7516084,-16.953394,4.261139,0.26184458,-0.42690352,0.27796465,0.3154849,7.874512,1.6425668
E01006344,49.1134,-2.581491,6.062701,4.3732753,1.3654134,-0.16308326,-1.5963511,0.007746839,-6.9510107,-2.1341498
E01006345,49.1134,-1.0506166,-7.3548155,3.0485876,2.4453197,0.5149488,-0.7099232,0.33627233,4.6885524,2.0261834
E01006346,49.1134,1.7275769,-5.341708,-0.3452359,-0.2801697,-0.26513785,0.0016225134,-0.021878606,2.8068302,1.327613
E01006347,49.1134,-1.5649682,-5.0617123,0.73820686,0.83469903,0.46395692,0.4742411,0.3709037,7.9716988,1.8227386
E01006348,49.1134,-1.859096,-16.78887,1.3951821,0.27390137,0.16242906,-1.2076188,0.029907292,3.237539,1.2262815
E01006349,49.1134,-0.4012234,-18.65756,-1.5535446,-0.6700574,0.35648116,1.8512133,-0.27368364,3.4129906,0.6169781
E01006350,49.1134,-1.7312429,5.1476154,3.684391,0.8888624,-0.29952657,0.46197602,0.1587094,-10.346535,-2.03789
E01006351,49.1134,1.4118965,3.0156772,3.1618526,1.2857014,-0.06254087,0.15940425,-0.22677773,-9.781151,-1.714685
E01006352,49.1134,5.343968,-0.5664843,0.86732477,-0.63350415,-0.87163997,-0.089628674,-0.02146272,2.5478742,-0.9193368
E01006353,49.1134,1.8529211,6.44653,1.4207479,0.0766938,-0.6213855,0.13938424,0.08033027,5.0061097,1.0860221
E01006354,49.1134,2.1819024,3.1358285,0.119495966,-0.14755301,-0.41608658,0.73982537,0.28327757,-5.00287,-1.7252562
E01006355,49.1134,2.7455878,-1.1698124,0.38234243,-0.8003043,-0.4506263,0.13057385,-0.04851229,5.920395,0.86255354
E01006356,49.1134,-2.9107354,7.6272135,0.8906358,0.5005605,-1.1957011,0.19380523,0.029657796,-8.003744,-2.532694
E01006357,49.1134,-3.7354236,7.8032737,0.64016384,0.46677688,-1.2341594,0.40780148,-0.05800259,-12.4280405,-2.3271403
E01006358,49.1134,-0.36623785,-1.8793862,0.24957134,-0.33502904,-0.28798178,0.1579781,0.012492681,0.29459333,-0.23485242
E01006359,49.1134,2.4222248,-0.87989575,1.1506386,-0.21522118,-0.9302104,0.57633686,-0.07122883,-0.38279998,-1.3827367
E01006360,49.1134,-3.5187013,5.605559,-2.31622,0.11724522,-0.3755248,-0.076816835,-0.39942724,-12.834764,-2.5910237
E01006361,49.1134,-2.1610534,6.3017187,0.93778,-0.093239315,-0.41405165,0.27529433,-0.22189498,-10.080127,-2.4209206
E01006362,49.1134,-0.82579726,5.015783,1.3890918,0.3839087,0.5115368,0.4518294,0.19702601,6.8708186,1.5369043
E01006363,49.1134,-1.8053535,4.9855494,0.51205283,1.6698397,0.25339267,0.55934393,0.21790937,7.5956063,1.8434104
E01006364,49.1134,-0.012376674,6.151264,1.6259422,0.5743789,-0.48268902,0.071043655,0.26867923,-2.6149173,1.6968828
E01006365,49.1134,0.72190905,-11.619469,1.0342147,0.19350755,0.35358405,-0.052375365,0.060318366,5.0019803,1.487704
E01006366,49.1134,-0.07438421,7.138023,1.2733947,0.5993513,-0.9737383,0.11133881,0.29520646,1.075148,1.7897418
E01006367,49.1134,-0.5047856,-3.373501,2.6159124,0.31451705,0.37732476,-0.045054063,0.3667259,6.723159,1.3209149
E01006368,49.1134,0.34242776,0.52726555,1.5701364,0.37189525,0.07545118,0.058584128,-0.1742971,4.4186463,1.3610322
E01006369,49.1134,8.039304,-0.20033737,-0.95499074,-0.8263594,-0.56829184,1.0472827,0.012390985,-2.8351696,-1.0159676
E01006370,49.1134,6.0202575,0.9153383,-1.5986556,-0.3646589,-0.366165,1.9770267,-0.5001817,3.4154878,-0.08282917
E01006371,49.1134,7.819641,10.264867,1.3357768,-0.99463713,2.4373174,0.1194932,0.22001788,6.117207,0.9801678
E01006372,49.1134,-1.4185265,-8.8610115,-0.43714797,2.0750375,0.768691,0.4258445,0.26459613,8.487276,1.9854388
E01006373,49.1134,1.118863,9.433328,1.5289347,0.06933443,0.94892967,0.22886461,-0.07860277,6.8131084,1.6931714
E01006374,49.1134,-0.949774,6.4089913,1.1257582,0.3631225,0.6003924,0.3802404,0.36267912,7.240699,1.7894624
E01006375,49.1134,5.0283704,5.3807626,-1.0743682,0.031471197,0.24569938,1.7669313,-0.023548033,5.1070857,1.1439836
E01006376,49.1134,-1.2434675,4.696126,0.6118921,0.8629425,-0.95580995,0.061435636,-0.2430017,-6.408049,-1.4017833
E01006377,49.1134,-1.323057,3.333522,2.247608,0.2897541,0.05089251,0.20346484,0.23936401,7.342059,1.5974056
E01006378,49.1134,-0.90074354,5.997317,3.0747342,2.0332248,0.097040154,0.20244098,0.23856673,7.712831,1.8444287
E01006379,49.1134,-1.2221266,-18.85198,2.74505,0.718586,0.14980717,0.07314589,-0.09131114,4.88457,1.3097863
E01006380,49.1134,-1.9800533,-22.081543,2.64775,0.48311055,-0.82702106,-1.5211527,0.14720772,-4.748659,0.60536075
E01006381,49.1134,-2.0028548,-18.651867,-0.056216463,0.3871151,-0.55492306,0.643027,-0.09210672,7.8321495,1.4308856
E01006382,49.1134,-1.141645,-4.5380116,3.4677947,3.1416373,1.1051434,-0.58383,1.0459354,8.205807,1.9595953
E01006383,49.1134,-1.3692788,-2.3897328,2.478422,2.3218298,-0.7349258,0.18865046,0.35976422,2.996562,1.6058365
E01006384,49.1134,-2.1544495,10.091829,-0.7177894,0.62563765,-0.703364,2.620339,-0.016847514,7.2718244,2.0492866
E01006385,49.1134,-1.2126056,3.2037387,3.379281,2.1539962,0.22164153,0.23261496,0.23247595,7.6474457,1.7410612
E01006386,49.1134,-2.1380239,4.5499606,-3.7420826,0.2848971,-0.23397788,2.4412286,0.087697156,-15.083414,-2.0241768
E01006387,49.1134,4.2556386,3.3972158,1.6193728,-0.65725267,-0.70314556,0.03234912,0.0880752,1.8435855,-0.12114959
E01006388,49.1134,-2.6415386,-9.230413,0.17062646,0.7512762,-0.89064324,-1.6625439,0.22490367,-5.667329,0.5492239
E01006389,49.1134,-1.3176636,-9.688533,2.9257748,2.5108657,0.010536316,0.11673692,0.19183926,2.7072165,1.9442871
E01006390,49.1134,-0.58803785,4.4582314,1.3342086,0.4911416,-0.27118415,0.37570116,-0.14056697,-2.331627,-0.07511225
E01006391,49.1134,-1.3380654,3.586171,2.98144,0.50007474,-0.15836725,0.2137687,0.19369343,4.958982,1.7591877
E01006392,49.1134,-0.58304805,2.3800635,0.8603764,-1.8532836,-1.2304009,0.23068978,-0.37115264,-11.967896,-2.0345125
E01006393,49.1134,-1.9102529,-0.10168829,2.327456,1.4194691,-0.398701,0.28659225,0.1711491,6.8267236,1.659968
E01006394,49.1134,-1.52213,4.897266,3.2610035,0.33793724,0.34490937,-1.1977198,0.10988336,7.2989416,1.6720886
E01006395,49.1134,-1.6629118,-18.802052,4.6712494,2.3968592,0.021701785,0.47056422,0.51709527,7.913791,1.4047194
E01006396,49.1134,-1.4143986,-6.525488,1.428609,0.6282007,-0.6012607,0.14493087,-0.12067029,4.3176036,1.6272722
E01006397,49.1134,-3.6839762,7.0454655,-2.479061,-0.29320025,-0.33512548,-0.07231025,-0.024172109,-8.383004,-2.5827825
E01006398,49.1134,-2.1800685,5.1873603,0.010573143,0.91186476,-0.38552517,0.27560657,-0.3720748,-5.9323316,-1.9662435
E01006399,49.1134,2.765388,-1.508139,0.51780164,-0.1898961,-0.8572634,-0.14493264,-0.055295583,0.1690943,0.45922953
E01006400,49.1134,-0.44509962,-20.091572,2.4551544,0.5071924,-0.6669402,-0.012897149,0.13341822,2.9640324,1.2328389
E01006401,49.1134,-1.2823291,3.0641234,2.761634,0.31606725,0.44007084,0.25473425,0.15830086,6.9320965,1.6409497
E01006402,49.1134,-1.8330152,5.8062363,3.4977412,2.932111,0.5635044,-0.91769564,0.58257437,7.8073344,2.0639453
E01006403,49.1134,-1.82245,5.8865976,3.51828,2.0372384,-0.41122445,0.3062716,0.19426988,7.58154,1.9150405
E01006404,49.1134,-0.19199213,-4.7746954,-0.68421376,-0.7009679,-0.93615574,0.04261318,-0.0766394,-3.7432053,-1.5317881
E01006405,49.1134,-0.9102527,0.6028372,0.24739526,-0.26729003,-0.30044058,0.09266058,-0.28584674,-4.687659,-1.3121072
E01006406,49.1134,-1.1764368,10.904441,2.2376902,0.63778704,0.7313349,0.18089989,0.24733835,5.1965284,1.9735025
E01006407,49.1134,-2.5945246,4.851766,2.4296942,0.24838471,-0.22577114,0.2009259,0.14171642,6.9710693,1.7354543
E01006408,49.1134,-0.50626975,6.680584,3.5416553,0.60725045,-1.1259881,-1.6468498,-0.04744745,-7.0059443,-1.4952607
E01006409,49.1134,-1.9438545,9.10729,2.9036498,2.0940034,0.7336782,0.25320342,0.10593572,7.383111,1.9723318
E01006410,49.1134,-1.9930407,0.9172678,3.0709207,0.66382164,0.23572262,0.2305449,0.24240793,4.86233,1.6018921
E01006411,49.1134,-3.7144315,-6.4746847,-1.0415888,-1.1427914,-0.16010924,0.067659065,-0.15982823,-12.004468,-2.0813417
