lsoa21,lsoa21_name,lad24_name,n_epc,n_valid_rating,epc_coverage_rate,age_missing_rate,fuel_missing_rate,floor_area_missing_rate,below_c_rate
E01004766,Bolton 005A,Bolton,412,412,0.5118012422360249,0.04126213592233008,0.0,0.0,0.5970873786407767
E01004767,Bolton 005B,Bolton,406,406,0.47596717467760846,0.017241379310344862,0.0,0.0,0.4852216748768473
E01004768,Bolton 001A,Bolton,182,182,0.2973856209150327,0.016483516483516536,0.0,0.0,0.6263736263736264
E01004769,Bolton 003A,Bolton,207,207,0.3021897810218978,0.0,0.0,0.0,0.6231884057971014
E01004770,Bolton 003B,Bolton,208,208,0.3404255319148936,0.004807692307692291,0.0,0.0,0.7115384615384616
E01004771,Bolton 003C,Bolton,227,227,0.36261980830670926,0.004405286343612369,0.0,0.0,0.7268722466960352
E01004772,Bolton 005C,Bolton,231,231,0.3088235294117647,0.10822510822510822,0.0,0.0,0.2857142857142857
E01004773,Bolton 003D,Bolton,383,383,0.44638694638694637,0.0026109660574412663,0.0,0.0,0.4856396866840731
E01004774,Bolton 005D,Bolton,259,259,0.35047361299052776,0.0,0.0,0.0,0.4980694980694981
E01004775,Bolton 014A,Bolton,616,616,0.6637931034482759,0.13149350649350644,0.0,0.0,0.19967532467532467
E01004776,Bolton 031A,Bolton,369,369,0.44781553398058255,0.05691056910569103,0.0,0.0,0.4010840108401084
E01004777,Bolton 004A,Bolton,396,396,0.5,0.04797979797979801,0.0,0.0,0.3661616161616162
E01004778,Bolton 009A,Bolton,175,175,0.3234750462107209,0.0971428571428572,0.0,0.0,0.5485714285714286
E01004779,Bolton 007A,Bolton,214,214,0.3440514469453376,0.028037383177570097,0.0,0.0,0.42990654205607476
E01004780,Bolton 009B,Bolton,375,375,0.3834355828220859,0.06399999999999995,0.0,0.0,0.4053333333333333
E01004781,Bolton 007B,Bolton,625,625,0.6558237145855194,0.10880000000000001,0.0,0.0,0.2416
E01004782,Bolton 009C,Bolton,222,222,0.38078902229845624,0.2792792792792793,0.0,0.0,0.3918918918918919
E01004783,Bolton 009D,Bolton,227,227,0.34446130500758726,0.09251101321585908,0.0,0.0,0.5726872246696035
E01004784,Bolton 006A,Bolton,132,132,0.2608695652173913,0.0,0.0,0.0,0.6893939393939394
E01004785,Bolton 006B,Bolton,198,198,0.3046153846153846,0.0,0.0,0.0,0.5454545454545454
E01004786,Bolton 006C,Bolton,236,236,0.3430232558139535,0.18220338983050843,0.0,0.0,0.4745762711864407
E01004787,Bolton 013A,Bolton,275,275,0.3647214854111406,0.0036363636363636598,0.0,0.0,0.3054545454545455
E01004788,Bolton 002A,Bolton,161,161,0.26480263157894735,0.006211180124223614,0.0,0.0,0.6770186335403726
E01004789,Bolton 006D,Bolton,206,206,0.33881578947368424,0.03883495145631066,0.0,0.0,0.7184466019417476
E01004790,Bolton 002B,Bolton,229,229,0.3555900621118012,0.0,0.0,0.0,0.6506550218340611
E01004791,Bolton 006E,Bolton,231,231,0.3526717557251908,0.09523809523809523,0.0,0.0,0.5974025974025974
E01004792,Bolton 006F,Bolton,201,201,0.3140625,0.0,0.0,0.0,0.8407960199004975
E01004793,Bolton 013B,Bolton,258,258,0.37175792507204614,0.0,0.0,0.0,0.3488372093023256
E01004794,Bolton 013C,Bolton,207,207,0.2871012482662968,0.019323671497584516,0.0,0.0,0.4251207729468599
E01004795,Bolton 013D,Bolton,236,236,0.3400576368876081,0.0,0.0,0.0,0.4491525423728814
E01004796,Bolton 019A,Bolton,273,273,0.40746268656716417,0.0073260073260073,0.0,0.0,0.5311355311355311
E01004797,Bolton 013E,Bolton,188,188,0.36363636363636365,0.0,0.0,0.0,0.5
E01004798,Bolton 019B,Bolton,239,239,0.3583208395802099,0.0,0.0,0.0,0.5815899581589958
E01004799,Bolton 019C,Bolton,202,202,0.3447098976109215,0.0,0.0,0.0,0.6435643564356436
E01004800,Bolton 019D,Bolton,144,144,0.2696629213483146,0.0,0.0,0.0,0.5486111111111112
E01004801,Bolton 019E,Bolton,207,207,0.3117469879518072,0.0,0.0,0.0,0.33816425120772947
E01004802,Bolton 010A,Bolton,250,250,0.32981530343007914,0.0,0.0,0.0,0.404
E01004803,Bolton 001B,Bolton,263,263,0.36731843575418993,0.011406844106463865,0.0,0.0,0.5855513307984791
E01004804,Bolton 001C,Bolton,203,203,0.33278688524590166,0.0,0.0,0.0,0.645320197044335
E01004805,Bolton 002C,Bolton,256,256,0.38152011922503726,0.02734375,0.0,0.0,0.453125
E01004806,Bolton 002D,Bolton,281,281,0.4257575757575758,0.06761565836298933,0.0,0.0,0.5800711743772242
E01004807,Bolton 001D,Bolton,204,204,0.35233160621761656,0.0,0.0,0.0,0.37745098039215685
E01004808,Bolton 001E,Bolton,226,226,0.32611832611832614,0.013274336283185861,0.0,0.0,0.5309734513274337
E01004809,Bolton 003E,Bolton,379,379,0.4361334867663982,0.00527704485488123,0.0,0.0,0.5145118733509235
E01004810,Bolton 002E,Bolton,187,187,0.2940251572327044,0.0,0.0,0.0,0.6363636363636364
E01004811,Bolton 022A,Bolton,361,361,0.5553846153846154,0.0,0.0,0.0,0.5152354570637119
E01004812,Bolton 022B,Bolton,407,407,0.5976505139500734,0.10319410319410316,0.0,0.0,0.36117936117936117
E01004813,Bolton 022C,Bolton,227,227,0.43320610687022904,0.048458149779735726,0.0,0.0,0.6035242290748899
E01004814,Bolton 027A,Bolton,272,272,0.48398576512455516,0.0,0.0,0.0,0.5698529411764706
E01004815,Bolton 022D,Bolton,206,206,0.36524822695035464,0.0,0.0,0.0,0.6067961165048543
E01004816,Bolton 029A,Bolton,177,177,0.2959866220735786,0.0,0.0,0.0,0.7005649717514124
E01004817,Bolton 022E,Bolton,789,789,0.8167701863354038,0.22686945500633715,0.0874524714828897,0.0,0.3840304182509506
E01004818,Bolton 017A,Bolton,443,443,0.6457725947521866,0.02708803611738153,0.0,0.0,0.45146726862302483
E01004819,Bolton 017B,Bolton,286,286,0.4735099337748344,0.06643356643356646,0.0,0.0,0.5034965034965035
E01004820,Bolton 011A,Bolton,235,235,0.37964458804523427,0.0,0.0,0.0,0.5106382978723404
E01004822,Bolton 016B,Bolton,262,262,0.4309210526315789,0.011450381679389277,0.0,0.0,0.40458015267175573
E01004823,Bolton 016C,Bolton,617,617,0.7174418604651163,0.04538087520259315,0.0,0.0,0.17504051863857376
E01004824,Bolton 005E,Bolton,169,169,0.34210526315789475,0.0,0.0,0.0,0.6982248520710059
E01004825,Bolton 011B,Bolton,216,216,0.3582089552238806,0.0092592592592593,0.0,0.0,0.5046296296296297
E01004826,Bolton 011C,Bolton,295,295,0.49166666666666664,0.0,0.0,0.0,0.5220338983050847
E01004827,Bolton 021A,Bolton,249,249,0.3699851411589896,0.0,0.0,0.0,0.5060240963855421
E01004828,Bolton 023A,Bolton,229,229,0.3634920634920635,0.0,0.0,0.0,0.5240174672489083
E01004829,Bolton 023B,Bolton,178,178,0.36929460580912865,0.0,0.0,0.0,0.6966292134831461
E01004830,Bolton 026A,Bolton,335,335,0.4607977991746905,0.005970149253731294,0.0,0.0,0.48059701492537316
E01004831,Bolton 026B,Bolton,278,278,0.43034055727554177,0.0,0.0,0.0,0.6906474820143885
E01004832,Bolton 023C,Bolton,279,279,0.43661971830985913,0.0,0.0,0.0,0.5555555555555556
E01004833,Bolton 026C,Bolton,224,224,0.34782608695652173,0.0,0.0,0.0,0.59375
E01004834,Bolton 018A,Bolton,261,261,0.44768439108061747,0.003831417624521105,0.0,0.0,0.6130268199233716
E01004835,Bolton 020A,Bolton,185,185,0.33035714285714285,0.12972972972972974,0.0,0.0,0.5297297297297298
E01004836,Bolton 020B,Bolton,211,211,0.34991708126036486,0.0,0.0,0.0,0.7014218009478673
E01004837,Bolton 020C,Bolton,166,166,0.27899159663865547,0.0060240963855421326,0.0,0.0,0.5662650602409639
E01004838,Bolton 018B,Bolton,258,258,0.39570552147239263,0.003875968992248069,0.0,0.0,0.5968992248062015
E01004839,Bolton 026D,Bolton,557,557,0.5808133472367049,0.014362657091561926,0.0,0.0,0.22980251346499103
E01004840,Bolton 012A,Bolton,273,273,0.37655172413793103,0.00366300366300365,0.0,0.0,0.46153846153846156
E01004841,Bolton 012B,Bolton,194,194,0.2952815829528158,0.0,0.0,0.0,0.36597938144329895
E01004842,Bolton 012C,Bolton,301,301,0.41120218579234974,0.03322259136212624,0.0,0.0,0.5714285714285714
E01004843,Bolton 018C,Bolton,246,246,0.3942307692307692,0.004065040650406471,0.0,0.0,0.532520325203252
E01004844,Bolton 020D,Bolton,204,204,0.33170731707317075,0.039215686274509776,0.0,0.0,0.5441176470588235
E01004845,Bolton 018D,Bolton,334,334,0.4671328671328671,0.09281437125748504,0.0,0.0,0.41916167664670656
E01004846,Bolton 025A,Bolton,233,233,0.47551020408163264,0.0,0.0,0.0,0.5450643776824035
E01004847,Bolton 025B,Bolton,230,230,0.3533026113671275,0.0,0.0,0.0,0.46956521739130436
E01004848,Bolton 016D,Bolton,392,392,0.5019206145966709,0.007653061224489832,0.0,0.0,0.3137755102040816
E01004849,Bolton 021B,Bolton,185,185,0.3752535496957404,0.0,0.0,0.0,0.6972972972972973
E01004850,Bolton 021C,Bolton,267,267,0.3445161290322581,0.0,0.0,0.0,0.6254681647940075
E01004851,Bolton 021D,Bolton,248,248,0.3968,0.0,0.0,0.0,0.39919354838709675
E01004852,Bolton 025C,Bolton,189,189,0.390495867768595,0.1164021164021164,0.0,0.0,0.5873015873015873
E01004853,Bolton 021E,Bolton,156,156,0.3183673469387755,0.0,0.0064102564102563875,0.0,0.5384615384615384
E01004854,Bolton 023D,Bolton,150,150,0.32397408207343414,0.0,0.0,0.0,0.6866666666666666
E01004855,Bolton 027B,Bolton,251,251,0.4028892455858748,0.03585657370517925,0.0,0.0,0.5936254980079682
E01004856,Bolton 027C,Bolton,349,349,0.5496062992125984,0.11174785100286533,0.0,0.0,0.32951289398280803
E01004857,Bolton 027D,Bolton,269,269,0.40512048192771083,0.048327137546468446,0.0,0.0,0.4646840148698885
E01004858,Bolton 032A,Bolton,312,312,0.43820224719101125,0.0,0.0,0.0,0.4230769230769231
E01004859,Bolton 032B,Bolton,377,377,0.5424460431654676,0.0,0.0,0.0,0.3740053050397878
E01004860,Bolton 032C,Bolton,260,260,0.38179148311306904,0.04230769230769227,0.0,0.0,0.45384615384615384
E01004861,Bolton 033A,Bolton,297,297,0.44728915662650603,0.18181818181818177,0.0,0.0,0.28619528619528617
E01004862,Bolton 033B,Bolton,278,278,0.47198641765704585,0.0,0.0,0.0,0.34532374100719426
E01004863,Bolton 033C,Bolton,243,243,0.3796875,0.09053497942386834,0.0,0.0,0.43209876543209874
E01004864,Bolton 008A,Bolton,240,240,0.3519061583577713,0.0,0.0,0.0,0.5875
E01004865,Bolton 011D,Bolton,344,344,0.4673913043478261,0.08139534883720934,0.0,0.0,0.4622093023255814
E01004866,Bolton 011E,Bolton,350,350,0.46174142480211083,0.07714285714285718,0.0,0.0,0.2542857142857143
E01004867,Bolton 008B,Bolton,251,251,0.42542372881355933,0.007968127490039834,0.0,0.0,0.6135458167330677
E01004868,Bolton 015A,Bolton,316,316,0.4322845417236662,0.0031645569620253333,0.0,0.0,0.5822784810126582
E01004869,Bolton 015B,Bolton,491,491,0.5929951690821256,0.012219959266802416,0.0,0.0,0.515274949083503
E01004870,Bolton 015C,Bolton,432,432,0.570673712021136,0.0023148148148147696,0.0,0.0,0.7037037037037037
E01004871,Bolton 015D,Bolton,248,248,0.49206349206349204,0.0,0.0,0.0,0.625
E01004872,Bolton 029B,Bolton,245,245,0.3990228013029316,0.03265306122448974,0.0,0.0,0.5755102040816327
E01004873,Bolton 029C,Bolton,182,182,0.29449838187702265,0.0,0.0,0.0,0.47802197802197804
E01004874,Bolton 033D,Bolton,221,221,0.3338368580060423,0.0,0.0,0.0,0.4434389140271493
E01004875,Bolton 029D,Bolton,239,239,0.3654434250764526,0.11715481171548114,0.0,0.0,0.5313807531380753
E01004876,Bolton 033E,Bolton,274,274,0.3499361430395913,0.010948905109489093,0.0,0.0,0.35036496350364965
E01004877,Bolton 025D,Bolton,262,262,0.39046199701937406,0.0,0.0,0.0,0.3473282442748092
E01004878,Bolton 023E,Bolton,186,186,0.3412844036697248,0.005376344086021501,0.0,0.0,0.543010752688172
E01004879,Bolton 025E,Bolton,211,211,0.39219330855018586,0.0,0.0,0.0,0.3459715639810427
E01004880,Bolton 029E,Bolton,188,188,0.3813387423935091,0.0,0.0,0.0,0.7340425531914894
E01004881,Bolton 004B,Bolton,347,347,0.44430217669654287,0.03746397694524495,0.0,0.0,0.4092219020172911
E01004882,Bolton 007C,Bolton,229,229,0.365814696485623,0.008733624454148492,0.0,0.0,0.537117903930131
E01004883,Bolton 007D,Bolton,349,349,0.4401008827238335,0.2435530085959885,0.0,0.0,0.38108882521489973
E01004884,Bolton 007E,Bolton,247,247,0.35488505747126436,0.01619433198380571,0.0,0.0,0.6275303643724697
E01004885,Bolton 014B,Bolton,180,180,0.31690140845070425,0.02777777777777779,0.0,0.0,0.5666666666666667
E01004886,Bolton 014C,Bolton,319,319,0.5145161290322581,0.10031347962382442,0.0,0.0,0.5297805642633229
E01004887,Bolton 014D,Bolton,185,185,0.30578512396694213,0.0,0.0,0.0,0.41081081081081083
E01004888,Bolton 004C,Bolton,248,248,0.43356643356643354,0.0,0.0,0.0,0.3951612903225806
E01004889,Bolton 004D,Bolton,240,240,0.37735849056603776,0.008333333333333304,0.0,0.0,0.4875
E01004890,Bolton 004E,Bolton,288,288,0.4222873900293255,0.03125,0.0,0.0,0.65625
E01004891,Bolton 028A,Bolton,432,432,0.5822102425876011,0.0,0.0,0.0,0.4351851851851852
E01004892,Bolton 030A,Bolton,215,215,0.30196629213483145,0.0,0.0,0.0,0.6511627906976745
E01004893,Bolton 028B,Bolton,151,151,0.2359375,0.0066225165562914245,0.0,0.0,0.4768211920529801
E01004894,Bolton 028C,Bolton,460,460,0.539906103286385,0.13260869565217392,0.0,0.0,0.3
E01004895,Bolton 031B,Bolton,216,216,0.3588039867109635,0.0,0.0,0.0,0.4583333333333333
E01004896,Bolton 030B,Bolton,144,144,0.26373626373626374,0.02083333333333337,0.0,0.0,0.8402777777777778
E01004897,Bolton 020E,Bolton,168,168,0.3684210526315789,0.0,0.0,0.0,0.6130952380952381
E01004899,Bolton 030C,Bolton,261,261,0.4223300970873786,0.0,0.0,0.0,0.3716475095785441
E01004900,Bolton 030D,Bolton,231,231,0.3707865168539326,0.0043290043290042934,0.0,0.0,0.4935064935064935
E01004901,Bolton 028E,Bolton,205,205,0.2652005174644243,0.09268292682926826,0.0,0.0,0.4682926829268293
E01004902,Bolton 032D,Bolton,385,385,0.438496583143508,0.04155844155844157,0.0,0.0,0.3922077922077922
E01004903,Bolton 034A,Bolton,158,158,0.2743055555555556,0.012658227848101222,0.0,0.0,0.5443037974683544
E01004904,Bolton 034B,Bolton,230,230,0.3120759837177748,0.004347826086956497,0.0,0.0,0.4826086956521739
E01004905,Bolton 034C,Bolton,250,250,0.3698224852071006,0.03200000000000003,0.0,0.0,0.568
E01004906,Bolton 032E,Bolton,398,398,0.44769403824521936,0.007537688442211032,0.0,0.0,0.30904522613065327
E01004907,Bolton 034D,Bolton,162,162,0.2977941176470588,0.0,0.0,0.0,0.5123456790123457
E01004908,Bolton 034E,Bolton,163,163,0.29159212880143115,0.0,0.0,0.0,0.7852760736196319
E01004909,Bolton 034F,Bolton,239,239,0.3734375,0.0,0.0,0.0,0.401673640167364
E01004910,Bolton 034G,Bolton,396,396,0.426264800861141,0.002525252525252486,0.0,0.0,0.35353535353535354
E01004911,Bolton 024A,Bolton,363,363,0.502770083102493,0.03581267217630857,0.0,0.0,0.3526170798898072
E01004912,Bolton 024B,Bolton,198,198,0.30414746543778803,0.0,0.0,0.0,0.6060606060606061
E01004913,Bolton 024C,Bolton,251,251,0.3205619412515964,0.007968127490039834,0.0,0.0,0.42231075697211157
E01004914,Bolton 024D,Bolton,148,148,0.2857142857142857,0.0,0.0,0.0,0.581081081081081
E01004915,Bolton 024E,Bolton,144,144,0.27169811320754716,0.0,0.0,0.0,0.7430555555555556
E01004916,Bolton 024F,Bolton,251,251,0.3702064896755162,0.0,0.0,0.0,0.5139442231075697
E01004917,Bolton 019F,Bolton,313,313,0.3267223382045929,0.11182108626198084,0.0,0.0,0.36741214057507987
E01004918,Bolton 024G,Bolton,133,133,0.259765625,0.007518796992481258,0.0,0.0,0.631578947368421
E01004919,Bolton 012D,Bolton,231,231,0.35648148148148145,0.0,0.0,0.0,0.7878787878787878
E01004920,Bolton 012E,Bolton,222,222,0.33433734939759036,0.0,0.0,0.0,0.6621621621621622
E01004921,Bolton 008C,Bolton,286,286,0.4,0.0,0.0,0.0,0.6853146853146853
E01004922,Bolton 015E,Bolton,432,432,0.48924122310305773,0.05787037037037035,0.0,0.0,0.4537037037037037
E01004923,Bolton 018E,Bolton,302,302,0.4748427672955975,0.0,0.0,0.0,0.6125827814569537
E01004924,Bolton 008D,Bolton,190,190,0.3059581320450886,0.13157894736842102,0.0,0.0,0.6052631578947368
E01004925,Bolton 008E,Bolton,261,261,0.4097331240188383,0.007662835249042099,0.0,0.0,0.6819923371647509
E01004926,Bolton 010B,Bolton,154,154,0.29558541266794625,0.0,0.0,0.0,0.474025974025974
E01004927,Bolton 010C,Bolton,555,555,0.5280685061845861,0.13693693693693698,0.0,0.0,0.24684684684684685
E01004928,Bolton 017C,Bolton,367,367,0.5349854227405247,0.032697547683923744,0.0,0.0,0.547683923705722
E01004929,Bolton 010D,Bolton,558,558,0.4977698483496878,0.3602150537634409,0.0,0.0,0.2222222222222222
E01004930,Bolton 017D,Bolton,173,173,0.2746031746031746,0.0,0.0,0.0,0.7456647398843931
E01004931,Bolton 017E,Bolton,277,277,0.3718120805369127,0.0,0.0,0.0,0.3574007220216607
E01004932,Bolton 017F,Bolton,333,333,0.46121883656509693,0.0,0.0,0.0,0.5045045045045045
E01004933,Bolton 035A,Bolton,180,180,0.3119584055459272,0.01666666666666672,0.0,0.0,0.4777777777777778
E01004934,Bolton 035B,Bolton,189,189,0.34115523465703973,0.0,0.0,0.0,0.2804232804232804
E01004935,Bolton 035C,Bolton,268,268,0.35781041388518026,0.02238805970149249,0.0,0.0,0.47388059701492535
E01004936,Bolton 031C,Bolton,706,706,0.6969397828232972,0.10339943342776203,0.0,0.0,0.28753541076487255
E01004937,Bolton 035D,Bolton,209,209,0.33547351524879615,0.1866028708133971,0.0,0.0,0.4354066985645933
E01004938,Bolton 031D,Bolton,214,214,0.34076433121019106,0.028037383177570097,0.0,0.0,0.4485981308411215
E01004939,Bolton 031E,Bolton,267,267,0.3734265734265734,0.02621722846441943,0.0,0.0,0.3408239700374532
E01004940,Bolton 035E,Bolton,180,180,0.2980132450331126,0.005555555555555536,0.0,0.0,0.6166666666666667
E01033217,Bolton 016E,Bolton,727,727,1.1253869969040247,0.015130674002751032,0.0,0.0,0.1815680880330124
E01033218,Bolton 028F,Bolton,259,259,0.4124203821656051,0.007722007722007707,0.0,0.0,0.18532818532818532
E01033219,Bolton 028G,Bolton,189,189,0.31605351170568563,0.005291005291005346,0.0,0.0,0.3968253968253968
E01033220,Bolton 016F,Bolton,421,421,0.5681511470985156,0.13539192399049882,0.0,0.0,0.28978622327790976
E01004941,Bury 021A,Bury,287,287,0.37962962962962965,0.04529616724738672,0.0,0.0,0.3797909407665505
E01004942,Bury 021B,Bury,343,343,0.5359375,0.03498542274052474,0.0,0.0,0.4868804664723032
E01004943,Bury 021C,Bury,346,346,0.48732394366197185,0.005780346820809301,0.0,0.0,0.5722543352601156
E01004944,Bury 021D,Bury,221,221,0.35079365079365077,0.0,0.0,0.0,0.5701357466063348
E01004945,Bury 017A,Bury,208,208,0.3161094224924012,0.004807692307692291,0.0,0.0,0.6538461538461539
E01004946,Bury 021E,Bury,276,276,0.3552123552123552,0.02898550724637683,0.0,0.0,0.19927536231884058
E01004947,Bury 009A,Bury,311,311,0.47049924357034795,0.003215434083601254,0.0,0.0,0.6237942122186495
E01004948,Bury 009B,Bury,400,400,0.4756242568370987,0.0024999999999999467,0.0,0.0,0.5575
E01004949,Bury 010A,Bury,150,150,0.25862068965517243,0.0,0.0,0.0,0.7
E01004950,Bury 010B,Bury,170,170,0.2750809061488673,0.00588235294117645,0.0,0.0,0.48823529411764705
E01004951,Bury 010C,Bury,199,199,0.3066255778120185,0.005025125628140725,0.0,0.0,0.7587939698492462
E01004952,Bury 010D,Bury,157,157,0.2552845528455285,0.0,0.0,0.0,0.8089171974522293
E01004953,Bury 010E,Bury,187,187,0.2940251572327044,0.0,0.0,0.0,0.5133689839572193
E01004954,Bury 007A,Bury,241,241,0.37306501547987614,0.004149377593360981,0.0,0.0,0.5601659751037344
E01004955,Bury 007B,Bury,219,219,0.3967391304347826,0.0,0.0,0.0,0.5068493150684932
E01004956,Bury 007C,Bury,346,346,0.44189016602809705,0.0028901734104046506,0.0,0.0,0.5115606936416185
E01004957,Bury 007D,Bury,403,403,0.5094816687737042,0.00992555831265507,0.0,0.0,0.5632754342431762
E01004958,Bury 008A,Bury,317,317,0.46142649199417757,0.009463722397476393,0.0,0.0,0.5331230283911672
E01004959,Bury 008B,Bury,311,311,0.42544459644322846,0.003215434083601254,0.0,0.0,0.617363344051447
E01004960,Bury 007E,Bury,499,499,0.7653374233128835,0.01603206412825653,0.0,0.0,0.42685370741482964
E01004961,Bury 005A,Bury,266,266,0.4215530903328051,0.0,0.0,0.0,0.7744360902255639
E01004962,Bury 009C,Bury,326,326,0.38855780691299163,0.006134969325153339,0.0,0.0,0.5214723926380368
E01004963,Bury 006A,Bury,301,301,0.434971098265896,0.0,0.0,0.0,0.45182724252491696
E01004964,Bury 009D,Bury,374,374,0.44576877234803336,0.002673796791443861,0.0,0.0,0.5641711229946524
E01004965,Bury 005B,Bury,158,158,0.3116370808678501,0.06329113924050633,0.0,0.0,0.5632911392405063
E01004966,Bury 005C,Bury,336,336,0.46473029045643155,0.0029761904761904656,0.0,0.0,0.5446428571428571
E01004967,Bury 005D,Bury,115,115,0.2478448275862069,0.0,0.0,0.0,0.6086956521739131
E01004968,Bury 006B,Bury,159,159,0.25895765472312704,0.0062893081761006275,0.0,0.0,0.7169811320754716
E01004969,Bury 022A,Bury,281,281,0.3946629213483146,0.014234875444839812,0.0,0.0,0.6903914590747331
E01004970,Bury 022B,Bury,188,188,0.31074380165289256,0.010638297872340385,0.0,0.0,0.6595744680851063
E01004971,Bury 022C,Bury,164,164,0.2733333333333333,0.0,0.0,0.0,0.7073170731707317
E01004972,Bury 023A,Bury,292,292,0.5140845070422535,0.003424657534246589,0.0,0.0,0.5171232876712328
E01004973,Bury 023B,Bury,247,247,0.3794162826420891,0.04048582995951422,0.0,0.0,0.6396761133603239
E01004974,Bury 024A,Bury,195,195,0.324459234608985,0.0,0.0,0.0,0.7538461538461538
E01004975,Bury 023C,Bury,354,354,0.46033810143042914,0.031073446327683607,0.0,0.0,0.5028248587570622
E01004976,Bury 004A,Bury,284,284,0.44583987441130296,0.0,0.0,0.0,0.6408450704225352
E01004977,Bury 004B,Bury,325,325,0.41035353535353536,0.09230769230769231,0.0,0.0,0.4246153846153846
E01004978,Bury 004C,Bury,246,246,0.37272727272727274,0.0,0.0,0.0,0.7195121951219512
E01004979,Bury 008C,Bury,322,322,0.4784546805349183,0.04347826086956519,0.01552795031055898,0.0,0.5403726708074534
E01004980,Bury 008D,Bury,265,265,0.4114906832298137,0.0,0.0,0.0,0.6528301886792452
E01004981,Bury 004D,Bury,237,237,0.38102893890675243,0.00421940928270037,0.0,0.0,0.6624472573839663
E01004982,Bury 004E,Bury,294,294,0.4488549618320611,0.0,0.0,0.0,0.46938775510204084
E01004983,Bury 020A,Bury,236,236,0.41622574955908287,0.004237288135593209,0.0,0.0,0.5805084745762712
E01004984,Bury 019A,Bury,196,196,0.34265734265734266,0.005102040816326481,0.0,0.0,0.6071428571428571
E01004985,Bury 019B,Bury,189,189,0.3181818181818182,0.010582010582010581,0.0,0.0,0.6084656084656085
E01004986,Bury 020B,Bury,409,409,0.4981729598051157,0.05867970660146704,0.0,0.0,0.4767726161369193
E01004987,Bury 020C,Bury,358,358,0.543247344461305,0.0,0.0,0.0,0.3575418994413408
E01004988,Bury 020D,Bury,251,251,0.4003189792663477,0.019920318725099584,0.0,0.0,0.5856573705179283
E01004989,Bury 019C,Bury,197,197,0.3462214411247803,0.025380710659898442,0.0,0.0,0.6548223350253807
E01004990,Bury 016A,Bury,287,287,0.43157894736842106,0.0,0.0,0.0,0.5853658536585366
E01004991,Bury 015A,Bury,398,398,0.6711635750421585,0.007537688442211032,0.0,0.0,0.2964824120603015
E01004992,Bury 015B,Bury,268,268,0.4227129337539432,0.003731343283582045,0.0,0.0,0.6305970149253731
E01004993,Bury 015C,Bury,369,369,0.47368421052631576,0.2520325203252033,0.0,0.0,0.4173441734417344
E01004994,Bury 015D,Bury,287,287,0.42330383480825956,0.0662020905923345,0.0,0.0,0.3867595818815331
E01004995,Bury 018A,Bury,163,163,0.250384024577573,0.049079754601227044,0.0,0.0,0.5705521472392638
E01004996,Bury 016B,Bury,363,363,0.4788918205804749,0.02754820936639113,0.0,0.0,0.44077134986225897
E01004997,Bury 014A,Bury,216,216,0.34838709677419355,0.0,0.0,0.0,0.5694444444444444
E01004998,Bury 014B,Bury,275,275,0.3721244925575101,0.24363636363636365,0.0,0.0,0.4763636363636364
E01004999,Bury 014C,Bury,166,166,0.27712854757929883,0.0,0.0,0.0,0.5120481927710844
E01005000,Bury 012A,Bury,149,149,0.2534013605442177,0.006711409395973145,0.0,0.0,0.6040268456375839
E01005001,Bury 012B,Bury,119,119,0.23943661971830985,0.0,0.0,0.0,0.3949579831932773
E01005002,Bury 014D,Bury,191,191,0.2961240310077519,0.0,0.0,0.0,0.5654450261780105
E01005003,Bury 014E,Bury,337,337,0.4948604992657856,0.0029673590504450953,0.0,0.0,0.5637982195845698
E01005004,Bury 016C,Bury,484,484,0.568075117370892,0.006198347107438051,0.0,0.0,0.3347107438016529
E01005005,Bury 012C,Bury,196,196,0.31511254019292606,0.015306122448979553,0.0,0.0,0.673469387755102
E01005006,Bury 012D,Bury,396,396,0.4913151364764268,0.38383838383838387,0.0,0.0,0.35858585858585856
E01005007,Bury 019D,Bury,257,257,0.36714285714285716,0.0,0.0,0.0,0.7159533073929961
E01005008,Bury 016D,Bury,469,469,0.49420442571127504,0.08528784648187637,0.010660980810234588,0.0,0.40085287846481876
E01005009,Bury 016E,Bury,437,437,0.5069605568445475,0.09610983981693366,0.0,0.0,0.4988558352402746
E01005010,Bury 018B,Bury,191,191,0.29249617151607965,0.0,0.0,0.0,0.675392670157068
E01005011,Bury 019E,Bury,193,193,0.3243697478991597,0.010362694300518172,0.0,0.0,0.7253886010362695
E01005012,Bury 018C,Bury,388,388,0.5,0.01804123711340211,0.0,0.0,0.4020618556701031
E01005013,Bury 018D,Bury,493,493,0.48475909537856443,0.012170385395537497,0.0,0.0,0.5111561866125761
E01005014,Bury 001A,Bury,392,392,0.5164690382081687,0.13265306122448983,0.0,0.0,0.5510204081632653
E01005015,Bury 001B,Bury,321,321,0.4672489082969432,0.009345794392523366,0.0,0.0,0.5607476635514018
E01005016,Bury 001C,Bury,275,275,0.3856942496493689,0.0,0.0,0.0,0.6836363636363636
E01005017,Bury 001D,Bury,268,268,0.3462532299741602,0.03731343283582089,0.0,0.0,0.4962686567164179
E01005018,Bury 001E,Bury,318,318,0.43983402489626555,0.0,0.0,0.0,0.5094339622641509
E01005019,Bury 002A,Bury,220,220,0.3514376996805112,0.009090909090909038,0.0,0.0,0.6727272727272727
E01005020,Bury 003A,Bury,121,121,0.24055666003976142,0.0,0.0,0.0,0.5454545454545454
E01005021,Bury 001F,Bury,114,114,0.2714285714285714,0.01754385964912286,0.0,0.0,0.7280701754385965
E01005022,Bury 003B,Bury,238,238,0.37480314960629924,0.037815126050420145,0.0,0.0,0.6218487394957983
E01005023,Bury 002B,Bury,190,190,0.34798534798534797,0.0,0.0,0.0,0.5526315789473685
E01005024,Bury 008E,Bury,620,620,0.6193806193806194,0.0370967741935484,0.0,0.0,0.32903225806451614
E01005025,Bury 011A,Bury,279,279,0.38803894297635605,0.09318996415770608,0.0,0.0,0.5197132616487455
E01005026,Bury 008F,Bury,237,237,0.366306027820711,0.008438818565400852,0.0,0.0,0.42616033755274263
E01005027,Bury 011B,Bury,468,468,0.6822157434402333,0.014957264957264904,0.09188034188034189,0.0,0.4807692307692308
E01005028,Bury 011C,Bury,387,387,0.46402877697841727,0.0,0.0,0.0,0.2971576227390181
E01005029,Bury 011D,Bury,262,262,0.4119496855345912,0.026717557251908386,0.0,0.0,0.648854961832061
E01005030,Bury 013A,Bury,420,420,0.5329949238578681,0.1428571428571429,0.0,0.0,0.2904761904761905
E01005031,Bury 025A,Bury,277,277,0.43622047244094486,0.0,0.0,0.0,0.4187725631768953
E01005032,Bury 025B,Bury,394,394,0.7048300536672629,0.053299492385786795,0.0,0.0,0.2766497461928934
E01005033,Bury 024B,Bury,360,360,0.6050420168067226,0.005555555555555536,0.0,0.0,0.5
E01005034,Bury 022D,Bury,304,304,0.4257703081232493,0.3125,0.0,0.0,0.5230263157894737
E01005035,Bury 025C,Bury,244,244,0.37366003062787134,0.040983606557377095,0.0,0.0,0.6352459016393442
E01005036,Bury 024C,Bury,627,627,0.585981308411215,0.027113237639553422,0.0,0.0,0.3413078149920255
E01005037,Bury 024D,Bury,230,230,0.3639240506329114,0.017391304347826098,0.0,0.0,0.6826086956521739
E01005038,Bury 025D,Bury,141,141,0.2695984703632887,0.0,0.0,0.0,0.5673758865248227
E01005039,Bury 023D,Bury,324,324,0.47230320699708456,0.0,0.0,0.0,0.5493827160493827
E01005040,Bury 026A,Bury,291,291,0.4217391304347826,0.0,0.0,0.0,0.5773195876288659
E01005041,Bury 026B,Bury,220,220,0.41825095057034223,0.022727272727272707,0.0,0.0,0.7090909090909091
E01005042,Bury 026C,Bury,257,257,0.4185667752442997,0.015564202334630295,0.0,0.0,0.669260700389105
E01005043,Bury 026D,Bury,177,177,0.36122448979591837,0.0,0.0,0.0,0.7401129943502824
E01005044,Bury 026E,Bury,209,209,0.44,0.0,0.0,0.0,0.8229665071770335
E01005045,Bury 023E,Bury,347,347,0.47796143250688705,0.16714697406340062,0.0,0.0,0.5504322766570605
E01005046,Bury 002C,Bury,262,262,0.3875739644970414,0.19465648854961837,0.0,0.0,0.5877862595419847
E01005047,Bury 003C,Bury,199,199,0.33728813559322035,0.14070351758793975,0.0,0.0,0.592964824120603
E01005048,Bury 002D,Bury,193,193,0.2928679817905918,0.0,0.0,0.0,0.6424870466321243
E01005049,Bury 003D,Bury,240,240,0.31788079470198677,0.02083333333333337,0.0,0.0,0.7
E01005050,Bury 006C,Bury,275,275,0.3223915592028136,0.029090909090909056,0.0,0.0,0.5890909090909091
E01005051,Bury 003E,Bury,256,256,0.3672883787661406,0.0390625,0.0,0.0,0.46875
E01005052,Bury 006D,Bury,149,149,0.2547008547008547,0.0,0.0,0.0,0.7785234899328859
E01005053,Bury 006E,Bury,222,222,0.34960629921259845,0.0045045045045044585,0.0,0.0,0.581081081081081
E01005054,Bury 013B,Bury,262,262,0.37163120567375885,0.0,0.0,0.0,0.549618320610687
E01005055,Bury 017B,Bury,183,183,0.313893653516295,0.0,0.0,0.0,0.8087431693989071
E01005056,Bury 017C,Bury,184,184,0.3087248322147651,0.0,0.0,0.0,0.7608695652173914
E01005057,Bury 017D,Bury,271,271,0.4038748137108793,0.06642066420664205,0.0,0.0,0.5313653136531366
E01005058,Bury 017E,Bury,134,134,0.27070707070707073,0.007462686567164201,0.0,0.0,0.7388059701492538
E01005059,Bury 013C,Bury,282,282,0.39058171745152354,0.0035460992907800915,0.0,0.0,0.36879432624113473
E01005060,Bury 013D,Bury,285,285,0.3877551020408163,0.01403508771929829,0.0,0.0,0.5543859649122806
E01005061,Manchester 018A,Manchester,325,325,0.4969418960244648,0.1446153846153846,0.0,0.0,0.07384615384615385
E01005063,Manchester 018C,Manchester,428,428,0.5616797900262467,0.0,0.0,0.0,0.19158878504672897
E01005065,Manchester 018D,Manchester,658,658,0.8194271481942715,0.23556231003039518,0.09118541033434646,0.0,0.11702127659574468
E01005066,Manchester 018E,Manchester,333,333,0.6542239685658153,0.23723723723723722,0.0,0.0,0.14414414414414414
E01005067,Manchester 020A,Manchester,466,466,0.5796019900497512,0.41630901287553645,0.0,0.0,0.14377682403433475
E01005068,Manchester 051A,Manchester,465,465,0.6449375866851595,0.2236559139784946,0.0,0.0,0.3139784946236559
E01005069,Manchester 047A,Manchester,190,190,0.2896341463414634,0.0,0.0,0.0,0.4789473684210526
E01005070,Manchester 051B,Manchester,541,541,0.6745635910224439,0.07578558225508314,0.0,0.0,0.3364140480591497
E01005071,Manchester 048A,Manchester,407,407,0.5529891304347826,0.14250614250614246,0.0,0.0,0.4004914004914005
E01005072,Manchester 048B,Manchester,511,511,0.5948777648428405,0.009784735812133127,0.0,0.0,0.2700587084148728
E01005073,Manchester 048C,Manchester,249,249,0.4075286415711948,0.0,0.0,0.0,0.5783132530120482
E01005074,Manchester 051C,Manchester,326,326,0.5069984447900466,0.0,0.0,0.0,0.3312883435582822
E01005075,Manchester 051D,Manchester,378,378,0.563338301043219,0.05820105820105825,0.0,0.0,0.31746031746031744
E01005076,Manchester 039A,Manchester,536,536,0.7243243243243244,0.013059701492537323,0.0,0.0,0.47201492537313433
E01005077,Manchester 042A,Manchester,210,210,0.3343949044585987,0.0,0.0,0.0,0.29523809523809524
E01005078,Manchester 042B,Manchester,518,518,0.6225961538461539,0.05984555984555984,0.02316602316602312,0.0,0.4034749034749035
E01005079,Manchester 042C,Manchester,237,237,0.37381703470031546,0.04641350210970463,0.0,0.0,0.4050632911392405
E01005081,Manchester 039C,Manchester,208,208,0.2690815006468305,0.09134615384615385,0.0,0.0,0.1971153846153846
E01005082,Manchester 037A,Manchester,286,286,0.3793103448275862,0.1503496503496503,0.0,0.0,0.2902097902097902
E01005083,Manchester 039D,Manchester,635,635,0.662839248434238,0.11811023622047245,0.0,0.0,0.5055118110236221
E01005084,Manchester 042D,Manchester,311,311,0.3628938156359393,0.0,0.0,0.0,0.29260450160771706
E01005085,Manchester 049A,Manchester,412,412,0.6889632107023411,0.0,0.0,0.0,0.41019417475728154
E01005086,Manchester 049B,Manchester,509,509,0.7250712250712251,0.015717092337917515,0.0,0.0,0.3889980353634578
E01005087,Manchester 050A,Manchester,605,605,0.7534246575342466,0.0049586776859503745,0.0,0.0,0.41487603305785126
E01005088,Manchester 050B,Manchester,568,568,0.781292984869326,0.06161971830985913,0.04929577464788737,0.0,0.39436619718309857
E01005089,Manchester 049C,Manchester,466,466,0.6705035971223021,0.03433476394849788,0.0,0.0,0.45493562231759654
E01005090,Manchester 050C,Manchester,651,651,0.7552204176334106,0.18894009216589858,0.0,0.0,0.2196620583717358
E01005091,Manchester 050D,Manchester,625,625,0.7126567844925884,0.0,0.0,0.0,0.4832
E01005092,Manchester 015A,Manchester,468,468,0.5977011494252874,0.0,0.0,0.0,0.5555555555555556
E01005093,Manchester 012A,Manchester,391,391,0.5741556534508077,0.05626598465473143,0.0,0.0,0.5882352941176471
E01005094,Manchester 012B,Manchester,390,390,0.5873493975903614,0.0,0.0,0.0,0.6897435897435897
E01005097,Manchester 012C,Manchester,357,357,0.5509259259259259,0.0056022408963585235,0.0,0.0,0.7058823529411765
E01005098,Manchester 001A,Manchester,278,278,0.3624511082138201,0.0,0.0,0.0,0.4352517985611511
E01005099,Manchester 001B,Manchester,315,315,0.4558610709117221,0.0,0.0,0.0,0.3873015873015873
E01005100,Manchester 001C,Manchester,233,233,0.3546423135464231,0.0,0.0,0.0,0.4678111587982833
E01005101,Manchester 002A,Manchester,306,306,0.41975308641975306,0.0,0.0,0.0,0.4738562091503268
E01005102,Manchester 001D,Manchester,250,250,0.3993610223642173,0.0,0.0,0.0,0.624
E01005103,Manchester 001E,Manchester,407,407,0.47325581395348837,0.0,0.0,0.0,0.4152334152334152
E01005104,Manchester 004A,Manchester,369,369,0.45054945054945056,0.0,0.0,0.0,0.24119241192411925
E01005105,Manchester 015C,Manchester,627,627,0.5548672566371682,0.1355661881977671,0.0,0.0,0.08771929824561403
E01005106,Manchester 015D,Manchester,521,521,0.5788888888888889,0.0,0.0,0.0,0.42610364683301344
E01005107,Manchester 015E,Manchester,497,497,0.668010752688172,0.06237424547283699,0.0,0.0,0.13682092555331993
E01005111,Manchester 047B,Manchester,361,361,0.59375,0.0027700831024930483,0.0,0.0,0.39058171745152354
E01005112,Manchester 048D,Manchester,321,321,0.47485207100591714,0.0,0.0,0.0,0.5358255451713395
E01005113,Manchester 047C,Manchester,455,455,0.5603448275862069,0.0,0.0,0.0,0.35824175824175825
E01005114,Manchester 047D,Manchester,332,332,0.40736196319018403,0.0,0.0,0.0,0.4939759036144578
E01005115,Manchester 044A,Manchester,389,389,0.49744245524296676,0.005141388174807249,0.0,0.0,0.38046272493573263
E01005116,Manchester 047E,Manchester,524,524,0.5292929292929293,0.03435114503816794,0.0,0.0,0.20801526717557253
E01005117,Manchester 048E,Manchester,631,631,0.6491769547325102,0.0,0.0,0.0,0.36450079239302696
E01005118,Manchester 034A,Manchester,210,210,0.4421052631578947,0.0,0.0,0.0,0.8857142857142857
E01005119,Manchester 041A,Manchester,258,258,0.3850746268656716,0.10465116279069764,0.0,0.0,0.4418604651162791
E01005120,Manchester 034B,Manchester,305,305,0.45933734939759036,0.006557377049180357,0.15409836065573768,0.0,0.4721311475409836
E01005121,Manchester 041B,Manchester,219,219,0.3637873754152824,0.05936073059360736,0.0,0.0,0.4063926940639269
E01005122,Manchester 041C,Manchester,240,240,0.37094281298299847,0.0,0.0,0.0,0.4708333333333333
E01005123,Manchester 041D,Manchester,218,218,0.3567921440261866,0.0,0.0,0.0,0.3256880733944954
E01005124,Manchester 041E,Manchester,249,249,0.3710879284649776,0.15261044176706828,0.0,0.0,0.2289156626506024
E01005125,Manchester 040A,Manchester,272,272,0.44299674267100975,0.0,0.0,0.0,0.45955882352941174
E01005126,Manchester 045A,Manchester,323,323,0.4017412935323383,0.0,0.0,0.0,0.47678018575851394
E01005128,Manchester 055A,Manchester,1214,1214,1.7492795389048992,0.20428336079077425,0.45716639209225696,0.0,0.12932454695222406
E01005129,Manchester 061A,Manchester,512,512,0.6139088729016786,0.224609375,0.0,0.0,0.291015625
E01005130,Manchester 054A,Manchester,433,433,0.5891156462585034,0.11085450346420322,0.0,0.0,0.09006928406466513
E01005132,Manchester 061B,Manchester,408,408,0.48513674197384066,0.25245098039215685,0.0,0.0,0.17401960784313725
E01005135,Manchester 002B,Manchester,255,255,0.38753799392097266,0.0,0.0,0.0,0.4823529411764706
E01005136,Manchester 002C,Manchester,226,226,0.367479674796748,0.0,0.0,0.0,0.6769911504424779
E01005138,Manchester 002D,Manchester,452,452,0.4542713567839196,0.2676991150442478,0.0,0.0,0.19911504424778761
E01005139,Manchester 003B,Manchester,301,301,0.3924380704041721,0.0033222591362126463,0.0,0.0,0.49169435215946844
E01005141,Manchester 003C,Manchester,347,347,0.43647798742138366,0.0,0.0,0.0,0.3112391930835735
E01005142,Manchester 058A,Manchester,360,360,0.5120910384068279,0.01388888888888884,0.0,0.0,0.22777777777777777
E01005143,Manchester 056A,Manchester,349,349,0.4417721518987342,0.0,0.0,0.0,0.6246418338108882
E01005145,Manchester 008A,Manchester,396,396,0.5122897800776197,0.0,0.010101010101010055,0.0,0.4696969696969697
E01005147,Manchester 058B,Manchester,440,440,0.48997772828507796,0.0,0.0,0.0,0.20909090909090908
E01005149,Manchester 008C,Manchester,206,206,0.40711462450592883,0.0,0.0,0.0,0.8252427184466019
E01005150,Manchester 029A,Manchester,602,602,0.7141162514827996,0.03654485049833889,0.0,0.0,0.5830564784053156
E01005151,Manchester 029B,Manchester,334,334,0.4744318181818182,0.0,0.0,0.0,0.7095808383233533
E01005152,Manchester 029C,Manchester,211,211,0.3576271186440678,0.0,0.0,0.0,0.7725118483412322
E01005153,Manchester 037B,Manchester,433,433,0.5537084398976982,0.002309468822170868,0.0,0.0,0.6374133949191686
E01005154,Manchester 033A,Manchester,360,360,0.549618320610687,0.0,0.0,0.0,0.625
E01005155,Manchester 037C,Manchester,284,284,0.42388059701492536,0.0,0.0,0.0,0.6619718309859155
E01005156,Manchester 033B,Manchester,246,246,0.3942307692307692,0.0,0.0,0.0,0.7276422764227642
E01005157,Manchester 037D,Manchester,178,178,0.29716193656093487,0.0,0.0,0.0,0.7584269662921348
E01005158,Manchester 033C,Manchester,359,359,0.5158045977011494,0.03899721448467963,0.0,0.0,0.4596100278551532
E01005159,Manchester 029D,Manchester,288,288,0.42105263157894735,0.06597222222222221,0.0,0.0,0.6909722222222222
E01005160,Manchester 004B,Manchester,306,306,0.4340425531914894,0.009803921568627416,0.0,0.0,0.4869281045751634
E01005161,Manchester 004C,Manchester,253,253,0.38391502276176026,0.0,0.0,0.0,0.7351778656126482
E01005162,Manchester 004D,Manchester,317,317,0.48323170731707316,0.04731861198738174,0.0,0.0,0.45110410094637227
E01005163,Manchester 004E,Manchester,267,267,0.40825688073394495,0.0037453183520599342,0.0,0.0,0.6554307116104869
E01005164,Manchester 006A,Manchester,433,433,0.5522959183673469,0.011547344110854452,0.0,0.0,0.6096997690531177
E01005165,Manchester 008D,Manchester,571,571,0.6444695259593679,0.003502626970227629,0.0,0.0,0.4658493870402802
E01005166,Manchester 008E,Manchester,453,453,0.6434659090909091,0.0,0.0,0.0,0.673289183222958
E01005167,Manchester 008F,Manchester,324,324,0.5142857142857142,0.13888888888888884,0.0,0.0,0.5339506172839507
E01005168,Manchester 045B,Manchester,179,179,0.3422562141491396,0.0,0.0,0.0,0.5977653631284916
E01005169,Manchester 045C,Manchester,306,306,0.5134228187919463,0.38888888888888884,0.0,0.0,0.34967320261437906
E01005170,Manchester 045D,Manchester,221,221,0.38169257340241797,0.0,0.0,0.0,0.6968325791855203
E01005171,Manchester 045E,Manchester,321,321,0.45726495726495725,0.015576323987538943,0.0,0.0,0.573208722741433
E01005172,Manchester 043A,Manchester,413,413,0.5188442211055276,0.004842615012106588,0.0,0.0,0.4600484261501211
E01005173,Manchester 043B,Manchester,360,360,0.4979253112033195,0.05555555555555558,0.0,0.0,0.37777777777777777
E01005174,Manchester 043C,Manchester,228,228,0.3683360258481422,0.0,0.0,0.0,0.6228070175438597
E01005175,Manchester 043D,Manchester,277,277,0.4055636896046852,0.014440433212996373,0.0,0.0,0.5234657039711191
E01005176,Manchester 043E,Manchester,568,568,0.6339285714285714,0.0017605633802817433,0.0,0.0,0.5070422535211268
E01005177,Manchester 043F,Manchester,212,212,0.3419354838709677,0.0,0.0,0.0,0.5471698113207547
E01005178,Manchester 030A,Manchester,314,314,0.4214765100671141,0.0,0.0,0.0,0.4840764331210191
E01005179,Manchester 030B,Manchester,584,584,0.6375545851528385,0.0273972602739726,0.0,0.0,0.4897260273972603
E01005180,Manchester 030C,Manchester,203,203,0.26605504587155965,0.0,0.0,0.0,0.2955665024630542
E01005181,Manchester 030D,Manchester,346,346,0.5036390101892285,0.023121387283236983,0.0,0.0,0.47109826589595377
E01005182,Manchester 030E,Manchester,126,126,0.267515923566879,0.007936507936507908,0.0,0.0,0.40476190476190477
E01005183,Manchester 030F,Manchester,217,217,0.33436055469953774,0.0,0.0,0.0,0.3225806451612903
E01005184,Manchester 032A,Manchester,589,589,0.758043758043758,0.01018675721561968,0.04753820033955858,0.0,0.36502546689303905
E01005185,Manchester 032B,Manchester,396,396,0.7749510763209393,0.0757575757575758,0.0,0.0,0.5555555555555556
E01005186,Manchester 020B,Manchester,576,576,0.5485714285714286,0.08680555555555558,0.0,0.0,0.2048611111111111
E01005187,Manchester 021A,Manchester,472,472,0.5645933014354066,0.03389830508474578,0.0,0.0,0.6483050847457628
E01005188,Manchester 021B,Manchester,360,360,0.49382716049382713,0.07499999999999996,0.0,0.0,0.5972222222222222
E01005189,Manchester 017D,Manchester,350,350,0.4375,0.014285714285714235,0.0,0.0,0.31142857142857144
E01005190,Manchester 017E,Manchester,455,455,0.4845580404685836,0.00879120879120876,0.0,0.0,0.6087912087912087
E01005191,Manchester 021C,Manchester,503,503,0.6343001261034048,0.05168986083499005,0.18290258449304175,0.0,0.4831013916500994
E01005192,Manchester 021D,Manchester,326,326,0.47941176470588237,0.07975460122699385,0.0,0.0,0.6226993865030674
E01005193,Manchester 021E,Manchester,437,437,0.5421836228287841,0.011441647597253968,0.0,0.0,0.6086956521739131
E01005195,Manchester 023A,Manchester,471,471,0.5376712328767124,0.25053078556263275,0.0,0.0,0.39490445859872614
E01005197,Manchester 023C,Manchester,379,379,0.5353107344632768,0.0,0.0,0.0,0.5883905013192612
E01005198,Manchester 023D,Manchester,339,339,0.4781382228490832,0.002949852507374673,0.0,0.0,0.3185840707964602
E01005199,Manchester 064C,Manchester,477,477,0.5264900662251656,0.012578616352201255,0.0,0.0,0.6918238993710691
E01005200,Manchester 064A,Manchester,443,443,0.46097814776274715,0.20993227990970653,0.0,0.0,0.4469525959367946
E01005201,Manchester 023E,Manchester,553,553,0.7053571428571429,0.001808318264014508,0.0,0.0,0.5515370705244123
E01005202,Manchester 009A,Manchester,412,412,0.4807467911318553,0.036407766990291246,0.0,0.0,0.470873786407767
E01005203,Manchester 009B,Manchester,399,399,0.46503496503496505,0.0,0.0,0.0,0.2531328320802005
E01005205,Manchester 006B,Manchester,488,488,0.5589919816723941,0.0,0.0,0.0,0.38114754098360654
E01005206,Manchester 006C,Manchester,329,329,0.4544198895027624,0.0,0.0,0.0,0.49240121580547114
E01005207,Manchester 006D,Manchester,459,459,0.5892169448010269,0.017429193899782147,0.0,0.0,0.6405228758169934
E01005208,Manchester 019A,Manchester,680,680,0.6176203451407811,0.0,0.0,0.0,0.19117647058823528
E01005210,Manchester 019C,Manchester,293,293,0.6569506726457399,0.0,0.0,0.0,0.28668941979522183
E01005212,Manchester 057A,Manchester,442,442,0.5815789473684211,0.2036199095022625,0.20135746606334837,0.0,0.06787330316742081
E01005213,Manchester 059A,Manchester,657,657,0.5629820051413882,0.0,0.0,0.0,0.3272450532724505
E01005214,Manchester 019D,Manchester,610,610,0.6180344478216818,0.0,0.0,0.0,0.13442622950819672
E01005215,Manchester 034C,Manchester,336,336,0.46408839779005523,0.0,0.0,0.0,0.43154761904761907
E01005216,Manchester 034D,Manchester,231,231,0.38181818181818183,0.0,0.0,0.0,0.8138528138528138
E01005217,Manchester 034E,Manchester,255,255,0.36585365853658536,0.007843137254901933,0.0,0.0,0.6509803921568628
E01005218,Manchester 034F,Manchester,359,359,0.5707472178060413,0.06128133704735372,0.0,0.0,0.5376044568245125
E01005219,Manchester 031A,Manchester,624,624,0.673866090712743,0.02564102564102566,0.0,0.0,0.6698717948717948
E01005220,Manchester 031B,Manchester,357,357,0.4791946308724832,0.0,0.0,0.0,0.7899159663865546
E01005221,Manchester 031C,Manchester,485,485,0.5574712643678161,0.10515463917525769,0.0,0.0,0.6783505154639176
E01005222,Manchester 031D,Manchester,467,467,0.5126234906695939,0.0,0.0,0.0,0.5460385438972163
E01005223,Manchester 007A,Manchester,258,258,0.42504118616144976,0.011627906976744207,0.0,0.0,0.5852713178294574
E01005224,Manchester 007B,Manchester,477,477,0.6276315789473684,0.018867924528301883,0.0,0.0,0.5220125786163522
E01005225,Manchester 007C,Manchester,475,475,0.5542590431738623,0.05894736842105264,0.0,0.0,0.5221052631578947
E01005226,Manchester 007D,Manchester,453,453,0.6462196861626248,0.008830022075055233,0.0,0.0,0.6600441501103753
E01005227,Manchester 009D,Manchester,416,416,0.5614035087719298,0.02644230769230771,0.0,0.0,0.5721153846153846
E01005228,Manchester 009E,Manchester,381,381,0.42665173572228443,0.04199475065616798,0.0,0.0,0.3569553805774278
E01005229,Manchester 007E,Manchester,193,193,0.3184818481848185,0.005181347150259086,0.0,0.0,0.7461139896373057
E01005230,Manchester 022B,Manchester,547,547,0.7178477690288714,0.0,0.0,0.0,0.5904936014625228
E01005231,Manchester 022C,Manchester,578,578,0.82689556509299,0.23702422145328716,0.19204152249134943,0.0,0.444636678200692
E01005232,Manchester 020C,Manchester,307,307,0.4348441926345609,0.0032573289902280145,0.0,0.0,0.3973941368078176
E01005233,Manchester 063B,Manchester,456,456,0.579415501905972,0.0,0.0,0.0,0.6381578947368421
E01005234,Manchester 063A,Manchester,340,340,0.522273425499232,0.01764705882352946,0.0,0.0,0.6205882352941177
E01005235,Manchester 020D,Manchester,459,459,0.641958041958042,0.006535947712418277,0.0,0.0,0.41830065359477125
E01005236,Manchester 022D,Manchester,499,499,0.7148997134670487,0.0,0.0,0.0,0.6513026052104208
E01005237,Manchester 022E,Manchester,255,255,0.4866412213740458,0.03137254901960784,0.0117647058823529,0.0,0.6941176470588235
E01005238,Manchester 063D,Manchester,271,271,0.46563573883161513,0.0073800738007380184,0.0,0.0,0.7084870848708487
E01005239,Manchester 020E,Manchester,259,259,0.4144,0.0,0.0,0.0,0.18146718146718147
E01005243,Manchester 024B,Manchester,641,641,0.5612959719789843,0.14352574102964122,0.0,0.0,0.1981279251170047
E01005244,Manchester 025C,Manchester,512,512,0.6297662976629766,0.04296875,0.0234375,0.0,0.5625
E01005245,Manchester 024C,Manchester,543,543,0.5679916317991632,0.15653775322283614,0.0,0.0,0.13075506445672191
E01005246,Manchester 024D,Manchester,512,512,0.6772486772486772,0.0,0.0,0.0,0.376953125
E01005247,Manchester 005A,Manchester,213,213,0.3418940609951846,0.0046948356807511304,0.0,0.0,0.6431924882629108
E01005248,Manchester 005B,Manchester,154,154,0.2636986301369863,0.0,0.0,0.0,0.5909090909090909
E01005249,Manchester 005C,Manchester,337,337,0.372787610619469,0.03264094955489616,0.0,0.0,0.26409495548961426
E01005250,Manchester 005D,Manchester,306,306,0.4021024967148489,0.006535947712418277,0.0,0.0,0.28431372549019607
E01005251,Manchester 003D,Manchester,244,244,0.38006230529595014,0.016393442622950838,0.0,0.0,0.47950819672131145
E01005252,Manchester 003E,Manchester,302,302,0.3932291666666667,0.0,0.0,0.0,0.39403973509933776
E01005253,Manchester 005E,Manchester,225,225,0.35657686212361334,0.0,0.0,0.0,0.47555555555555556
E01005254,Manchester 005F,Manchester,259,259,0.3684210526315789,0.061776061776061764,0.0,0.0,0.5945945945945946
E01005255,Manchester 012D,Manchester,318,318,0.4103225806451613,0.0,0.0,0.0,0.4748427672955975
E01005256,Manchester 011A,Manchester,550,550,0.5243088655862727,0.012727272727272698,0.09636363636363632,0.0,0.18363636363636363
E01005257,Manchester 011B,Manchester,285,285,0.3535980148883375,0.01754385964912286,0.010526315789473717,0.0,0.4631578947368421
E01005258,Manchester 011C,Manchester,357,357,0.4582798459563543,0.014005602240896309,0.014005602240896309,0.0,0.4677871148459384
E01005259,Manchester 011D,Manchester,343,343,0.45310435931307796,0.011661807580174877,0.0,0.0,0.4577259475218659
E01005260,Manchester 011E,Manchester,240,240,0.40404040404040403,0.0,0.0,0.0,0.6791666666666667
E01005261,Manchester 012E,Manchester,289,289,0.4287833827893175,0.0,0.0,0.0,0.643598615916955
E01005262,Manchester 044B,Manchester,500,500,0.5834305717619603,0.010000000000000009,0.0,0.0,0.282
E01005263,Manchester 046A,Manchester,468,468,0.5828144458281445,0.0,0.0,0.0,0.2777777777777778
E01005264,Manchester 044C,Manchester,529,529,0.8587662337662337,0.020793950850661602,0.0,0.0,0.32136105860113423
E01005265,Manchester 044D,Manchester,438,438,0.6357039187227866,0.013698630136986356,0.0,0.0,0.5182648401826484
E01005266,Manchester 044E,Manchester,506,506,0.6067146282973621,0.0,0.0,0.0,0.4505928853754941
E01005267,Manchester 046B,Manchester,261,261,0.4015384615384615,0.007662835249042099,0.0,0.0,0.6245210727969349
E01005268,Manchester 046C,Manchester,519,519,0.4827906976744186,0.09248554913294793,0.0,0.0,0.441233140655106
E01005269,Manchester 046D,Manchester,173,173,0.2813008130081301,0.0,0.0,0.0,0.6242774566473989
E01005270,Manchester 035A,Manchester,263,263,0.38338192419825073,0.049429657794676785,0.0,0.0,0.3726235741444867
E01005271,Manchester 032C,Manchester,575,575,0.9274193548387096,0.017391304347826098,0.0,0.0,0.4591304347826087
E01005272,Manchester 035B,Manchester,295,295,0.3619631901840491,0.1796610169491526,0.0,0.0,0.22033898305084745
E01005273,Manchester 035C,Manchester,390,390,0.657672849915683,0.012820512820512775,0.0,0.0,0.5358974358974359
E01005274,Manchester 038A,Manchester,311,311,0.44619799139167865,0.07717041800643087,0.0,0.0,0.5755627009646302
E01005275,Manchester 038B,Manchester,532,532,0.6625155666251556,0.024436090225563922,0.0,0.0,0.5375939849624061
E01005276,Manchester 038C,Manchester,356,356,0.577922077922078,0.0,0.0,0.0,0.47752808988764045
E01005277,Manchester 038D,Manchester,440,440,0.561941251596424,0.002272727272727315,0.0,0.0,0.5045454545454545
E01005278,Manchester 035D,Manchester,259,259,0.48411214953271026,0.007722007722007707,0.0,0.0,0.6216216216216216
E01005279,Manchester 035E,Manchester,333,333,0.4070904645476773,0.024024024024024038,0.0,0.0,0.33933933933933935
E01005280,Manchester 026A,Manchester,222,222,0.41263940520446096,0.0,0.0,0.0,0.6261261261261262
E01005281,Manchester 026B,Manchester,332,332,0.6275992438563327,0.0,0.003012048192771122,0.0,0.5030120481927711
E01005284,Manchester 026C,Manchester,559,559,0.8547400611620795,0.09302325581395354,0.0,0.0,0.49016100178890876
E01005285,Manchester 025D,Manchester,256,256,0.5029469548133595,0.0,0.0,0.0,0.328125
E01005286,Manchester 026D,Manchester,476,476,0.6214099216710183,0.010504201680672232,0.0,0.0,0.5105042016806722
E01005287,Manchester 026E,Manchester,377,377,0.573820395738204,0.0026525198938992522,0.0,0.0,0.5729442970822282
E01005288,Manchester 025E,Manchester,431,431,0.6375739644970414,0.025522041763341052,0.0,0.0,0.5614849187935035
E01005289,Manchester 049D,Manchester,565,565,0.7243589743589743,0.21415929203539819,0.20884955752212386,0.0,0.3185840707964602
E01005290,Manchester 052A,Manchester,421,421,0.6145985401459854,0.0,0.0,0.0,0.34679334916864607
E01005291,Manchester 050E,Manchester,460,460,0.6754772393538914,0.0,0.0,0.0,0.3782608695652174
E01005292,Manchester 052B,Manchester,449,449,0.6701492537313433,0.0,0.0,0.0,0.29175946547884185
E01005293,Manchester 052C,Manchester,166,166,0.3235867446393762,0.0,0.0,0.0,0.4578313253012048
E01005294,Manchester 052D,Manchester,248,248,0.3887147335423197,0.03629032258064513,0.0,0.0,0.3790322580645161
E01005295,Manchester 049E,Manchester,597,597,0.5223097112860893,0.0,0.0,0.0,0.3500837520938023
E01005296,Manchester 029E,Manchester,254,254,0.40253565768621236,0.019685039370078705,0.0,0.0,0.547244094488189
E01005297,Manchester 028A,Manchester,537,537,0.5670538542766631,0.03165735567970207,0.0,0.0,0.5865921787709497
E01005298,Manchester 028B,Manchester,304,304,0.48717948717948717,0.003289473684210509,0.0,0.0,0.7105263157894737
E01005299,Manchester 029F,Manchester,210,210,0.3860294117647059,0.023809523809523836,0.0,0.0,0.7238095238095238
E01005300,Manchester 033D,Manchester,165,165,0.34375,0.0,0.0,0.0,0.6848484848484848
E01005301,Manchester 033E,Manchester,287,287,0.4889267461669506,0.017421602787456414,0.0,0.0,0.6794425087108014
E01005302,Manchester 028C,Manchester,656,656,0.6527363184079602,0.05945121951219512,0.0,0.0,0.36890243902439024
E01005304,Manchester 040B,Manchester,455,455,0.6821589205397302,0.01098901098901095,0.0,0.0,0.5384615384615384
E01005305,Manchester 036A,Manchester,248,248,0.42248722316865417,0.0,0.0,0.0,0.5604838709677419
E01005306,Manchester 040C,Manchester,301,301,0.4168975069252078,0.029900332225913595,0.0,0.0,0.5448504983388704
E01005307,Manchester 040D,Manchester,350,350,0.49157303370786515,0.014285714285714235,0.0,0.0,0.5142857142857142
E01005308,Manchester 040E,Manchester,243,243,0.3925686591276252,0.0,0.0,0.0,0.48559670781893005
E01005309,Manchester 036B,Manchester,771,771,0.8115789473684211,0.01815823605706879,0.0,0.0,0.42153047989623865
E01005310,Manchester 036C,Manchester,340,340,0.5792163543441227,0.0,0.0,0.0,0.5794117647058824
E01005311,Manchester 036D,Manchester,350,350,0.529500756429652,0.07714285714285718,0.0,0.0,0.6114285714285714
E01005312,Manchester 036E,Manchester,464,464,0.7227414330218068,0.0,0.0,0.0,0.5452586206896551
E01005313,Manchester 053A,Manchester,372,372,0.6179401993355482,0.0,0.0,0.0,0.34946236559139787
E01005314,Manchester 053B,Manchester,376,376,0.5911949685534591,0.005319148936170248,0.0,0.0,0.29521276595744683
E01005315,Manchester 053C,Manchester,484,484,0.5953259532595326,0.037190082644628086,0.0,0.0,0.18388429752066116
E01005316,Manchester 053D,Manchester,386,386,0.5594202898550724,0.0,0.0,0.0,0.31088082901554404
E01005317,Manchester 052E,Manchester,513,513,0.5588235294117647,0.013645224171540016,0.0,0.0,0.2475633528265107
E01005318,Manchester 053E,Manchester,430,430,0.5477707006369427,0.0,0.0,0.0,0.27209302325581397
E01005319,Manchester 051E,Manchester,527,527,0.5888268156424581,0.04743833017077803,0.0,0.0,0.2239089184060721
E01033651,Manchester 054B,Manchester,1328,1328,1.387669801462905,0.09487951807228912,0.17168674698795183,0.0,0.061746987951807226
E01033653,Manchester 055B,Manchester,1308,1308,1.1423580786026202,0.3776758409785933,0.16590214067278286,0.0,0.24694189602446484
E01033654,Manchester 055C,Manchester,961,961,1.7069271758436946,0.13943808532778357,0.45473465140478664,0.0,0.16129032258064516
E01033655,Manchester 056B,Manchester,656,656,0.8805369127516779,0.1707317073170732,0.0,0.0,0.057926829268292686
E01033656,Manchester 057B,Manchester,1112,1112,2.3022774327122155,0.0,0.0,0.0,0.08183453237410072
E01033658,Manchester 054C,Manchester,1122,1122,1.5780590717299579,0.11497326203208558,0.08734402852049916,0.0,0.15240641711229946
E01033660,Manchester 059B,Manchester,1049,1049,1.2183507549361208,0.3031458531935176,0.0,0.0,0.10676835081029552
E01033661,Manchester 055E,Manchester,1810,1810,1.5058236272878536,0.2320441988950276,0.0,0.0,0.1580110497237569
E01033662,Manchester 057C,Manchester,1044,1044,1.0807453416149069,0.3448275862068966,0.010536398467432928,0.0,0.22701149425287356
E01033664,Manchester 054D,Manchester,1347,1347,1.2518587360594795,0.36971046770601335,0.1573867854491463,0.0,0.11284335560504825
E01033665,Manchester 056C,Manchester,602,602,0.6572052401746725,0.10299003322259137,0.0,0.0,0.11295681063122924
E01033667,Manchester 054E,Manchester,1084,1084,1.231818181818182,0.19003690036900367,0.0,0.0,0.20202952029520296
E01033668,Manchester 015F,Manchester,374,374,0.6306913996627319,0.010695187165775444,0.0,0.0,0.15240641711229946
E01033669,Manchester 015G,Manchester,411,411,0.6352395672333848,0.019464720194647178,0.0,0.0,0.18248175182481752
E01033670,Manchester 039E,Manchester,449,449,0.5749039692701664,0.0,0.0,0.0,0.1870824053452116
E01033671,Manchester 039F,Manchester,539,539,0.6517533252720678,0.1150278293135436,0.0,0.0,0.5176252319109462
E01033672,Manchester 059C,Manchester,811,811,0.8796095444685467,0.44143033292231815,0.0,0.0,0.11713933415536375
E01033673,Manchester 059D,Manchester,692,692,0.8074679113185531,0.36849710982658956,0.0,0.0,0.11705202312138728
E01033674,Manchester 058C,Manchester,463,463,0.6951951951951952,0.008639308855291628,0.0,0.0,0.18142548596112312
E01033675,Manchester 058D,Manchester,358,358,0.4637305699481865,0.0,0.0,0.0,0.18435754189944134
E01033676,Manchester 056D,Manchester,268,268,0.366120218579235,0.09328358208955223,0.0,0.0,0.19776119402985073
E01033677,Manchester 060A,Manchester,512,512,0.8407224958949097,0.00390625,0.0,0.0,0.1796875
E01033678,Manchester 009F,Manchester,283,283,0.4287878787878788,0.0,0.0,0.0,0.16607773851590105
E01033679,Manchester 009G,Manchester,237,237,0.4079173838209983,0.0,0.0,0.0,0.10548523206751055
E01033680,Manchester 028E,Manchester,414,414,0.6142433234421365,0.03140096618357491,0.0,0.0,0.40096618357487923
E01033681,Manchester 060B,Manchester,1423,1423,1.6741176470588235,0.0028109627547434624,0.1018973998594519,0.0,0.07238229093464511
E01033682,Manchester 060C,Manchester,552,552,0.7330677290836654,0.02717391304347827,0.0,0.0,0.21014492753623187
E01033684,Manchester 062D,Manchester,884,884,0.8683693516699411,0.3891402714932126,0.0,0.0,0.13687782805429866
E01033685,Manchester 003F,Manchester,283,283,0.4477848101265823,0.0035335689045936647,0.0,0.0,0.21201413427561838
E01033686,Manchester 028F,Manchester,408,408,0.631578947368421,0.02450980392156865,0.0,0.0,0.4485294117647059
E01033687,Manchester 003G,Manchester,308,308,0.4036697247706422,0.0,0.0,0.0,0.25
E01033688,Manchester 062B,Manchester,351,351,0.5007132667617689,0.0,0.0,0.0,0.245014245014245
E01034107,Manchester 002F,Manchester,317,317,0.5318791946308725,0.006309148264984188,0.0,0.0,0.35962145110410093
E01034108,Manchester 002G,Manchester,373,373,0.47275031685678076,0.10991957104557637,0.0,0.0,0.4128686327077748
E01034109,Manchester 008G,Manchester,161,161,0.37971698113207547,0.0,0.0,0.0,0.6459627329192547
E01034110,Manchester 008H,Manchester,276,276,0.5702479338842975,0.0905797101449275,0.0,0.0,0.40942028985507245
E01034111,Manchester 017G,Manchester,365,365,0.6576576576576577,0.013698630136986356,0.0,0.0,0.2191780821917808
E01034112,Manchester 017H,Manchester,523,523,0.7115646258503401,0.007648183556405397,0.0,0.0,0.26577437858508607
E01034113,Manchester 017I,Manchester,335,335,0.5929203539823009,0.14626865671641787,0.0,0.0,0.2865671641791045
E01034114,Manchester 017J,Manchester,458,458,0.6273972602739726,0.42576419213973804,0.0,0.0,0.42358078602620086
E01034115,Manchester 018F,Manchester,237,237,0.5616113744075829,0.20253164556962022,0.0,0.0,0.11392405063291139
E01034116,Manchester 018G,Manchester,138,138,0.3325301204819277,0.0,0.0,0.0,0.014492753623188406
E01034117,Manchester 019E,Manchester,537,537,1.1329113924050633,0.4152700186219739,0.0,0.0,0.09869646182495345
E01034118,Manchester 019F,Manchester,318,318,0.6973684210526315,0.0,0.0,0.0,0.24528301886792453
E01034119,Manchester 022H,Manchester,540,540,0.7058823529411765,0.0018518518518518823,0.0018518518518518823,0.0,0.39444444444444443
E01034120,Manchester 023F,Manchester,385,385,0.6470588235294118,0.018181818181818188,0.0,0.0,0.34545454545454546
E01034121,Manchester 023G,Manchester,256,256,0.5688888888888889,0.00390625,0.0,0.0,0.20703125
E01034122,Manchester 024E,Manchester,385,385,0.6140350877192983,0.23116883116883113,0.0,0.0,0.4103896103896104
E01034123,Manchester 024F,Manchester,483,483,0.7570532915360502,0.08488612836438925,0.12215320910973082,0.0,0.29606625258799174
E01034124,Manchester 025F,Manchester,334,334,0.5985663082437276,0.017964071856287456,0.0,0.0,0.39520958083832336
E01034125,Manchester 025G,Manchester,320,320,0.583941605839416,0.0,0.0,0.0,0.5
E01034126,Manchester 025H,Manchester,352,352,0.5808580858085809,0.20454545454545459,0.0,0.0,0.3664772727272727
E01034127,Manchester 025I,Manchester,280,280,0.47619047619047616,0.0,0.0,0.0,0.6857142857142857
E01034128,Manchester 032F,Manchester,592,592,0.6659167604049494,0.0,0.0,0.0,0.6233108108108109
E01034129,Manchester 055F,Manchester,617,617,0.9686028257456829,0.293354943273906,0.027552674230145846,0.0,0.25283630470016205
E01034130,Manchester 055G,Manchester,573,573,0.7327365728900256,0.4869109947643979,0.0,0.0,0.13089005235602094
E01034131,Manchester 060E,Manchester,1033,1033,1.5941358024691359,0.14036786060019357,0.0,0.0,0.05033881897386254
E01034132,Manchester 060F,Manchester,2564,2564,2.6792058516196446,0.5261310452418096,0.0,0.0,0.012090483619344774
E01034133,Manchester 061C,Manchester,739,739,0.8378684807256236,0.374830852503383,0.0,0.0,0.06765899864682003
E01034134,Manchester 061D,Manchester,566,566,0.844776119402985,0.8586572438162544,0.0,0.0,0.2049469964664311
E01034135,Manchester 062A,Manchester,736,736,1.1482059282371295,0.38315217391304346,0.0,0.0,0.04619565217391304
E01034136,Manchester 062C,Manchester,597,597,0.9851485148514851,0.2814070351758794,0.0016750418760469454,0.0,0.07537688442211055
E01034137,Manchester 063C,Manchester,253,253,0.5142276422764228,0.0,0.0,0.0,0.8260869565217391
E01034138,Manchester 064B,Manchester,285,285,0.6291390728476821,0.0035087719298245723,0.0,0.0,0.6596491228070176
E01005320,Oldham 024A,Oldham,285,285,0.4391371340523883,0.01403508771929829,0.0,0.0,0.5578947368421052
E01005321,Oldham 022A,Oldham,245,245,0.394524959742351,0.0,0.0,0.0,0.5673469387755102
E01005322,Oldham 029A,Oldham,321,321,0.5988805970149254,0.02180685358255452,0.0,0.0,0.3987538940809969
E01005323,Oldham 029B,Oldham,283,283,0.4586709886547812,0.0,0.0,0.0,0.4734982332155477
E01005324,Oldham 029C,Oldham,392,392,0.5689404934687954,0.05102040816326525,0.0,0.0,0.23469387755102042
E01005325,Oldham 029D,Oldham,310,310,0.60546875,0.0,0.0,0.0,0.16451612903225807
E01005326,Oldham 022B,Oldham,141,141,0.25359712230215825,0.007092198581560294,0.0,0.0,0.7304964539007093
E01005327,Oldham 017A,Oldham,399,399,0.5115384615384615,0.10275689223057649,0.0,0.0,0.3283208020050125
E01005328,Oldham 017B,Oldham,174,174,0.232,0.0,0.0,0.0,0.3103448275862069
E01005329,Oldham 015A,Oldham,197,197,0.31170886075949367,0.06598984771573602,0.0,0.0,0.39593908629441626
E01005330,Oldham 015B,Oldham,435,435,0.6268011527377522,0.19770114942528738,0.0,0.0,0.31724137931034485
E01005331,Oldham 017C,Oldham,208,208,0.3170731707317073,0.0,0.0,0.0,0.5625
E01005332,Oldham 028A,Oldham,421,421,0.4265450861195542,0.004750593824228044,0.0,0.0,0.4584323040380047
E01005333,Oldham 015C,Oldham,145,145,0.2894211576846307,0.0,0.0,0.0,0.5586206896551724
E01005334,Oldham 017D,Oldham,157,157,0.2833935018050541,0.0,0.0,0.0,0.46496815286624205
E01005335,Oldham 010A,Oldham,177,177,0.32656826568265684,0.0,0.0,0.0,0.6384180790960452
E01005336,Oldham 015D,Oldham,175,175,0.27821939586645467,0.0,0.0,0.0,0.6857142857142857
E01005337,Oldham 010B,Oldham,364,364,0.4619289340101523,0.05494505494505497,0.0,0.0,0.5741758241758241
E01005338,Oldham 017E,Oldham,328,328,0.43101182654402104,0.0,0.0,0.0,0.5121951219512195
E01005339,Oldham 010C,Oldham,214,214,0.3554817275747508,0.01869158878504673,0.0,0.0,0.7102803738317757
E01005340,Oldham 010D,Oldham,233,233,0.3728,0.008583690987124415,0.0,0.0,0.5150214592274678
E01005341,Oldham 028B,Oldham,206,206,0.3473861720067454,0.03398058252427183,0.0,0.0,0.6796116504854369
E01005342,Oldham 027A,Oldham,365,365,0.5027548209366391,0.23561643835616441,0.0,0.0,0.2602739726027397
E01005343,Oldham 027B,Oldham,190,190,0.3486238532110092,0.0,0.0,0.0,0.5894736842105263
E01005344,Oldham 027C,Oldham,344,344,0.44329896907216493,0.08430232558139539,0.0,0.0,0.5319767441860465
E01005345,Oldham 028C,Oldham,200,200,0.3257328990228013,0.0,0.0,0.0,0.635
E01005346,Oldham 028D,Oldham,182,182,0.30333333333333334,0.0,0.0,0.0,0.7197802197802198
E01005347,Oldham 028E,Oldham,192,192,0.35424354243542433,0.04166666666666663,0.0,0.0,0.5520833333333334
E01005348,Oldham 014A,Oldham,325,325,0.4350736278447122,0.006153846153846176,0.0,0.0,0.28615384615384615
E01005349,Oldham 016A,Oldham,266,266,0.45315161839863716,0.0,0.0,0.0,0.6052631578947368
E01005350,Oldham 014B,Oldham,457,457,0.42951127819548873,0.01969365426695846,0.0,0.0,0.212253829321663
E01005351,Oldham 016B,Oldham,141,141,0.29809725158562367,0.0,0.0,0.0,0.574468085106383
E01005352,Oldham 016C,Oldham,216,216,0.463519313304721,0.0,0.0,0.0,0.33796296296296297
E01005353,Oldham 016D,Oldham,260,260,0.6372549019607843,0.007692307692307665,0.0,0.0,0.24615384615384617
E01005354,Oldham 016E,Oldham,239,239,0.4178321678321678,0.0,0.0,0.0,0.4476987447698745
E01005355,Oldham 005A,Oldham,247,247,0.39646869983948635,0.012145748987854255,0.0,0.0,0.7165991902834008
E01005356,Oldham 005B,Oldham,202,202,0.4031936127744511,0.0,0.0,0.0,0.4207920792079208
E01005357,Oldham 001A,Oldham,162,162,0.2634146341463415,0.0,0.0,0.0,0.6481481481481481
E01005358,Oldham 001B,Oldham,292,292,0.40782122905027934,0.013698630136986356,0.0,0.0,0.4554794520547945
E01005359,Oldham 001C,Oldham,233,233,0.3069828722002635,0.01716738197424894,0.0,0.0,0.6223175965665236
E01005360,Oldham 001D,Oldham,234,234,0.36619718309859156,0.004273504273504258,0.0,0.0,0.41452991452991456
E01005361,Oldham 003A,Oldham,230,230,0.3116531165311653,0.0,0.0,0.0,0.6391304347826087
E01005362,Oldham 031A,Oldham,174,174,0.2914572864321608,0.0,0.0,0.0,0.7011494252873564
E01005363,Oldham 032A,Oldham,412,412,0.48931116389548696,0.15776699029126218,0.0,0.0,0.46116504854368934
E01005364,Oldham 031B,Oldham,219,219,0.31647398843930635,0.0,0.0,0.0,0.6894977168949772
E01005365,Oldham 033A,Oldham,206,206,0.3366013071895425,0.01941747572815533,0.0,0.0,0.558252427184466
E01005366,Oldham 033B,Oldham,328,328,0.4355909694555113,0.0060975609756097615,0.0,0.0,0.375
E01005367,Oldham 033C,Oldham,176,176,0.3093145869947276,0.045454545454545414,0.0,0.0,0.5113636363636364
E01005368,Oldham 031C,Oldham,358,358,0.47291941875825627,0.0,0.0,0.0,0.547486033519553
E01005369,Oldham 032B,Oldham,456,456,0.5507246376811594,0.2850877192982456,0.0,0.0,0.40789473684210525
E01005370,Oldham 032C,Oldham,499,499,0.628463476070529,0.11022044088176353,0.0,0.0,0.3627254509018036
E01005371,Oldham 032D,Oldham,305,305,0.5058043117744611,0.09836065573770492,0.0,0.0,0.4885245901639344
E01005372,Oldham 034A,Oldham,186,186,0.34831460674157305,0.0,0.0,0.0,0.6559139784946236
E01005373,Oldham 034B,Oldham,150,150,0.29469548133595286,0.040000000000000036,0.0,0.0,0.66
E01005374,Oldham 034C,Oldham,304,304,0.4919093851132686,0.006578947368421018,0.0,0.0,0.48026315789473684
E01005375,Oldham 034D,Oldham,163,163,0.2531055900621118,0.006134969325153339,0.0,0.0,0.6319018404907976
E01005376,Oldham 031D,Oldham,246,246,0.43006993006993005,0.0,0.004065040650406471,0.0,0.4146341463414634
E01005377,Oldham 030A,Oldham,293,293,0.4628751974723539,0.3890784982935154,0.0,0.0,0.28668941979522183
E01005378,Oldham 031E,Oldham,276,276,0.416289592760181,0.0,0.0,0.0,0.6195652173913043
E01005379,Oldham 030B,Oldham,270,270,0.5590062111801242,0.007407407407407418,0.0,0.0,0.5518518518518518
E01005380,Oldham 030C,Oldham,151,151,0.2887189292543021,0.039735099337748325,0.0,0.0,0.5231788079470199
E01005381,Oldham 027D,Oldham,380,380,0.5006587615283268,0.19210526315789478,0.0,0.0,0.25
E01005382,Oldham 030D,Oldham,280,280,0.42879019908116384,0.0035714285714285587,0.0,0.0,0.49642857142857144
E01005383,Oldham 026A,Oldham,251,251,0.3545197740112994,0.0,0.0,0.0,0.5697211155378487
E01005386,Oldham 026D,Oldham,290,290,0.44891640866873067,0.0,0.0,0.0,0.2655172413793103
E01005387,Oldham 018A,Oldham,242,242,0.378125,0.0,0.0,0.0,0.6363636363636364
E01005388,Oldham 018B,Oldham,189,189,0.3230769230769231,0.0,0.0,0.0,0.6137566137566137
E01005389,Oldham 018C,Oldham,378,378,0.4839948783610755,0.013227513227513255,0.0,0.0,0.41005291005291006
E01005390,Oldham 004A,Oldham,175,175,0.28735632183908044,0.0,0.0,0.0,0.6057142857142858
E01005391,Oldham 008A,Oldham,190,190,0.2896341463414634,0.02631578947368418,0.0,0.0,0.6526315789473685
E01005392,Oldham 008B,Oldham,457,457,0.5655940594059405,0.05251641137855578,0.0,0.0,0.3741794310722101
E01005393,Oldham 008C,Oldham,153,153,0.287593984962406,0.04575163398692805,0.0,0.0,0.5490196078431373
E01005394,Oldham 004B,Oldham,212,212,0.3302180685358255,0.004716981132075526,0.0,0.0,0.5943396226415094
E01005395,Oldham 004C,Oldham,182,182,0.29213483146067415,0.01098901098901095,0.0,0.0,0.6813186813186813
E01005396,Oldham 004D,Oldham,196,196,0.3396880415944541,0.0,0.0,0.0,0.5153061224489796
E01005397,Oldham 009A,Oldham,298,298,0.4869281045751634,0.016778523489932917,0.0,0.0,0.436241610738255
E01005398,Oldham 009B,Oldham,273,273,0.4050445103857567,0.0,0.0,0.0,0.6263736263736264
E01005399,Oldham 005C,Oldham,292,292,0.41068917018284107,0.003424657534246589,0.0,0.0,0.4931506849315068
E01005400,Oldham 009C,Oldham,352,352,0.44221105527638194,0.06818181818181823,0.0,0.0,0.3693181818181818
E01005401,Oldham 008D,Oldham,214,214,0.3142437591776799,0.09345794392523366,0.0,0.0,0.45794392523364486
E01005402,Oldham 009D,Oldham,275,275,0.41540785498489424,0.010909090909090868,0.0,0.0,0.5272727272727272
E01005403,Oldham 005D,Oldham,276,276,0.3988439306358382,0.08333333333333337,0.0036231884057971175,0.0,0.34782608695652173
E01005406,Oldham 021A,Oldham,182,182,0.3111111111111111,0.01098901098901095,0.0,0.0,0.6978021978021978
E01005407,Oldham 013A,Oldham,256,256,0.340878828229028,0.05078125,0.0,0.0,0.48828125
E01005408,Oldham 020C,Oldham,339,339,0.3808988764044944,0.05604719764011801,0.0,0.0,0.40412979351032446
E01005409,Oldham 020D,Oldham,221,221,0.33484848484848484,0.04524886877828049,0.0,0.0,0.7375565610859729
E01005410,Oldham 006A,Oldham,168,168,0.2692307692307692,0.059523809523809534,0.0,0.0,0.5833333333333334
E01005411,Oldham 006B,Oldham,287,287,0.389945652173913,0.04181184668989546,0.0,0.0,0.4808362369337979
E01005412,Oldham 013B,Oldham,299,299,0.3770491803278688,0.02006688963210701,0.0,0.0,0.568561872909699
E01005413,Oldham 021B,Oldham,178,178,0.2772585669781931,0.0,0.0,0.0,0.601123595505618
E01005414,Oldham 006C,Oldham,195,195,0.3482142857142857,0.02564102564102566,0.0,0.0,0.6923076923076923
E01005415,Oldham 006D,Oldham,165,165,0.322265625,0.012121212121212088,0.0,0.0,0.6545454545454545
E01005416,Oldham 013C,Oldham,257,257,0.38244047619047616,0.16342412451361865,0.0,0.0,0.5486381322957199
E01005417,Oldham 013D,Oldham,200,200,0.3110419906687403,0.025000000000000022,0.0,0.0,0.71
E01005418,Oldham 018D,Oldham,163,163,0.2725752508361204,0.030674846625766916,0.0,0.0,0.6380368098159509
E01005419,Oldham 021C,Oldham,236,236,0.36085626911314983,0.008474576271186418,0.0,0.0,0.5423728813559322
E01005420,Oldham 021D,Oldham,281,281,0.37667560321715815,0.007117437722419906,0.0,0.0,0.5373665480427047
E01005421,Oldham 011A,Oldham,359,359,0.4656290531776913,0.011142061281337101,0.0,0.0,0.5376044568245125
E01005422,Oldham 011B,Oldham,254,254,0.48565965583174,0.0,0.0,0.0,0.6968503937007874
E01005427,Oldham 022C,Oldham,142,142,0.27897838899803534,0.0,0.0,0.0,0.6197183098591549
E01005428,Oldham 019A,Oldham,257,257,0.48674242424242425,0.0,0.0,0.0,0.7626459143968871
E01005429,Oldham 022D,Oldham,155,155,0.3354978354978355,0.0,0.0,0.0,0.6
E01005430,Oldham 022E,Oldham,285,285,0.3969359331476323,0.0,0.0035087719298245723,0.0,0.6666666666666666
E01005431,Oldham 019B,Oldham,327,327,0.4698275862068966,0.0,0.0,0.0,0.6666666666666666
E01005432,Oldham 014C,Oldham,348,348,0.5028901734104047,0.08045977011494254,0.0,0.0,0.34195402298850575
E01005433,Oldham 014D,Oldham,488,488,0.5219251336898396,0.26024590163934425,0.0,0.0,0.38524590163934425
E01005434,Oldham 024B,Oldham,502,502,0.6338383838383839,0.03984063745019917,0.0,0.0,0.38645418326693226
E01005435,Oldham 037B,Oldham,166,166,0.3346774193548387,0.0,0.0,0.0,0.7168674698795181
E01005436,Oldham 037D,Oldham,180,180,0.3488372093023256,0.05555555555555558,0.0,0.0,0.6333333333333333
E01005437,Oldham 024C,Oldham,176,176,0.3235294117647059,0.0,0.0,0.0,0.6988636363636364
E01005438,Oldham 029E,Oldham,470,470,0.46859421734795614,0.0,0.0,0.0,0.5425531914893617
E01005439,Oldham 030E,Oldham,260,260,0.39938556067588327,0.01538461538461533,0.0,0.0,0.6461538461538462
E01005440,Oldham 033D,Oldham,261,261,0.40215716486902925,0.10344827586206895,0.0,0.0,0.31800766283524906
E01005441,Oldham 002A,Oldham,295,295,0.39280958721704395,0.003389830508474523,0.0,0.0,0.3864406779661017
E01005442,Oldham 002B,Oldham,146,146,0.2512908777969019,0.0,0.0,0.0,0.5958904109589042
E01005443,Oldham 003B,Oldham,126,126,0.23247232472324722,0.0,0.0,0.0,0.5793650793650794
E01005444,Oldham 002C,Oldham,242,242,0.3661119515885023,0.008264462809917328,0.0,0.0,0.5826446280991735
E01005445,Oldham 002D,Oldham,353,353,0.5332326283987915,0.022662889518413554,0.0,0.0,0.6005665722379604
E01005446,Oldham 003C,Oldham,252,252,0.42495784148397975,0.007936507936507908,0.0,0.0,0.5476190476190477
E01005447,Oldham 003D,Oldham,360,360,0.5,0.0,0.0,0.0,0.3972222222222222
E01005448,Oldham 012A,Oldham,376,376,0.5074224021592443,0.0,0.0,0.0,0.40691489361702127
E01005449,Oldham 012B,Oldham,348,348,0.5110132158590308,0.1724137931034483,0.0,0.0,0.33620689655172414
E01005450,Oldham 019C,Oldham,301,301,0.4499252615844544,0.0,0.0,0.0,0.6112956810631229
E01005451,Oldham 019D,Oldham,200,200,0.4032258064516129,0.04500000000000004,0.0,0.0,0.465
E01005452,Oldham 007C,Oldham,131,131,0.24304267161410018,0.06870229007633588,0.0,0.0,0.5572519083969466
E01005453,Oldham 007D,Oldham,260,260,0.40752351097178685,0.35,0.0,0.0,0.36538461538461536
E01005454,Oldham 012C,Oldham,178,178,0.3117338003502627,0.022471910112359605,0.0,0.0,0.5112359550561798
E01005455,Oldham 012D,Oldham,203,203,0.3344316309719934,0.0,0.0,0.0,0.5911330049261084
E01005456,Oldham 012E,Oldham,371,371,0.48623853211009177,0.010781671159029615,0.0,0.0,0.49595687331536387
E01005459,Oldham 024D,Oldham,191,191,0.3970893970893971,0.12041884816753923,0.0,0.0,0.3036649214659686
E01005460,Oldham 036C,Oldham,265,265,0.32396088019559904,0.0,0.0,0.0,0.5132075471698113
E01005461,Oldham 037A,Oldham,205,205,0.3540587219343696,0.07317073170731703,0.0,0.0,0.6097560975609756
E01005462,Oldham 037C,Oldham,264,264,0.42038216560509556,0.15909090909090906,0.0,0.0,0.553030303030303
E01005463,Oldham 036D,Oldham,170,170,0.33268101761252444,0.00588235294117645,0.0,0.0,0.3588235294117647
E01032556,Oldham 026E,Oldham,238,238,0.35469448584202684,0.050420168067226934,0.0,0.0,0.6050420168067226
E01032557,Oldham 026F,Oldham,360,360,0.47058823529411764,0.0,0.0,0.0,0.425
E01032558,Oldham 007E,Oldham,308,308,0.47022900763358777,0.12662337662337664,0.0,0.0,0.2305194805194805
E01032559,Oldham 007F,Oldham,336,336,0.33201581027667987,0.005952380952380931,0.0,0.0,0.3898809523809524
E01032920,Oldham 011E,Oldham,477,477,0.45,0.12997903563941304,0.0,0.0,0.35639412997903563
E01032922,Oldham 020E,Oldham,338,338,0.31588785046728973,0.00295857988165682,0.0,0.0,0.5976331360946746
E01034232,Oldham 036A,Oldham,194,194,0.44803695150115475,0.15463917525773196,0.0,0.0,0.29381443298969073
E01034233,Oldham 036B,Oldham,198,198,0.4593967517401392,0.101010101010101,0.0,0.0,0.45454545454545453
E01005464,Rochdale 016A,Rochdale,297,297,0.44728915662650603,0.023569023569023573,0.0,0.0,0.39730639730639733
E01005465,Rochdale 016B,Rochdale,483,483,0.6075471698113207,0.1594202898550725,0.0,0.0,0.3250517598343685
E01005466,Rochdale 016C,Rochdale,718,718,0.7053045186640472,0.09470752089136492,0.01949860724233987,0.0,0.18523676880222842
E01005467,Rochdale 016D,Rochdale,472,472,0.5679903730445247,0.15042372881355937,0.0,0.0,0.3389830508474576
E01005468,Rochdale 016E,Rochdale,338,338,0.40625,0.4674556213017751,0.0,0.0,0.3076923076923077
E01005469,Rochdale 012A,Rochdale,241,241,0.35131195335276966,0.0,0.0,0.0,0.6639004149377593
E01005470,Rochdale 015A,Rochdale,175,175,0.3424657534246575,0.005714285714285672,0.0,0.0,0.6285714285714286
E01005471,Rochdale 015B,Rochdale,212,212,0.37258347978910367,0.0,0.0,0.0,0.6367924528301887
E01005472,Rochdale 010A,Rochdale,350,350,0.5311077389984825,0.0,0.0,0.0,0.47714285714285715
E01005473,Rochdale 010B,Rochdale,220,220,0.4339250493096647,0.0,0.0,0.0,0.5454545454545454
E01005474,Rochdale 011A,Rochdale,187,187,0.3920335429769392,0.0,0.0,0.0,0.6737967914438503
E01005475,Rochdale 015C,Rochdale,268,268,0.4504201680672269,0.0,0.0,0.0,0.48880597014925375
E01005476,Rochdale 017A,Rochdale,306,306,0.3938223938223938,0.06862745098039214,0.0,0.0,0.4117647058823529
E01005477,Rochdale 017B,Rochdale,463,463,0.5447058823529412,0.056155507559395246,0.0,0.0,0.4557235421166307
E01005478,Rochdale 017C,Rochdale,232,232,0.34626865671641793,0.008620689655172376,0.0,0.0,0.5603448275862069
E01005479,Rochdale 017D,Rochdale,300,300,0.3821656050955414,0.18666666666666665,0.0,0.0,0.4666666666666667
E01005480,Rochdale 017E,Rochdale,423,423,0.5899581589958159,0.0023640661938534313,0.0,0.0,0.2978723404255319
E01005481,Rochdale 017F,Rochdale,291,291,0.49743589743589745,0.0,0.0,0.0,0.3333333333333333
E01005482,Rochdale 010C,Rochdale,888,888,0.9944008958566629,0.03153153153153154,0.005630630630630629,0.0,0.2376126126126126
E01005483,Rochdale 010D,Rochdale,286,286,0.5107142857142857,0.06643356643356646,0.0,0.0,0.5559440559440559
E01005484,Rochdale 010E,Rochdale,506,506,0.6520618556701031,0.0,0.0,0.0,0.2826086956521739
E01005485,Rochdale 015D,Rochdale,363,363,0.5393759286775631,0.0633608815426997,0.0,0.0,0.5785123966942148
E01005486,Rochdale 010F,Rochdale,306,306,0.51,0.016339869281045805,0.0,0.0,0.48366013071895425
E01005487,Rochdale 010G,Rochdale,289,289,0.4948630136986301,0.0,0.0,0.0,0.6262975778546713
E01005488,Rochdale 006A,Rochdale,188,188,0.3219178082191781,0.0,0.0,0.0,0.5159574468085106
E01005489,Rochdale 005A,Rochdale,151,151,0.2984189723320158,0.0,0.0,0.0,0.5827814569536424
E01005490,Rochdale 005B,Rochdale,193,193,0.4562647754137116,0.0,0.0,0.0,0.49222797927461137
E01005491,Rochdale 005C,Rochdale,300,300,0.44052863436123346,0.0,0.0,0.0,0.5
E01005492,Rochdale 006B,Rochdale,203,203,0.3284789644012945,0.0,0.0,0.0,0.6896551724137931
E01005493,Rochdale 005D,Rochdale,265,265,0.37011173184357543,0.04150943396226414,0.0,0.0,0.5018867924528302
E01005494,Rochdale 005E,Rochdale,294,294,0.4123422159887798,0.03401360544217691,0.0,0.0,0.46598639455782315
E01005495,Rochdale 005F,Rochdale,256,256,0.36623748211731044,0.0,0.0,0.0,0.515625
E01005496,Rochdale 009A,Rochdale,287,287,0.5705765407554672,0.0,0.0,0.0,0.44947735191637633
E01005497,Rochdale 018A,Rochdale,418,418,0.5588235294117647,0.11483253588516751,0.0,0.0,0.2727272727272727
E01005498,Rochdale 020A,Rochdale,220,220,0.37037037037037035,0.009090909090909038,0.0,0.0,0.5363636363636364
E01005499,Rochdale 006C,Rochdale,248,248,0.363103953147877,0.06451612903225812,0.012096774193548376,0.0,0.6209677419354839
E01005500,Rochdale 020B,Rochdale,247,247,0.38354037267080743,0.01619433198380571,0.0,0.0,0.5870445344129555
E01005501,Rochdale 018B,Rochdale,591,591,0.5939698492462312,0.06768189509306266,0.0,0.0,0.3350253807106599
E01005502,Rochdale 018C,Rochdale,365,365,0.5367647058823529,0.0,0.0,0.0,0.5671232876712329
E01005503,Rochdale 020C,Rochdale,138,138,0.26136363636363635,0.0,0.0,0.0,0.5217391304347826
E01005504,Rochdale 018D,Rochdale,321,321,0.45211267605633804,0.2429906542056075,0.0,0.0,0.3582554517133956
E01005505,Rochdale 018E,Rochdale,299,299,0.31113423517169614,0.006688963210702337,0.0,0.0,0.45484949832775917
E01005506,Rochdale 020D,Rochdale,240,240,0.36809815950920244,0.0,0.0,0.0,0.44166666666666665
E01005507,Rochdale 020E,Rochdale,369,369,0.37538148524923703,0.15989159891598914,0.0,0.0,0.4444444444444444
E01005508,Rochdale 020F,Rochdale,336,336,0.42585551330798477,0.0029761904761904656,0.0,0.0,0.31845238095238093
E01005509,Rochdale 018F,Rochdale,356,356,0.49375866851595007,0.002808988764044895,0.0,0.0,0.27808988764044945
E01005510,Rochdale 019A,Rochdale,92,92,0.2076749435665914,0.0,0.0,0.0,0.5978260869565217
E01005511,Rochdale 019B,Rochdale,135,135,0.27494908350305497,0.029629629629629672,0.0,0.0,0.5185185185185185
E01005512,Rochdale 019C,Rochdale,299,299,0.45098039215686275,0.0033444816053511683,0.0,0.0,0.45484949832775917
E01005513,Rochdale 019D,Rochdale,387,387,0.6133122028526149,0.0852713178294574,0.0,0.0,0.627906976744186
E01005514,Rochdale 019E,Rochdale,376,376,0.4814340588988476,0.058510638297872286,0.0,0.0,0.4787234042553192
E01005515,Rochdale 019F,Rochdale,425,425,0.6213450292397661,0.028235294117647025,0.0,0.0,0.4447058823529412
E01005516,Rochdale 003A,Rochdale,144,144,0.27586206896551724,0.0,0.0,0.0,0.6875
E01005517,Rochdale 003B,Rochdale,199,199,0.3090062111801242,0.01005025125628145,0.0,0.0,0.5829145728643216
E01005518,Rochdale 001A,Rochdale,260,260,0.3869047619047619,0.16153846153846152,0.0,0.0,0.4846153846153846
E01005519,Rochdale 002A,Rochdale,193,193,0.3107890499194847,0.0,0.0,0.0,0.538860103626943
E01005520,Rochdale 001B,Rochdale,282,282,0.35031055900621116,0.007092198581560294,0.0,0.0,0.5602836879432624
E01005521,Rochdale 003C,Rochdale,248,248,0.3684992570579495,0.12903225806451613,0.0,0.0,0.5524193548387096
E01005522,Rochdale 001C,Rochdale,393,393,0.5110533159947984,0.06870229007633588,0.0,0.0,0.4529262086513995
E01005523,Rochdale 001D,Rochdale,374,374,0.4634448574969021,0.0,0.0,0.0,0.3609625668449198
E01005524,Rochdale 021A,Rochdale,235,235,0.3802588996763754,0.03404255319148941,0.0,0.0,0.4978723404255319
E01005525,Rochdale 021B,Rochdale,449,449,0.5239206534422404,0.18262806236080176,0.0,0.0,0.2739420935412027
E01005526,Rochdale 021C,Rochdale,536,536,0.6767676767676768,0.18843283582089554,0.0,0.0,0.16417910447761194
E01005527,Rochdale 022A,Rochdale,612,612,0.7427184466019418,0.315359477124183,0.0,0.0,0.09477124183006536
E01005528,Rochdale 021D,Rochdale,271,271,0.405688622754491,0.09963099630996308,0.0,0.0,0.45387453874538747
E01005529,Rochdale 022B,Rochdale,329,329,0.44161073825503355,0.006079027355623046,0.0,0.0,0.1884498480243161
E01005530,Rochdale 025A,Rochdale,180,180,0.28391167192429023,0.02777777777777779,0.0,0.0,0.6666666666666666
E01005531,Rochdale 025B,Rochdale,178,178,0.34563106796116505,0.0,0.0,0.0,0.42696629213483145
E01005532,Rochdale 025C,Rochdale,287,287,0.4289985052316891,0.017421602787456414,0.0,0.0,0.2264808362369338
E01005533,Rochdale 024A,Rochdale,317,317,0.39526184538653364,0.028391167192429068,0.0,0.0,0.4668769716088328
E01005534,Rochdale 023A,Rochdale,268,268,0.43086816720257237,0.0,0.0,0.0,0.3358208955223881
E01005535,Rochdale 023B,Rochdale,302,302,0.46390168970814133,0.0298013245033113,0.0,0.0,0.4271523178807947
E01005536,Rochdale 021E,Rochdale,381,381,0.5594713656387665,0.06036745406824151,0.0,0.0,0.37270341207349084
E01005537,Rochdale 023C,Rochdale,155,155,0.2767857142857143,0.0,0.0,0.0,0.535483870967742
E01005538,Rochdale 023D,Rochdale,227,227,0.4010600706713781,0.004405286343612369,0.0,0.0,0.3744493392070485
E01005539,Rochdale 024B,Rochdale,321,321,0.48125937031484256,0.05607476635514019,0.0,0.0,0.4143302180685358
E01005540,Rochdale 023E,Rochdale,382,382,0.6474576271186441,0.0759162303664922,0.0,0.0,0.24607329842931938
E01005541,Rochdale 023F,Rochdale,257,257,0.3703170028818444,0.0,0.0,0.0,0.5719844357976653
E01005542,Rochdale 023G,Rochdale,333,333,0.4757142857142857,0.2702702702702703,0.0,0.0,0.30930930930930933
E01005543,Rochdale 021F,Rochdale,148,148,0.28793774319066145,0.0,0.0,0.0,0.6148648648648649
E01005544,Rochdale 025D,Rochdale,191,191,0.32593856655290104,0.005235602094240788,0.0,0.0,0.675392670157068
E01005545,Rochdale 025E,Rochdale,151,151,0.3132780082987552,0.0,0.0,0.0,0.5894039735099338
E01005546,Rochdale 024C,Rochdale,200,200,0.3241491085899514,0.0050000000000000044,0.0,0.0,0.38
E01005547,Rochdale 024D,Rochdale,338,338,0.461118690313779,0.050295857988165715,0.0,0.0,0.42011834319526625
E01005548,Rochdale 024E,Rochdale,257,257,0.41252006420545745,0.0038910505836575737,0.0,0.0,0.3035019455252918
E01005549,Rochdale 025F,Rochdale,168,168,0.2847457627118644,0.005952380952380931,0.0,0.0,0.7380952380952381
E01005550,Rochdale 025G,Rochdale,199,199,0.3225283630470016,0.005025125628140725,0.0,0.0,0.7437185929648241
E01005551,Rochdale 022C,Rochdale,462,462,0.5579710144927537,0.06060606060606055,0.1558441558441559,0.0,0.10173160173160173
E01005552,Rochdale 022D,Rochdale,484,484,0.5444319460067492,0.0,0.0,0.0,0.19834710743801653
E01005553,Rochdale 022E,Rochdale,338,338,0.43953185955786733,0.00295857988165682,0.0,0.0,0.2958579881656805
E01005554,Rochdale 022F,Rochdale,421,421,0.4805936073059361,0.4560570071258907,0.0,0.0,0.19477434679334918
E01005555,Rochdale 014A,Rochdale,175,175,0.31876138433515483,0.06285714285714283,0.0,0.0,0.52
E01005556,Rochdale 013A,Rochdale,287,287,0.41117478510028654,0.13937282229965153,0.0,0.0,0.519163763066202
E01005557,Rochdale 014B,Rochdale,114,114,0.22937625754527163,0.0,0.0,0.0,0.7368421052631579
E01005558,Rochdale 014C,Rochdale,255,255,0.3627311522048364,0.0,0.0,0.0,0.5333333333333333
E01005559,Rochdale 013B,Rochdale,313,313,0.4706766917293233,0.0031948881789137795,0.0,0.0,0.3514376996805112
E01005560,Rochdale 013C,Rochdale,248,248,0.3589001447178003,0.0040322580645161255,0.0,0.0,0.6370967741935484
E01005561,Rochdale 014D,Rochdale,251,251,0.386748844375963,0.21912350597609564,0.0,0.0,0.450199203187251
E01005562,Rochdale 014E,Rochdale,236,236,0.3465491923641703,0.004237288135593209,0.0,0.0,0.5
E01005563,Rochdale 012B,Rochdale,346,346,0.4893917963224894,0.15895953757225434,0.0,0.0,0.5115606936416185
E01005564,Rochdale 015E,Rochdale,441,441,0.5991847826086957,0.2222222222222222,0.0,0.0,0.38095238095238093
E01005565,Rochdale 012C,Rochdale,174,174,0.32645403377110693,0.011494252873563204,0.0,0.0,0.3620689655172414
E01005566,Rochdale 012D,Rochdale,368,368,0.4444444444444444,0.029891304347826053,0.0,0.0,0.38315217391304346
E01005567,Rochdale 013D,Rochdale,271,271,0.3353960396039604,0.11439114391143912,0.0,0.0,0.3726937269372694
E01005568,Rochdale 012E,Rochdale,266,266,0.40735068912710565,0.09774436090225569,0.0,0.0,0.2781954887218045
E01005569,Rochdale 012F,Rochdale,239,239,0.37285491419656785,0.004184100418409997,0.0,0.0,0.3598326359832636
E01005570,Rochdale 007A,Rochdale,193,193,0.32767402376910015,0.015544041450777257,0.0,0.0,0.6321243523316062
E01005571,Rochdale 006D,Rochdale,242,242,0.3328748280605227,0.14876033057851235,0.0,0.0,0.49173553719008267
E01005572,Rochdale 007B,Rochdale,185,185,0.29505582137161085,0.00540540540540535,0.0,0.0,0.6432432432432432
E01005573,Rochdale 007C,Rochdale,175,175,0.3108348134991119,0.017142857142857126,0.0,0.0,0.5142857142857142
E01005574,Rochdale 007D,Rochdale,203,203,0.29292929292929293,0.014778325123152691,0.0,0.0,0.4975369458128079
E01005575,Rochdale 011B,Rochdale,286,286,0.3763157894736842,0.1048951048951049,0.0,0.0,0.534965034965035
E01005576,Rochdale 011C,Rochdale,172,172,0.3161764705882353,0.005813953488372103,0.0,0.0,0.6453488372093024
E01005577,Rochdale 011D,Rochdale,246,246,0.37962962962962965,0.03252032520325199,0.0,0.0,0.6463414634146342
E01005578,Rochdale 004A,Rochdale,224,224,0.4349514563106796,0.044642857142857095,0.0,0.0,0.3705357142857143
E01005579,Rochdale 004B,Rochdale,260,260,0.47358834244080145,0.050000000000000044,0.0,0.0,0.5038461538461538
E01005580,Rochdale 008A,Rochdale,266,266,0.4602076124567474,0.018796992481203034,0.0,0.0,0.575187969924812
E01005581,Rochdale 008B,Rochdale,356,356,0.49444444444444446,0.2134831460674157,0.0,0.0,0.41292134831460675
E01005583,Rochdale 008D,Rochdale,221,221,0.425,0.06334841628959276,0.0,0.0,0.39819004524886875
E01005585,Rochdale 008F,Rochdale,244,244,0.488,0.22540983606557374,0.0,0.0,0.4713114754098361
E01005586,Rochdale 004C,Rochdale,376,376,0.5949367088607594,0.08776595744680848,0.0,0.0,0.2978723404255319
E01005587,Rochdale 007E,Rochdale,141,141,0.2737864077669903,0.0,0.0,0.0,0.49645390070921985
E01005588,Rochdale 007F,Rochdale,327,327,0.4969604863221885,0.006116207951070374,0.006116207951070374,0.0,0.44648318042813456
E01005589,Rochdale 009B,Rochdale,339,339,0.4714881780250348,0.05014749262536877,0.0,0.0,0.5250737463126843
E01005590,Rochdale 009C,Rochdale,214,214,0.3828264758497317,0.01869158878504673,0.0,0.0,0.5607476635514018
E01005591,Rochdale 009D,Rochdale,291,291,0.4442748091603053,0.05154639175257736,0.010309278350515427,0.0,0.5017182130584192
E01005592,Rochdale 009E,Rochdale,277,277,0.4533551554828151,0.0,0.0,0.0,0.4151624548736462
E01005593,Rochdale 004D,Rochdale,334,334,0.4435590969455511,0.20958083832335328,0.0,0.0,0.20359281437125748
E01005594,Rochdale 002B,Rochdale,196,196,0.327212020033389,0.0,0.0,0.0,0.5
E01005595,Rochdale 004E,Rochdale,379,379,0.5073627844712182,0.0079155672823219,0.0,0.0,0.22691292875989447
E01005596,Rochdale 003D,Rochdale,329,329,0.402200488997555,0.18237082066869303,0.0,0.0,0.42249240121580545
E01005597,Rochdale 002C,Rochdale,266,266,0.3216444981862152,0.19548872180451127,0.0,0.0,0.31203007518796994
E01005598,Rochdale 002D,Rochdale,214,214,0.311046511627907,0.009345794392523366,0.0,0.0,0.5514018691588785
E01034234,Rochdale 008H,Rochdale,201,201,0.4407894736842105,0.20895522388059706,0.0,0.0,0.48258706467661694
E01034235,Rochdale 008I,Rochdale,238,238,0.5042372881355932,0.20588235294117652,0.0,0.0,0.48739495798319327
E01005599,Salford 026A,Salford,434,434,0.49713631156930127,0.027649769585253448,0.0,0.0,0.38018433179723504
E01005600,Salford 026B,Salford,548,548,0.618510158013544,0.39598540145985406,0.0,0.0,0.24635036496350365
E01005601,Salford 026C,Salford,304,304,0.44837758112094395,0.003289473684210509,0.0,0.0,0.46710526315789475
E01005602,Salford 026D,Salford,516,516,0.581081081081081,0.41666666666666663,0.38372093023255816,0.0,0.5
E01005603,Salford 027A,Salford,416,416,0.5539280958721704,0.02163461538461542,0.0,0.0,0.5024038461538461
E01005604,Salford 027B,Salford,290,290,0.3988995873452545,0.02758620689655178,0.0,0.0,0.42758620689655175
E01005605,Salford 027C,Salford,394,394,0.5345997286295794,0.06852791878172593,0.0,0.0,0.4720812182741117
E01005610,Salford 034C,Salford,657,657,1.36875,0.3409436834094368,0.0,0.0,0.0365296803652968
E01005611,Salford 032C,Salford,648,648,0.6177311725452812,0.054012345679012363,0.0,0.0,0.3317901234567901
E01005612,Salford 031B,Salford,700,700,0.6628787878787878,0.05857142857142861,0.0,0.0,0.11428571428571428
E01005613,Salford 031A,Salford,604,604,0.6033966033966034,0.0,0.19370860927152322,0.0,0.4155629139072848
E01005614,Salford 031C,Salford,283,283,0.45792880258899676,0.0,0.0,0.0,0.4734982332155477
E01005615,Salford 032D,Salford,512,512,0.7485380116959064,0.001953125,0.0,0.0,0.64453125
E01005616,Salford 030A,Salford,210,210,0.3436988543371522,0.0,0.0,0.0,0.49523809523809526
E01005617,Salford 030B,Salford,195,195,0.3228476821192053,0.00512820512820511,0.0,0.0,0.7025641025641025
E01005618,Salford 030C,Salford,394,394,0.4306010928961749,0.043147208121827374,0.0,0.0,0.5076142131979695
E01005619,Salford 030D,Salford,200,200,0.3898635477582846,0.020000000000000018,0.0,0.0,0.635
E01005620,Salford 030E,Salford,433,433,0.4131679389312977,0.018475750577367167,0.0,0.0,0.418013856812933
E01005621,Salford 030F,Salford,396,396,0.5051020408163265,0.06818181818181823,0.0,0.0,0.351010101010101
E01005622,Salford 018A,Salford,340,340,0.5097451274362819,0.002941176470588225,0.0,0.0,0.6970588235294117
E01005623,Salford 018B,Salford,177,177,0.3597560975609756,0.0,0.0,0.0,0.8248587570621468
E01005624,Salford 017A,Salford,420,420,0.5769230769230769,0.12857142857142856,0.0,0.0,0.4452380952380952
E01005625,Salford 015A,Salford,213,213,0.35148514851485146,0.0,0.0,0.0,0.539906103286385
E01005626,Salford 018C,Salford,134,134,0.25918762088974856,0.007462686567164201,0.0,0.0,0.6716417910447762
E01005627,Salford 015B,Salford,133,133,0.2817796610169492,0.0,0.0,0.0,0.6015037593984962
E01005628,Salford 018D,Salford,327,327,0.4947049924357035,0.0,0.0,0.0,0.5779816513761468
E01005629,Salford 021A,Salford,329,329,0.491044776119403,0.15805471124620063,0.0,0.0,0.47416413373860183
E01005630,Salford 021B,Salford,264,264,0.4080370942812983,0.0037878787878787845,0.0,0.0,0.5946969696969697
E01005631,Salford 020A,Salford,793,793,0.7603068072866731,0.519546027742749,0.4728877679697352,0.0,0.4451450189155107
E01005632,Salford 020B,Salford,555,555,0.49731182795698925,0.19279279279279282,0.0,0.0,0.3063063063063063
E01005633,Salford 020C,Salford,205,205,0.3394039735099338,0.0536585365853659,0.0,0.0,0.35609756097560974
E01005634,Salford 020D,Salford,231,231,0.34684684684684686,0.1255411255411255,0.0,0.0,0.6233766233766234
E01005635,Salford 020E,Salford,362,362,0.5323529411764706,0.04143646408839774,0.0,0.0,0.6270718232044199
E01005636,Salford 020F,Salford,321,321,0.4559659090909091,0.034267912772585674,0.0,0.0,0.37383177570093457
E01005637,Salford 020G,Salford,331,331,0.5030395136778115,0.024169184290030232,0.0,0.0,0.525679758308157
E01005638,Salford 027D,Salford,551,551,0.5657084188911704,0.2323049001814882,0.0,0.0,0.38656987295825773
E01005639,Salford 029A,Salford,227,227,0.3996478873239437,0.0,0.0,0.0,0.21585903083700442
E01005640,Salford 029B,Salford,192,192,0.3622641509433962,0.0,0.0,0.0,0.4635416666666667
E01005641,Salford 029C,Salford,255,255,0.41262135922330095,0.0,0.0,0.0,0.5176470588235295
E01005642,Salford 029D,Salford,140,140,0.27613412228796846,0.0,0.0,0.0,0.4714285714285714
E01005643,Salford 029E,Salford,226,226,0.3398496240601504,0.013274336283185861,0.0,0.0,0.6460176991150443
E01005644,Salford 029F,Salford,219,219,0.36019736842105265,0.0,0.0,0.0,0.5525114155251142
E01005645,Salford 029G,Salford,159,159,0.26903553299492383,0.0,0.0,0.0,0.5849056603773585
E01005646,Salford 010A,Salford,297,297,0.5370705244122965,0.010101010101010055,0.0,0.0,0.3838383838383838
E01005647,Salford 011A,Salford,348,348,0.5576923076923077,0.005747126436781658,0.0,0.0,0.4482758620689655
E01005648,Salford 011B,Salford,516,516,0.50390625,0.046511627906976716,0.0,0.0,0.45348837209302323
E01005649,Salford 010B,Salford,340,340,0.5255023183925811,0.0,0.0,0.0,0.47352941176470587
E01005650,Salford 010C,Salford,407,407,0.6439873417721519,0.039312039312039304,0.0,0.0,0.3882063882063882
E01005651,Salford 010D,Salford,252,252,0.4548736462093863,0.0,0.0,0.0,0.48412698412698413
E01005652,Salford 011C,Salford,261,261,0.45869947275922673,0.0,0.0,0.0,0.39080459770114945
E01005653,Salford 011D,Salford,390,390,0.657672849915683,0.00512820512820511,0.0,0.0,0.5102564102564102
E01005654,Salford 023A,Salford,636,636,0.6898047722342733,0.10220125786163525,0.0,0.0,0.3663522012578616
E01005656,Salford 023B,Salford,433,433,0.6047486033519553,0.10854503464203236,0.0,0.0,0.46882217090069284
E01005657,Salford 023C,Salford,430,430,0.5740987983978638,0.0,0.0,0.0,0.513953488372093
E01005659,Salford 001A,Salford,363,363,0.5771065182829889,0.0633608815426997,0.0,0.0,0.3002754820936639
E01005660,Salford 001B,Salford,354,354,0.48360655737704916,0.008474576271186418,0.0,0.0,0.2401129943502825
E01005661,Salford 004A,Salford,312,312,0.41160949868073876,0.01602564102564108,0.0,0.0,0.32371794871794873
E01005662,Salford 004B,Salford,300,300,0.4716981132075472,0.046666666666666634,0.0,0.0,0.35
E01005663,Salford 001C,Salford,332,332,0.4955223880597015,0.1807228915662651,0.0,0.0,0.2469879518072289
E01005664,Salford 001D,Salford,317,317,0.5112903225806451,0.0,0.0,0.0,0.3312302839116719
E01005665,Salford 001E,Salford,445,445,0.5453431372549019,0.16404494382022472,0.0,0.0,0.12808988764044943
E01005667,Salford 035C,Salford,745,745,0.7218992248062015,0.10067114093959728,0.0,0.0,0.12483221476510067
E01005670,Salford 005A,Salford,359,359,0.4388753056234719,0.0,0.0,0.0,0.27298050139275765
E01005671,Salford 012A,Salford,359,359,0.47424042272126815,0.03899721448467963,0.0,0.0,0.3955431754874652
E01005672,Salford 005B,Salford,277,277,0.4533551554828151,0.0072202166064981865,0.0,0.0,0.6678700361010831
E01005673,Salford 008A,Salford,252,252,0.38239757207890746,0.12301587301587302,0.0,0.0,0.4365079365079365
E01005674,Salford 012B,Salford,238,238,0.38263665594855306,0.0,0.0,0.0,0.453781512605042
E01005676,Salford 005C,Salford,151,151,0.2730560578661845,0.0,0.0,0.0,0.5165562913907285
E01005677,Salford 005D,Salford,232,232,0.3406754772393539,0.0,0.0,0.0,0.5818965517241379
E01005678,Salford 008C,Salford,251,251,0.386748844375963,0.0,0.0,0.0,0.32669322709163345
E01005679,Salford 008D,Salford,398,398,0.6012084592145015,0.0,0.0,0.0,0.3442211055276382
E01005680,Salford 017B,Salford,364,364,0.45901639344262296,0.04670329670329665,0.0,0.0,0.42857142857142855
E01005681,Salford 024C,Salford,324,324,0.5890909090909091,0.021604938271604923,0.0,0.0,0.1697530864197531
E01005682,Salford 024D,Salford,405,405,0.4078549848942598,0.00987654320987652,0.0,0.0,0.05432098765432099
E01005683,Salford 017C,Salford,768,768,0.8658399098083427,0.11458333333333337,0.0,0.0,0.06770833333333333
E01005686,Salford 006A,Salford,304,304,0.4794952681388013,0.0,0.0,0.0,0.5361842105263158
E01005687,Salford 009A,Salford,358,358,0.4408866995073892,0.0,0.0,0.0,0.5418994413407822
E01005688,Salford 006B,Salford,213,213,0.3266871165644172,0.0,0.0,0.0,0.4788732394366197
E01005689,Salford 009B,Salford,400,400,0.7575757575757576,0.23250000000000004,0.0,0.0,0.2125
E01005690,Salford 009C,Salford,267,267,0.38583815028901736,0.03745318352059923,0.0,0.0,0.5543071161048689
E01005691,Salford 006C,Salford,244,244,0.362555720653789,0.0,0.0,0.0,0.5204918032786885
E01005692,Salford 006D,Salford,403,403,0.552054794520548,0.0,0.0,0.0,0.2803970223325062
E01005693,Salford 009D,Salford,220,220,0.3492063492063492,0.009090909090909038,0.0,0.0,0.5954545454545455
E01005694,Salford 012C,Salford,310,310,0.44992743105950656,0.06451612903225812,0.0,0.0,0.4290322580645161
E01005695,Salford 014A,Salford,179,179,0.28594249201277955,0.016759776536312887,0.0,0.0,0.5698324022346368
E01005696,Salford 012D,Salford,359,359,0.5049226441631505,0.19220055710306405,0.0,0.0,0.37604456824512533
E01005697,Salford 014B,Salford,210,210,0.3215926493108729,0.0,0.0,0.0,0.6666666666666666
E01005698,Salford 012E,Salford,412,412,0.5309278350515464,0.0024271844660194164,0.0,0.0,0.3300970873786408
E01005699,Salford 015C,Salford,208,208,0.2733245729303548,0.038461538461538436,0.0,0.0,0.6105769230769231
E01005700,Salford 012F,Salford,277,277,0.42290076335877863,0.0072202166064981865,0.0,0.0,0.5126353790613718
E01005701,Salford 015D,Salford,216,216,0.3016759776536313,0.06481481481481477,0.0,0.0,0.5092592592592593
E01005702,Salford 003A,Salford,609,609,0.5328083989501312,0.3004926108374384,0.0,0.0,0.20853858784893267
E01005703,Salford 002A,Salford,401,401,0.5318302387267905,0.004987531172069848,0.0,0.0,0.2518703241895262
E01005704,Salford 002B,Salford,235,235,0.398981324278438,0.0,0.0,0.0,0.49361702127659574
E01005706,Salford 002C,Salford,278,278,0.4231354642313546,0.03237410071942448,0.0,0.0,0.460431654676259
E01005707,Salford 003C,Salford,372,372,0.485006518904824,0.08064516129032262,0.0,0.0,0.2553763440860215
E01005708,Salford 002D,Salford,429,429,0.5925414364640884,0.037296037296037254,0.018648018648018683,0.0,0.3473193473193473
E01005709,Salford 004C,Salford,288,288,0.45714285714285713,0.0,0.0,0.0,0.20833333333333334
E01005710,Salford 004D,Salford,625,625,0.7431629013079667,0.3456,0.0,0.0,0.2048
E01005711,Salford 007A,Salford,251,251,0.3996815286624204,0.0,0.0,0.0,0.50199203187251
E01005712,Salford 007B,Salford,469,469,0.5563463819691578,0.24307036247334757,0.0,0.0,0.37100213219616207
E01005713,Salford 007C,Salford,249,249,0.3557142857142857,0.1887550200803213,0.0,0.0,0.5100401606425703
E01005714,Salford 007D,Salford,318,318,0.45493562231759654,0.23899371069182385,0.0,0.0,0.29874213836477986
E01005715,Salford 007E,Salford,289,289,0.3817701453104359,0.1349480968858131,0.0,0.0,0.5397923875432526
E01005716,Salford 013A,Salford,199,199,0.2952522255192878,0.025125628140703515,0.0,0.0,0.40703517587939697
E01005717,Salford 013B,Salford,192,192,0.34285714285714286,0.11458333333333337,0.0,0.0,0.3177083333333333
E01005718,Salford 007F,Salford,382,382,0.48050314465408805,0.01308900523560208,0.0,0.0,0.42408376963350786
E01005719,Salford 021C,Salford,634,634,0.6271018793273986,0.0,0.0,0.0,0.27287066246056785
E01005721,Salford 023D,Salford,360,360,0.45918367346938777,0.0,0.0,0.0,0.3527777777777778
E01005722,Salford 021E,Salford,489,489,0.6150943396226415,0.14723926380368102,0.0,0.0,0.3824130879345603
E01005723,Salford 021F,Salford,364,364,0.558282208588957,0.01098901098901095,0.0,0.0,0.26373626373626374
E01005724,Salford 021G,Salford,241,241,0.3789308176100629,0.0,0.0,0.0,0.4854771784232365
E01005725,Salford 019A,Salford,208,208,0.3734290843806104,0.0,0.0,0.0,0.27403846153846156
E01005726,Salford 019B,Salford,247,247,0.4016260162601626,0.020242914979757054,0.0,0.0,0.582995951417004
E01005727,Salford 019C,Salford,335,335,0.5169753086419753,0.0,0.0,0.0,0.5343283582089552
E01005728,Salford 019D,Salford,241,241,0.316688567674113,0.2406639004149378,0.0,0.0,0.5020746887966805
E01005729,Salford 025A,Salford,357,357,0.46005154639175255,0.0,0.0,0.0,0.22969187675070027
E01005730,Salford 025B,Salford,320,320,0.4383561643835616,0.0,0.0,0.0,0.446875
E01005731,Salford 025C,Salford,222,222,0.38209982788296043,0.0,0.0,0.0,0.2882882882882883
E01005732,Salford 025D,Salford,181,181,0.3315018315018315,0.0,0.0,0.0,0.3370165745856354
E01005733,Salford 019E,Salford,262,262,0.5292929292929293,0.0,0.0,0.0,0.5954198473282443
E01005734,Salford 013C,Salford,237,237,0.3792,0.012658227848101222,0.0,0.0,0.5021097046413502
E01005735,Salford 013D,Salford,146,146,0.24455611390284757,0.0,0.0,0.0,0.6301369863013698
E01005736,Salford 013E,Salford,217,217,0.3472,0.0,0.0,0.0,0.4930875576036866
E01005737,Salford 013F,Salford,206,206,0.34856175972927245,0.07766990291262132,0.0,0.0,0.529126213592233
E01005738,Salford 014C,Salford,296,296,0.3596597812879708,0.0033783783783783994,0.0,0.0,0.43243243243243246
E01005739,Salford 013G,Salford,332,332,0.4240102171136654,0.39156626506024095,0.0,0.0,0.29819277108433734
E01005740,Salford 014D,Salford,246,246,0.3504273504273504,0.008130081300813052,0.0,0.0,0.44308943089430897
E01005741,Salford 014E,Salford,246,246,0.35964912280701755,0.008130081300813052,0.0,0.0,0.4878048780487805
E01005742,Salford 014F,Salford,232,232,0.3493975903614458,0.0,0.0,0.0,0.5732758620689655
E01032684,Salford 034D,Salford,524,524,0.8291139240506329,0.17557251908396942,0.17557251908396942,0.0,0.31679389312977096
E01032906,Salford 034E,Salford,1947,1947,1.7093942054433713,0.3918849512069851,0.0,0.0,0.08063687724704674
E01032909,Salford 033F,Salford,2170,2170,2.084534101825168,0.5419354838709678,0.0889400921658986,0.0,0.05115207373271889
E01032912,Salford 035B,Salford,1517,1517,1.557494866529774,0.2709294660514173,0.0,0.0,0.07317073170731707
E01032914,Salford 035A,Salford,996,996,0.867595818815331,0.28212851405622486,0.0,0.0,0.13052208835341367
E01032915,Salford 036C,Salford,1538,1538,1.6257928118393234,0.14759427828348504,0.0,0.0,0.08517555266579974
E01033330,Salford 033E,Salford,556,556,0.6723095525997581,0.20143884892086328,0.026978417266187105,0.0,0.21762589928057555
E01033976,Salford 003D,Salford,396,396,0.4900990099009901,0.696969696969697,0.0,0.0,0.10606060606060606
E01033977,Salford 003E,Salford,254,254,0.4721189591078067,0.04330708661417326,0.0,0.0,0.3110236220472441
E01033978,Salford 008E,Salford,213,213,0.5246305418719212,0.0,0.0,0.0,0.26291079812206575
E01033979,Salford 008F,Salford,245,245,0.5235042735042735,0.5102040816326531,0.0,0.0,0.24489795918367346
E01033980,Salford 017G,Salford,624,624,1.4647887323943662,0.09935897435897434,0.0,0.0,0.1891025641025641
E01033981,Salford 017H,Salford,659,659,0.8941655359565808,0.0,0.0,0.0,0.3141122913505311
E01033982,Salford 021H,Salford,486,486,0.6394736842105263,0.24691358024691357,0.0,0.0,0.4403292181069959
E01033983,Salford 021I,Salford,538,538,0.840625,0.10780669144981414,0.0,0.0,0.22490706319702602
E01033984,Salford 024E,Salford,754,754,0.7570281124497992,0.1618037135278515,0.1724137931034483,0.0,0.17771883289124668
E01033985,Salford 032A,Salford,385,385,0.5729166666666666,0.11688311688311692,0.0,0.0,0.08311688311688312
E01033986,Salford 032B,Salford,437,437,0.6621212121212121,0.2860411899313501,0.0,0.0,0.016018306636155607
E01033987,Salford 033A,Salford,667,667,1.1460481099656357,0.5232383808095953,0.0,0.0,0.050974512743628186
E01033988,Salford 033B,Salford,1819,1819,2.1577698695136416,0.1951621770203409,0.0,0.0,0.0439802089059923
E01033989,Salford 033C,Salford,809,809,1.1932153392330382,0.40420271940667496,0.0,0.0,0.24598269468479605
E01033990,Salford 033D,Salford,974,974,1.466867469879518,0.4527720739219713,0.0,0.0,0.012320328542094456
E01033991,Salford 034A,Salford,964,964,1.220253164556962,0.6856846473029046,0.08817427385892118,0.0,0.1358921161825726
E01033992,Salford 034B,Salford,1841,1841,2.43841059602649,0.37370994024986426,0.4921238457360131,0.0,0.010320478001086366
E01033993,Salford 036A,Salford,992,992,1.1121076233183858,0.4032258064516129,0.0,0.0,0.06754032258064516
E01033994,Salford 036B,Salford,563,563,0.8824451410658307,0.5293072824156306,0.0,0.0,0.02664298401420959
E01033995,Salford 037A,Salford,1071,1071,1.5021037868162692,0.2082166199813259,0.0,0.0,0.014005602240896359
E01033996,Salford 037B,Salford,745,745,1.0552407932011332,0.5248322147651007,0.5234899328859061,0.0,0.06577181208053691
E01033997,Salford 037C,Salford,1250,1250,1.9968051118210863,0.26239999999999997,0.0,0.0,0.1048
E01033998,Salford 037D,Salford,855,855,1.143048128342246,0.8409356725146199,0.0,0.0,0.056140350877192984
E01033999,Salford 037E,Salford,506,506,0.7586206896551724,0.0039525691699604515,0.0,0.0,0.06521739130434782
E01005743,Stockport 009A,Stockport,178,178,0.31504424778761064,0.0,0.0,0.0,0.7584269662921348
E01005744,Stockport 009B,Stockport,243,243,0.36930091185410335,0.18930041152263377,0.0,0.0,0.4156378600823045
E01005745,Stockport 005A,Stockport,179,179,0.2993311036789298,0.0,0.0,0.0,0.6703910614525139
E01005746,Stockport 005B,Stockport,305,305,0.3885350318471338,0.059016393442622994,0.0,0.0,0.4098360655737705
E01005747,Stockport 005C,Stockport,172,172,0.2925170068027211,0.005813953488372103,0.0,0.0,0.7034883720930233
E01005748,Stockport 005D,Stockport,197,197,0.297583081570997,0.0,0.0,0.0,0.7208121827411168
E01005749,Stockport 009C,Stockport,230,230,0.31550068587105623,0.013043478260869601,0.0,0.0,0.5260869565217391
E01005750,Stockport 009D,Stockport,232,232,0.3319027181688126,0.0,0.0,0.0,0.7068965517241379
E01005751,Stockport 009E,Stockport,225,225,0.36585365853658536,0.022222222222222254,0.0,0.0,0.7288888888888889
E01005752,Stockport 012A,Stockport,266,266,0.4215530903328051,0.16165413533834583,0.0,0.0,0.37969924812030076
E01005753,Stockport 004A,Stockport,189,189,0.2735166425470333,0.0,0.0,0.0,0.43386243386243384
E01005754,Stockport 004B,Stockport,276,276,0.26640926640926643,0.0036231884057971175,0.0,0.0,0.32971014492753625
E01005755,Stockport 004C,Stockport,215,215,0.29902642559109877,0.0046511627906976605,0.0,0.0,0.5255813953488372
E01005756,Stockport 004D,Stockport,454,454,0.43653846153846154,0.5330396475770924,0.0,0.0,0.13656387665198239
E01005757,Stockport 014A,Stockport,279,279,0.38376891334250346,0.04659498207885304,0.0,0.0,0.6989247311827957
E01005759,Stockport 023A,Stockport,276,276,0.3796423658872077,0.1557971014492754,0.0,0.0,0.5
E01005760,Stockport 023B,Stockport,438,438,0.49716231555051077,0.08675799086757996,0.0,0.0,0.6187214611872146
E01005761,Stockport 026A,Stockport,196,196,0.3596330275229358,0.005102040816326481,0.0,0.0,0.6479591836734694
E01005762,Stockport 026B,Stockport,321,321,0.40125,0.36137071651090347,0.0,0.0,0.18691588785046728
E01005763,Stockport 026C,Stockport,201,201,0.31504702194357365,0.0,0.0,0.0,0.5174129353233831
E01005764,Stockport 016A,Stockport,308,308,0.3963963963963964,0.009740259740259716,0.0,0.0,0.7954545454545454
E01005765,Stockport 018A,Stockport,172,172,0.303886925795053,0.0,0.0,0.0,0.7790697674418605
E01005766,Stockport 014C,Stockport,441,441,0.550561797752809,0.17460317460317465,0.0,0.0,0.4671201814058957
E01005767,Stockport 028A,Stockport,195,195,0.32338308457711445,0.02051282051282055,0.0,0.0,0.7230769230769231
E01005768,Stockport 025A,Stockport,321,321,0.42292490118577075,0.4080996884735203,0.0,0.0,0.4392523364485981
E01005769,Stockport 022A,Stockport,425,425,0.5400254129606099,0.20470588235294118,0.0,0.0,0.5505882352941176
E01005770,Stockport 025B,Stockport,250,250,0.39308176100628933,0.028000000000000025,0.0,0.0,0.472
E01005771,Stockport 025C,Stockport,196,196,0.3487544483985765,0.15306122448979587,0.0,0.0,0.6581632653061225
E01005772,Stockport 028B,Stockport,190,190,0.3327495621716287,0.0,0.0,0.0,0.6736842105263158
E01005773,Stockport 028C,Stockport,228,228,0.3507692307692308,0.02631578947368418,0.0,0.0,0.5964912280701754
E01005774,Stockport 028D,Stockport,232,232,0.3178082191780822,0.0818965517241379,0.0,0.0,0.40948275862068967
E01005775,Stockport 025D,Stockport,235,235,0.3643410852713178,0.07234042553191489,0.0,0.0,0.6638297872340425
E01005776,Stockport 028E,Stockport,220,220,0.3554119547657512,0.054545454545454564,0.0,0.0,0.5954545454545455
E01005777,Stockport 034A,Stockport,231,231,0.326271186440678,0.0,0.0,0.0,0.7142857142857143
E01005778,Stockport 022B,Stockport,261,261,0.43283582089552236,0.019157088122605415,0.0,0.0,0.735632183908046
E01005779,Stockport 022C,Stockport,182,182,0.3100511073253833,0.0,0.0,0.0,0.7142857142857143
E01005780,Stockport 022D,Stockport,184,184,0.3256637168141593,0.0,0.0,0.0,0.657608695652174
E01005781,Stockport 022E,Stockport,403,403,0.4453038674033149,0.06203473945409432,0.0,0.0,0.47642679900744417
E01005782,Stockport 030A,Stockport,197,197,0.33907056798623064,0.13197969543147203,0.0,0.0,0.5888324873096447
E01005783,Stockport 030B,Stockport,187,187,0.25616438356164384,0.010695187165775444,0.0,0.0,0.5614973262032086
E01005784,Stockport 030C,Stockport,153,153,0.2802197802197802,0.0,0.0,0.0,0.5751633986928104
E01005785,Stockport 030D,Stockport,195,195,0.2959028831562974,0.0,0.0,0.0,0.7487179487179487
E01005786,Stockport 030E,Stockport,351,351,0.4349442379182156,0.46438746438746437,0.3846153846153846,0.0,0.3789173789173789
E01005787,Stockport 034B,Stockport,135,135,0.28125,0.014814814814814836,0.0,0.0,0.6296296296296297
E01005788,Stockport 034C,Stockport,214,214,0.3446054750402576,0.04672897196261683,0.0,0.0,0.5841121495327103
E01005789,Stockport 039A,Stockport,270,270,0.36885245901639346,0.1074074074074074,0.0,0.0,0.5407407407407407
E01005790,Stockport 034D,Stockport,144,144,0.2829076620825147,0.0,0.0,0.0,0.3125
E01005791,Stockport 039B,Stockport,190,190,0.29595015576323985,0.0,0.0,0.0,0.6736842105263158
E01005792,Stockport 041A,Stockport,172,172,0.2910321489001692,0.005813953488372103,0.0,0.0,0.6802325581395349
E01005793,Stockport 039C,Stockport,211,211,0.3365231259968102,0.028436018957345932,0.0,0.0,0.4976303317535545
E01005794,Stockport 041B,Stockport,138,138,0.2754491017964072,0.0,0.0,0.0,0.644927536231884
E01005795,Stockport 039D,Stockport,152,152,0.28733459357277885,0.013157894736842146,0.0,0.0,0.6513157894736842
E01005796,Stockport 039E,Stockport,121,121,0.24346076458752516,0.0,0.0,0.0,0.5950413223140496
E01005797,Stockport 023C,Stockport,315,315,0.46255506607929514,0.012698412698412653,0.0,0.0,0.707936507936508
E01005798,Stockport 027A,Stockport,374,374,0.4640198511166253,0.002673796791443861,0.0,0.0,0.5909090909090909
E01005799,Stockport 026D,Stockport,191,191,0.2732474964234621,0.005235602094240788,0.0,0.0,0.43455497382198954
E01005800,Stockport 023D,Stockport,241,241,0.3502906976744186,0.0,0.0,0.0,0.6182572614107884
E01005801,Stockport 027B,Stockport,421,421,0.47039106145251397,0.4346793349168646,0.0,0.0,0.4156769596199525
E01005802,Stockport 027C,Stockport,186,186,0.31,0.026881720430107503,0.0,0.0,0.8118279569892473
E01005803,Stockport 027D,Stockport,187,187,0.31534569983136596,0.0,0.0,0.0,0.6898395721925134
E01005804,Stockport 023E,Stockport,156,156,0.33548387096774196,0.0,0.0,0.0,0.7435897435897436
E01005805,Stockport 035A,Stockport,174,174,0.29591836734693877,0.005747126436781658,0.0,0.0,0.6551724137931034
E01005806,Stockport 033A,Stockport,145,145,0.29116465863453816,0.006896551724137945,0.0,0.0,0.6482758620689655
E01005807,Stockport 035B,Stockport,170,170,0.2715654952076677,0.0,0.0,0.0,0.7294117647058823
E01005808,Stockport 037A,Stockport,157,157,0.29734848484848486,0.006369426751592355,0.0,0.0,0.802547770700637
E01005809,Stockport 037B,Stockport,165,165,0.33,0.0060606060606061,0.0,0.0,0.6484848484848484
E01005810,Stockport 037C,Stockport,237,237,0.3580060422960725,0.00421940928270037,0.0,0.0,0.679324894514768
E01005811,Stockport 037D,Stockport,203,203,0.32273449920508746,0.0,0.0,0.0,0.5320197044334976
E01005812,Stockport 037E,Stockport,144,144,0.30062630480167013,0.02777777777777779,0.0,0.0,0.6944444444444444
E01005813,Stockport 033B,Stockport,193,193,0.32166666666666666,0.0,0.0,0.0,0.6735751295336787
E01005814,Stockport 033C,Stockport,156,156,0.2878228782287823,0.0,0.0,0.0,0.6474358974358975
E01005815,Stockport 033D,Stockport,166,166,0.2847341337907376,0.0060240963855421326,0.0,0.0,0.7289156626506024
E01005816,Stockport 016B,Stockport,308,308,0.43564356435643564,0.0,0.0,0.0,0.7564935064935064
E01005817,Stockport 016C,Stockport,287,287,0.4335347432024169,0.013937282229965153,0.0,0.0,0.7909407665505227
E01005818,Stockport 018B,Stockport,199,199,0.3618181818181818,0.01005025125628145,0.0,0.0,0.6984924623115578
E01005819,Stockport 018C,Stockport,187,187,0.2872503840245776,0.0,0.0,0.0,0.8021390374331551
E01005820,Stockport 018D,Stockport,221,221,0.3442367601246106,0.03619909502262442,0.0,0.0,0.8099547511312217
E01005821,Stockport 018E,Stockport,220,220,0.3303303303303303,0.0,0.0,0.0,0.7136363636363636
E01005822,Stockport 016D,Stockport,676,676,0.651252408477842,0.16272189349112431,0.0,0.0,0.3505917159763314
E01005823,Stockport 018F,Stockport,229,229,0.3243626062322946,0.0,0.0,0.0,0.5414847161572053
E01005824,Stockport 024A,Stockport,210,210,0.3425774877650897,0.0,0.0,0.0,0.680952380952381
E01005825,Stockport 019A,Stockport,327,327,0.4313984168865435,0.13149847094801226,0.0,0.0,0.5412844036697247
E01005826,Stockport 024B,Stockport,217,217,0.34281200631911535,0.10138248847926268,0.0,0.0,0.2903225806451613
E01005827,Stockport 024C,Stockport,232,232,0.31521739130434784,0.18965517241379315,0.0,0.0,0.5474137931034483
E01005828,Stockport 024D,Stockport,251,251,0.44190140845070425,0.0,0.08764940239043828,0.0,0.4820717131474104
E01005829,Stockport 024E,Stockport,138,138,0.2787878787878788,0.0,0.0,0.0,0.5507246376811594
E01005830,Stockport 027E,Stockport,343,343,0.4879089615931721,0.22448979591836737,0.0,0.0,0.5189504373177842
E01005831,Stockport 027F,Stockport,271,271,0.3985294117647059,0.011070110701106972,0.0,0.0,0.7416974169741697
E01005832,Stockport 021A,Stockport,224,224,0.3522012578616352,0.0,0.0,0.0,0.6339285714285714
E01005833,Stockport 021B,Stockport,151,151,0.3268398268398268,0.0,0.0066225165562914245,0.0,0.4304635761589404
E01005834,Stockport 031A,Stockport,210,210,0.3322784810126582,0.16666666666666663,0.0,0.0,0.4
E01005835,Stockport 021C,Stockport,138,138,0.23875432525951557,0.0,0.0,0.0,0.6666666666666666
E01005836,Stockport 031B,Stockport,295,295,0.3486997635933806,0.013559322033898313,0.0,0.0,0.5966101694915255
E01005837,Stockport 021D,Stockport,211,211,0.3172932330827068,0.004739336492891044,0.0,0.0,0.6303317535545023
E01005838,Stockport 031C,Stockport,506,506,0.5672645739910314,0.11660079051383399,0.0,0.0,0.6245059288537549
E01005839,Stockport 035C,Stockport,135,135,0.24680073126142596,0.0,0.0,0.0,0.6814814814814815
E01005840,Stockport 031D,Stockport,351,351,0.4576271186440678,0.07407407407407407,0.0,0.0,0.5612535612535613
E01005841,Stockport 035D,Stockport,223,223,0.35453100158982515,0.0,0.0,0.0,0.4798206278026906
E01005842,Stockport 038A,Stockport,197,197,0.3003048780487805,0.005076142131979711,0.0,0.0,0.7106598984771574
E01005843,Stockport 021E,Stockport,181,181,0.3036912751677852,0.0,0.0,0.0,0.7016574585635359
E01005844,Stockport 036A,Stockport,181,181,0.3315018315018315,0.0055248618784530246,0.0,0.0,0.56353591160221
E01005845,Stockport 036B,Stockport,195,195,0.3181076672104405,0.0,0.0,0.0,0.7230769230769231
E01005846,Stockport 040A,Stockport,197,197,0.3187702265372168,0.005076142131979711,0.0,0.0,0.6192893401015228
E01005847,Stockport 040B,Stockport,227,227,0.36261980830670926,0.004405286343612369,0.0,0.0,0.5374449339207048
E01005848,Stockport 040C,Stockport,439,439,0.5494367959949937,0.08200455580865607,0.009111617312072884,0.0,0.32801822323462415
E01005849,Stockport 036C,Stockport,226,226,0.3450381679389313,0.02212389380530977,0.0,0.0,0.6548672566371682
E01005850,Stockport 040D,Stockport,301,301,0.4056603773584906,0.0,0.0,0.0,0.4883720930232558
E01005851,Stockport 036D,Stockport,226,226,0.3747927031509121,0.004424778761061954,0.0,0.0,0.7743362831858407
E01005852,Stockport 013A,Stockport,341,341,0.49853801169590645,0.0,0.0,0.0,0.5043988269794721
E01005853,Stockport 011A,Stockport,192,192,0.28699551569506726,0.0,0.0,0.0,0.5520833333333334
E01005854,Stockport 013B,Stockport,261,261,0.36149584487534625,0.003831417624521105,0.0,0.0,0.7816091954022989
E01005855,Stockport 013C,Stockport,200,200,0.3424657534246575,0.020000000000000018,0.0,0.0,0.615
E01005856,Stockport 011B,Stockport,217,217,0.3307926829268293,0.004608294930875556,0.0,0.0,0.6820276497695853
E01005857,Stockport 013D,Stockport,196,196,0.3166397415185784,0.0,0.0,0.0,0.5357142857142857
E01005858,Stockport 013E,Stockport,370,370,0.4671717171717172,0.008108108108108136,0.0,0.0,0.5297297297297298
E01005859,Stockport 008A,Stockport,333,333,0.5302547770700637,0.033033033033033066,0.0,0.0,0.5705705705705706
E01005860,Stockport 011C,Stockport,161,161,0.27380952380952384,0.0,0.0,0.0,0.7329192546583851
E01005861,Stockport 011D,Stockport,255,255,0.35864978902953587,0.0,0.0,0.0,0.6313725490196078
E01005862,Stockport 003A,Stockport,163,163,0.27580372250423013,0.0,0.0,0.0,0.6809815950920245
E01005863,Stockport 006A,Stockport,318,318,0.41245136186770426,0.05974842767295596,0.0,0.0,0.5691823899371069
E01005864,Stockport 006B,Stockport,237,237,0.36858475894245724,0.09704641350210974,0.0,0.0,0.6455696202531646
E01005865,Stockport 008B,Stockport,272,272,0.3527885862516213,0.2867647058823529,0.0,0.0,0.49264705882352944
E01005866,Stockport 006C,Stockport,473,473,0.5949685534591195,0.0021141649048626032,0.0,0.0,0.6363636363636364
E01005867,Stockport 008C,Stockport,260,260,0.4024767801857585,0.0,0.0,0.0,0.5923076923076923
E01005868,Stockport 008D,Stockport,165,165,0.27049180327868855,0.0060606060606061,0.0,0.0,0.6909090909090909
E01005869,Stockport 006D,Stockport,229,229,0.35068912710566613,0.013100436681222738,0.0,0.0,0.6724890829694323
E01005870,Stockport 015A,Stockport,227,227,0.37397034596375617,0.008810572687224627,0.0,0.0,0.6828193832599119
E01005871,Stockport 015B,Stockport,212,212,0.3419354838709677,0.07547169811320753,0.0,0.0,0.6320754716981132
E01005872,Stockport 019B,Stockport,323,323,0.40526976160602257,0.003095975232198178,0.0,0.0,0.6191950464396285
E01005873,Stockport 015C,Stockport,180,180,0.30664395229982966,0.0,0.0,0.0,0.7055555555555556
E01005874,Stockport 019C,Stockport,408,408,0.39344262295081966,0.17156862745098034,0.0,0.0,0.24019607843137256
E01005875,Stockport 015D,Stockport,304,304,0.4676923076923077,0.003289473684210509,0.0,0.0,0.5427631578947368
E01005876,Stockport 019D,Stockport,208,208,0.3432343234323432,0.004807692307692291,0.0,0.0,0.7211538461538461
E01005877,Stockport 019E,Stockport,312,312,0.4051948051948052,0.32692307692307687,0.0,0.0,0.4326923076923077
E01005878,Stockport 020A,Stockport,303,303,0.4122448979591837,0.13861386138613863,0.0,0.0,0.29042904290429045
E01005879,Stockport 020B,Stockport,214,214,0.3645655877342419,0.004672897196261627,0.0,0.0,0.677570093457944
E01005880,Stockport 017A,Stockport,233,233,0.3551829268292683,0.012875536480686733,0.0,0.0,0.7081545064377682
E01005881,Stockport 017B,Stockport,160,160,0.3225806451612903,0.0,0.0,0.0,0.725
E01005882,Stockport 020C,Stockport,168,168,0.3373493975903614,0.0714285714285714,0.0,0.0,0.48214285714285715
E01005883,Stockport 017C,Stockport,202,202,0.3042168674698795,0.02970297029702973,0.0,0.0,0.693069306930693
E01005884,Stockport 020D,Stockport,142,142,0.23986486486486486,0.0,0.0,0.0,0.704225352112676
E01005885,Stockport 020E,Stockport,342,342,0.49421965317919075,0.16081871345029242,0.0,0.0,0.4678362573099415
E01005886,Stockport 001A,Stockport,275,275,0.40263543191800877,0.029090909090909056,0.0,0.0,0.610909090909091
E01005887,Stockport 002A,Stockport,220,220,0.3328290468986384,0.0,0.0,0.0,0.4409090909090909
E01005888,Stockport 001B,Stockport,187,187,0.3185689948892675,0.0,0.0,0.0,0.7165775401069518
E01005889,Stockport 001C,Stockport,304,304,0.45170876671619614,0.009868421052631526,0.003289473684210509,0.0,0.5328947368421053
E01005890,Stockport 002B,Stockport,183,183,0.3122866894197952,0.0,0.0,0.0,0.6010928961748634
E01005891,Stockport 001D,Stockport,168,168,0.29473684210526313,0.0,0.0,0.0,0.6547619047619048
E01005892,Stockport 003B,Stockport,217,217,0.3924050632911392,0.018433179723502335,0.0,0.0,0.5944700460829493
E01005893,Stockport 002C,Stockport,576,576,0.5260273972602739,0.29861111111111116,0.0,0.0,0.4826388888888889
E01005894,Stockport 001E,Stockport,191,191,0.3350877192982456,0.0,0.0,0.0,0.7068062827225131
E01005895,Stockport 003C,Stockport,131,131,0.2706611570247934,0.0,0.0,0.0,0.6946564885496184
E01005896,Stockport 002D,Stockport,355,355,0.45108005082592123,0.0,0.0,0.0,0.647887323943662
E01005897,Stockport 010A,Stockport,205,205,0.3445378151260504,0.0,0.0,0.0,0.6292682926829268
E01005898,Stockport 010B,Stockport,257,257,0.3491847826086957,0.023346303501945553,0.0,0.0,0.5058365758754864
E01005899,Stockport 012B,Stockport,312,312,0.416,0.03205128205128205,0.0,0.0,0.5032051282051282
E01005900,Stockport 010C,Stockport,361,361,0.4563843236409608,0.06371191135734067,0.0,0.0,0.5152354570637119
E01005901,Stockport 012C,Stockport,184,184,0.2939297124600639,0.016304347826086918,0.0,0.0,0.592391304347826
E01005902,Stockport 012D,Stockport,351,351,0.4749661705006766,0.0,0.0,0.0,0.2535612535612536
E01005903,Stockport 010D,Stockport,196,196,0.31061806656101426,0.025510204081632626,0.0,0.0,0.7551020408163265
E01005904,Stockport 010E,Stockport,208,208,0.31278195488721805,0.028846153846153855,0.0,0.0,0.6105769230769231
E01005905,Stockport 012E,Stockport,288,288,0.47761194029850745,0.03472222222222221,0.0,0.0,0.3125
E01005906,Stockport 038B,Stockport,187,187,0.2949526813880126,0.0,0.0,0.0,0.7914438502673797
E01005907,Stockport 038C,Stockport,191,191,0.308562197092084,0.020942408376963373,0.0,0.0,0.7277486910994765
E01005908,Stockport 017D,Stockport,185,185,0.28996865203761757,0.05945945945945941,0.0,0.0,0.6702702702702703
E01005909,Stockport 029A,Stockport,203,203,0.3094512195121951,0.0049261083743842304,0.0,0.0,0.6650246305418719
E01005910,Stockport 029B,Stockport,273,273,0.3577981651376147,0.02564102564102566,0.0,0.0,0.5201465201465202
E01005911,Stockport 029C,Stockport,135,135,0.24770642201834864,0.014814814814814836,0.0,0.0,0.6444444444444445
E01005912,Stockport 029D,Stockport,214,214,0.3237518910741301,0.014018691588784993,0.0,0.0,0.6962616822429907
E01005913,Stockport 038D,Stockport,200,200,0.31446540880503143,0.010000000000000009,0.0,0.0,0.725
E01005914,Stockport 007A,Stockport,230,230,0.34175334323922735,0.0,0.0,0.0,0.6043478260869565
E01005915,Stockport 007B,Stockport,286,286,0.3983286908077994,0.013986013986013957,0.0,0.0,0.6048951048951049
E01005916,Stockport 007C,Stockport,365,365,0.5041436464088398,0.06849315068493156,0.0,0.0,0.6383561643835617
E01005917,Stockport 007D,Stockport,484,484,0.5383759733036707,0.13636363636363635,0.0,0.0,0.6239669421487604
E01005918,Stockport 014D,Stockport,310,310,0.37170263788968827,0.0,0.0,0.0,0.3096774193548387
E01005919,Stockport 002E,Stockport,259,259,0.36894586894586895,0.0,0.0,0.0,0.43243243243243246
E01005920,Stockport 003D,Stockport,188,188,0.2979397781299525,0.0,0.0,0.0,0.675531914893617
E01005921,Stockport 003E,Stockport,310,310,0.43235704323570434,0.04516129032258065,0.0,0.0,0.5548387096774193
E01005922,Stockport 003F,Stockport,218,218,0.35218093699515346,0.0,0.0,0.0,0.6284403669724771
E01005923,Stockport 041C,Stockport,207,207,0.3421487603305785,0.048309178743961345,0.0,0.0,0.7439613526570048
E01005924,Stockport 042A,Stockport,248,248,0.4723809523809524,0.06854838709677424,0.0,0.0,0.5161290322580645
E01005925,Stockport 042B,Stockport,301,301,0.4942528735632184,0.013289036544850474,0.2558139534883721,0.0,0.4119601328903654
E01005926,Stockport 042C,Stockport,833,833,0.9719953325554259,0.38175270108043213,0.0,0.0,0.12965186074429771
E01005927,Stockport 032A,Stockport,121,121,0.24643584521384929,0.0,0.0,0.0,0.6942148760330579
E01005928,Stockport 032B,Stockport,320,320,0.4804804804804805,0.03125,0.0,0.0,0.3625
E01005929,Stockport 032C,Stockport,200,200,0.33277870216306155,0.0050000000000000044,0.0,0.0,0.575
E01005930,Stockport 032D,Stockport,192,192,0.32,0.00520833333333337,0.0,0.0,0.6302083333333334
E01005931,Stockport 041D,Stockport,223,223,0.3500784929356358,0.03139013452914796,0.0,0.0,0.5829596412556054
E01005932,Stockport 042D,Stockport,146,146,0.27756653992395436,0.013698630136986356,0.0,0.0,0.7123287671232876
E01033947,Stockport 014E,Stockport,797,797,0.9310747663551402,0.2973651191969887,0.0,0.0,0.43914680050188204
E01033948,Stockport 014F,Stockport,375,375,0.4355400696864111,0.3626666666666667,0.0,0.0,0.16
E01005933,Tameside 006A,Tameside,238,238,0.4311594202898551,0.0,0.0,0.0,0.46638655462184875
E01005934,Tameside 006B,Tameside,198,198,0.31629392971246006,0.0,0.0,0.0,0.6666666666666666
E01005935,Tameside 006C,Tameside,350,350,0.550314465408805,0.0028571428571428914,0.0,0.0,0.44285714285714284
E01005936,Tameside 004A,Tameside,223,223,0.3457364341085271,0.008968609865470878,0.0,0.0,0.5022421524663677
E01005937,Tameside 004B,Tameside,269,269,0.37780898876404495,0.029739776951672847,0.0,0.0,0.39776951672862454
E01005938,Tameside 002A,Tameside,354,354,0.5462962962962963,0.005649717514124242,0.0,0.0,0.3757062146892655
E01005939,Tameside 002B,Tameside,143,143,0.29791666666666666,0.0,0.0,0.0,0.5804195804195804
E01005940,Tameside 002C,Tameside,164,164,0.2760942760942761,0.0,0.0,0.0,0.5670731707317073
E01005941,Tameside 007A,Tameside,363,363,0.4671814671814672,0.008264462809917328,0.0,0.0,0.4986225895316804
E01005942,Tameside 007B,Tameside,271,271,0.3827683615819209,0.0,0.0,0.0,0.6383763837638377
E01005943,Tameside 007C,Tameside,381,381,0.4492924528301887,0.0,0.0,0.0,0.6351706036745407
E01005944,Tameside 007D,Tameside,335,335,0.4633471645919779,0.3940298507462686,0.0,0.0,0.33432835820895523
E01005945,Tameside 004C,Tameside,308,308,0.4106666666666667,0.0,0.0,0.0,0.39285714285714285
E01005946,Tameside 004D,Tameside,283,283,0.40895953757225434,0.007067137809187329,0.0,0.0,0.5512367491166078
E01005947,Tameside 004E,Tameside,383,383,0.4710947109471095,0.02088772845953002,0.0,0.0,0.4699738903394256
E01005948,Tameside 013A,Tameside,781,781,0.6663822525597269,0.07298335467349548,0.007682458386683688,0.0,0.39436619718309857
E01005949,Tameside 006D,Tameside,369,369,0.5211864406779662,0.008130081300813052,0.0,0.0,0.5420054200542005
E01005950,Tameside 013B,Tameside,234,234,0.36505460218408736,0.0,0.0,0.0,0.5170940170940171
E01005951,Tameside 013C,Tameside,389,389,0.5152317880794702,0.010282776349614386,0.0,0.0,0.570694087403599
E01005953,Tameside 013E,Tameside,401,401,0.4577625570776256,0.11471321695760595,0.0,0.0,0.4613466334164589
E01005954,Tameside 005A,Tameside,305,305,0.4007884362680683,0.0,0.0,0.0,0.3475409836065574
E01005955,Tameside 002D,Tameside,184,184,0.2948717948717949,0.0,0.0,0.0,0.5597826086956522
E01005956,Tameside 005B,Tameside,180,180,0.30612244897959184,0.0,0.0,0.0,0.5777777777777777
E01005957,Tameside 005C,Tameside,260,260,0.41935483870967744,0.007692307692307665,0.0,0.0,0.6730769230769231
E01005958,Tameside 005D,Tameside,236,236,0.3475699558173785,0.04661016949152541,0.0,0.0,0.4152542372881356
E01005959,Tameside 005E,Tameside,286,286,0.39231824417009603,0.19930069930069927,0.0,0.0,0.3881118881118881
E01005960,Tameside 006E,Tameside,316,316,0.42760487144790255,0.0,0.0,0.0,0.5031645569620253
E01005961,Tameside 014A,Tameside,446,446,0.40216411181244366,0.3789237668161435,0.0,0.0,0.26905829596412556
E01005962,Tameside 014B,Tameside,192,192,0.32160804020100503,0.015625,0.0,0.0,0.6927083333333334
E01005963,Tameside 019A,Tameside,140,140,0.28629856850715746,0.0,0.0,0.0,0.5428571428571428
E01005964,Tameside 019B,Tameside,226,226,0.3450381679389313,0.0,0.0,0.0,0.6150442477876106
E01005965,Tameside 019C,Tameside,382,382,0.47869674185463656,0.33507853403141363,0.0,0.0,0.2198952879581152
E01005966,Tameside 019D,Tameside,223,223,0.35852090032154343,0.14798206278026904,0.0,0.0,0.4170403587443946
E01005967,Tameside 019E,Tameside,356,356,0.5014084507042254,0.022471910112359605,0.0,0.0,0.4691011235955056
E01005968,Tameside 014C,Tameside,173,173,0.28084415584415584,0.0,0.0,0.0,0.7225433526011561
E01005969,Tameside 014D,Tameside,438,438,0.7697715289982425,0.0,0.0,0.0,0.2671232876712329
E01005970,Tameside 021A,Tameside,221,221,0.3410493827160494,0.0,0.0,0.0,0.6470588235294118
E01005971,Tameside 025A,Tameside,246,246,0.38740157480314963,0.012195121951219523,0.0,0.0,0.6544715447154471
E01005972,Tameside 021B,Tameside,430,430,0.5650459921156373,0.006976744186046546,0.0,0.0,0.41627906976744183
E01005973,Tameside 026A,Tameside,192,192,0.32160804020100503,0.06770833333333337,0.0,0.0,0.5416666666666666
E01005974,Tameside 021C,Tameside,440,440,0.5365853658536586,0.050000000000000044,0.0,0.0,0.5659090909090909
E01005975,Tameside 021D,Tameside,332,332,0.4783861671469741,0.0060240963855421326,0.0,0.0,0.5481927710843374
E01005976,Tameside 026B,Tameside,203,203,0.3237639553429027,0.019704433497536922,0.0,0.0,0.28078817733990147
E01005977,Tameside 026C,Tameside,162,162,0.24397590361445784,0.0,0.0,0.0,0.5185185185185185
E01005978,Tameside 026D,Tameside,233,233,0.3864013266998342,0.0,0.0,0.0,0.4678111587982833
E01005979,Tameside 029A,Tameside,309,309,0.3997412677878396,0.003236245954692518,0.0,0.0,0.5275080906148867
E01005980,Tameside 029B,Tameside,230,230,0.36106750392464676,0.013043478260869601,0.0,0.0,0.4782608695652174
E01005981,Tameside 029C,Tameside,334,334,0.4175,0.029940119760479056,0.0,0.0,0.3323353293413174
E01005982,Tameside 029D,Tameside,251,251,0.44190140845070425,0.0,0.0,0.0,0.36254980079681276
E01005983,Tameside 029E,Tameside,203,203,0.29250720461095103,0.0,0.0,0.0,0.7487684729064039
E01005984,Tameside 029F,Tameside,352,352,0.4345679012345679,0.02840909090909094,0.0,0.0,0.2528409090909091
E01005985,Tameside 024A,Tameside,201,201,0.2896253602305475,0.0,0.0,0.0,0.6666666666666666
E01005986,Tameside 025B,Tameside,165,165,0.308411214953271,0.0,0.0,0.0,0.4909090909090909
E01005987,Tameside 024B,Tameside,211,211,0.30185979971387694,0.0,0.0,0.0,0.7251184834123223
E01005988,Tameside 024C,Tameside,190,190,0.297339593114241,0.0,0.0,0.0,0.5631578947368421
E01005989,Tameside 025C,Tameside,139,139,0.274703557312253,0.007194244604316502,0.0,0.0,0.5683453237410072
E01005990,Tameside 024D,Tameside,205,205,0.328,0.0,0.0,0.0,0.7365853658536585
E01005991,Tameside 024E,Tameside,219,219,0.3520900321543408,0.0,0.0,0.0,0.730593607305936
E01005992,Tameside 025D,Tameside,255,255,0.4351535836177474,0.0,0.0,0.0,0.615686274509804
E01005993,Tameside 010A,Tameside,197,197,0.3256198347107438,0.005076142131979711,0.0,0.0,0.6243654822335025
E01005994,Tameside 011A,Tameside,255,255,0.4187192118226601,0.0,0.0,0.0,0.6235294117647059
E01005995,Tameside 010B,Tameside,127,127,0.24612403100775193,0.03937007874015752,0.0,0.0,0.5669291338582677
E01005996,Tameside 010C,Tameside,286,286,0.3566084788029925,0.0,0.0,0.0,0.5454545454545454
E01005997,Tameside 010D,Tameside,254,254,0.3724340175953079,0.0,0.0,0.0,0.5196850393700787
E01005998,Tameside 012A,Tameside,443,443,0.5859788359788359,0.05643340857787815,0.0,0.0,0.44469525959367945
E01005999,Tameside 011B,Tameside,466,466,0.5005370569280344,0.10729613733905574,0.0,0.0,0.41201716738197425
E01006000,Tameside 010E,Tameside,380,380,0.40641711229946526,0.13684210526315788,0.0,0.0,0.41842105263157897
E01006001,Tameside 012B,Tameside,231,231,0.3581395348837209,0.025974025974025983,0.0,0.0,0.7012987012987013
E01006002,Tameside 011C,Tameside,201,201,0.35701598579040855,0.0,0.0,0.0,0.5671641791044776
E01006003,Tameside 012C,Tameside,236,236,0.37282780410742494,0.0,0.0,0.0,0.7245762711864406
E01006004,Tameside 011D,Tameside,193,193,0.31484502446982054,0.0,0.0,0.0,0.6839378238341969
E01006005,Tameside 011E,Tameside,233,233,0.37101910828025475,0.0,0.0,0.0,0.44635193133047213
E01006006,Tameside 012D,Tameside,204,204,0.34,0.0,0.0,0.0,0.7254901960784313
E01006007,Tameside 011F,Tameside,237,237,0.3668730650154799,0.0,0.0,0.0,0.5907172995780591
E01006008,Tameside 017A,Tameside,245,245,0.40032679738562094,0.0,0.0,0.0,0.4489795918367347
E01006009,Tameside 016A,Tameside,203,203,0.347008547008547,0.0,0.0,0.0,0.49261083743842365
E01006010,Tameside 017B,Tameside,320,320,0.4878048780487805,0.0,0.0,0.0,0.378125
E01006011,Tameside 018A,Tameside,247,247,0.3553956834532374,0.01619433198380571,0.0,0.0,0.3157894736842105
E01006012,Tameside 017C,Tameside,301,301,0.37719298245614036,0.046511627906976716,0.0,0.0,0.45514950166112955
E01006013,Tameside 018B,Tameside,206,206,0.36203866432337434,0.01941747572815533,0.0,0.0,0.6699029126213593
E01006014,Tameside 018C,Tameside,154,154,0.32083333333333336,0.0,0.0,0.0,0.538961038961039
E01006015,Tameside 017D,Tameside,133,133,0.255278310940499,0.0,0.0,0.0,0.5263157894736842
E01006016,Tameside 017E,Tameside,492,492,0.47398843930635837,0.004065040650406471,0.0,0.0,0.3434959349593496
E01006017,Tameside 016B,Tameside,117,117,0.21311475409836064,0.0,0.0,0.0,0.6581196581196581
E01006018,Tameside 016C,Tameside,132,132,0.23487544483985764,0.0,0.0,0.0,0.6666666666666666
E01006019,Tameside 018D,Tameside,316,316,0.3886838868388684,0.0031645569620253333,0.0,0.0,0.2879746835443038
E01006020,Tameside 018E,Tameside,250,250,0.3980891719745223,0.0,0.0,0.0,0.392
E01006021,Tameside 016D,Tameside,222,222,0.3669421487603306,0.0,0.0,0.0,0.6756756756756757
E01006022,Tameside 015A,Tameside,608,608,0.5846153846153846,0.17927631578947367,0.09210526315789469,0.0,0.39144736842105265
E01006023,Tameside 015B,Tameside,329,329,0.4102244389027431,0.003039513677811523,0.0,0.0,0.3768996960486322
E01006024,Tameside 022A,Tameside,187,187,0.27180232558139533,0.005347593582887722,0.0,0.0,0.5133689839572193
E01006025,Tameside 027A,Tameside,274,274,0.3508322663252241,0.16423357664233573,0.0,0.0,0.28102189781021897
E01006026,Tameside 022B,Tameside,347,347,0.47146739130434784,0.05475504322766567,0.0,0.0,0.4812680115273775
E01006027,Tameside 027B,Tameside,521,521,0.5184079601990049,0.472168905950096,0.0,0.0,0.05182341650671785
E01006028,Tameside 028A,Tameside,394,394,0.43924191750278707,0.0025380710659898,0.0,0.0,0.4873096446700508
E01006029,Tameside 028B,Tameside,357,357,0.4993006993006993,0.07843137254901966,0.0,0.0,0.48739495798319327
E01006030,Tameside 028C,Tameside,285,285,0.36585365853658536,0.10877192982456141,0.0,0.0,0.4456140350877193
E01006031,Tameside 020A,Tameside,466,466,0.4968017057569296,0.37339055793991416,0.0,0.0,0.26394849785407726
E01006032,Tameside 020B,Tameside,220,220,0.36666666666666664,0.06818181818181823,0.0,0.0,0.32727272727272727
E01006033,Tameside 020C,Tameside,316,316,0.4005069708491762,0.06645569620253167,0.0,0.0,0.39556962025316456
E01006034,Tameside 020D,Tameside,384,384,0.41379310344827586,0.015625,0.0,0.0,0.3463541666666667
E01006035,Tameside 020E,Tameside,442,442,0.4367588932806324,0.14479638009049778,0.0,0.0,0.27601809954751133
E01006036,Tameside 020F,Tameside,464,464,0.48996832101372756,0.08836206896551724,0.0,0.0,0.33620689655172414
E01006037,Tameside 022C,Tameside,248,248,0.38095238095238093,0.125,0.0,0.0,0.43951612903225806
E01006038,Tameside 022D,Tameside,191,191,0.28808446455505277,0.041884816753926746,0.0,0.0,0.5392670157068062
E01006039,Tameside 028D,Tameside,192,192,0.423841059602649,0.0,0.0,0.0,0.671875
E01006040,Tameside 028E,Tameside,275,275,0.4358161648177496,0.047272727272727244,0.0,0.0,0.5054545454545455
E01006041,Tameside 028F,Tameside,300,300,0.42857142857142855,0.01666666666666672,0.0,0.0,0.59
E01006042,Tameside 030A,Tameside,352,352,0.43349753694581283,0.06818181818181823,0.0,0.0,0.5738636363636364
E01006043,Tameside 030B,Tameside,219,219,0.3613861386138614,0.013698630136986356,0.0,0.0,0.6575342465753424
E01006044,Tameside 030C,Tameside,234,234,0.3577981651376147,0.14529914529914534,0.0,0.0,0.5341880341880342
E01006045,Tameside 030D,Tameside,175,175,0.32833020637898686,0.05714285714285716,0.0,0.0,0.7257142857142858
E01006046,Tameside 030E,Tameside,204,204,0.3253588516746411,0.0,0.0,0.0,0.75
E01006047,Tameside 023A,Tameside,283,283,0.4780405405405405,0.0,0.0,0.0,0.5265017667844523
E01006048,Tameside 023B,Tameside,311,311,0.4102902374670185,0.012861736334405127,0.0,0.0,0.6045016077170418
E01006049,Tameside 023C,Tameside,284,284,0.3717277486910995,0.007042253521126751,0.0,0.0,0.573943661971831
E01006050,Tameside 027C,Tameside,459,459,0.5847133757961783,0.06971677559912859,0.0,0.0,0.1111111111111111
E01006051,Tameside 023D,Tameside,223,223,0.3080110497237569,0.008968609865470878,0.0,0.0,0.6278026905829597
E01006052,Tameside 027D,Tameside,275,275,0.41793313069908816,0.014545454545454528,0.0,0.0,0.2727272727272727
E01006053,Tameside 001A,Tameside,315,315,0.3714622641509434,0.031746031746031744,0.0,0.0,0.45714285714285713
E01006054,Tameside 001B,Tameside,353,353,0.4368811881188119,0.09631728045325783,0.0,0.0,0.37960339943342775
E01006055,Tameside 001C,Tameside,265,265,0.38405797101449274,0.0792452830188679,0.0,0.0,0.6754716981132075
E01006056,Tameside 003A,Tameside,210,210,0.41749502982107356,0.023809523809523836,0.0,0.0,0.3380952380952381
E01006057,Tameside 001D,Tameside,249,249,0.3688888888888889,0.1124497991967871,0.0,0.0,0.5783132530120482
E01006058,Tameside 001E,Tameside,478,478,0.46862745098039216,0.03556485355648531,0.0,0.0,0.4895397489539749
E01006059,Tameside 001F,Tameside,231,231,0.36550632911392406,0.03463203463203468,0.0,0.0,0.6406926406926406
E01006060,Tameside 008A,Tameside,324,324,0.45569620253164556,0.006172839506172867,0.0,0.0,0.5061728395061729
E01006061,Tameside 003B,Tameside,344,344,0.3506625891946993,0.011627906976744207,0.0,0.0,0.33430232558139533
E01006062,Tameside 003C,Tameside,211,211,0.2601726263871763,0.0,0.0,0.0,0.6066350710900474
E01006063,Tameside 003D,Tameside,148,148,0.2605633802816901,0.020270270270270285,0.0,0.0,0.6148648648648649
E01006064,Tameside 008B,Tameside,314,314,0.392991239048811,0.09554140127388533,0.0,0.0,0.2961783439490446
E01006065,Tameside 008C,Tameside,212,212,0.4140625,0.0,0.0,0.0,0.16981132075471697
E01006066,Tameside 008D,Tameside,273,273,0.45348837209302323,0.0,0.0,0.0,0.6446886446886447
E01006067,Tameside 009A,Tameside,212,212,0.2868741542625169,0.0,0.0,0.0,0.5660377358490566
E01006068,Tameside 009B,Tameside,440,440,0.532043530834341,0.004545454545454519,0.0,0.0,0.5
E01006069,Tameside 009C,Tameside,265,265,0.375886524822695,0.007547169811320753,0.0,0.0,0.46037735849056605
E01006070,Tameside 015C,Tameside,247,247,0.39967637540453077,0.03238866396761131,0.0,0.0,0.7935222672064778
E01006071,Tameside 015D,Tameside,211,211,0.30272596843615496,0.11848341232227488,0.0,0.0,0.5924170616113744
E01006072,Tameside 015E,Tameside,185,185,0.2757078986587183,0.027027027027026973,0.0,0.0,0.6378378378378379
E01006073,Tameside 009D,Tameside,340,340,0.4156479217603912,0.04117647058823526,0.0,0.0,0.38823529411764707
E01033949,Tameside 013F,Tameside,268,268,0.45346869712351945,0.003731343283582045,0.0,0.0,0.12686567164179105
E01033950,Tameside 013G,Tameside,368,368,0.5395894428152492,0.0,0.0,0.0,0.18478260869565216
E01006074,Trafford 025A,Trafford,208,208,0.3317384370015949,0.019230769230769273,0.0,0.0,0.6826923076923077
E01006075,Trafford 025B,Trafford,718,718,0.6917148362235067,0.12256267409470756,0.0,0.0,0.3997214484679666
E01006076,Trafford 025C,Trafford,430,430,0.530209617755857,0.1325581395348837,0.0,0.0,0.4813953488372093
E01006077,Trafford 027A,Trafford,399,399,0.49688667496886674,0.10776942355889729,0.0,0.0,0.606516290726817
E01006078,Trafford 024A,Trafford,531,531,0.5369059656218402,0.17890772128060262,0.0,0.0,0.4952919020715631
E01006079,Trafford 025D,Trafford,540,540,0.5137963843958135,0.2129629629629629,0.0018518518518518823,0.0,0.23333333333333334
E01006080,Trafford 024B,Trafford,335,335,0.40556900726392253,0.05671641791044779,0.0,0.0,0.6597014925373135
E01006081,Trafford 027B,Trafford,180,180,0.35785288270377735,0.022222222222222254,0.0,0.0,0.4388888888888889
E01006082,Trafford 027C,Trafford,306,306,0.45468053491827637,0.02941176470588236,0.0,0.0,0.5588235294117647
E01006083,Trafford 026A,Trafford,155,155,0.3215767634854772,0.012903225806451646,0.0,0.0,0.6516129032258065
E01006084,Trafford 026B,Trafford,244,244,0.3836477987421384,0.012295081967213073,0.0,0.0,0.7254098360655737
E01006085,Trafford 027D,Trafford,232,232,0.3706070287539936,0.017241379310344862,0.0,0.0,0.6422413793103449
E01006086,Trafford 027E,Trafford,251,251,0.38496932515337423,0.019920318725099584,0.0,0.0,0.6055776892430279
E01006087,Trafford 025E,Trafford,200,200,0.3546099290780142,0.015000000000000013,0.0,0.0,0.625
E01006088,Trafford 026C,Trafford,269,269,0.40634441087613293,0.014869888475836479,0.0,0.0,0.8141263940520446
E01006089,Trafford 024C,Trafford,398,398,0.49318463444857497,0.2864321608040201,0.0,0.0,0.4748743718592965
E01006090,Trafford 020A,Trafford,428,428,0.4318869828456105,0.18224299065420557,0.0,0.0,0.3925233644859813
E01006091,Trafford 019A,Trafford,412,412,0.3560933448573898,0.06310679611650483,0.0,0.0,0.1966019417475728
E01006092,Trafford 019B,Trafford,225,225,0.448207171314741,0.0,0.0,0.0,0.6133333333333333
E01006093,Trafford 023A,Trafford,192,192,0.31017770597738287,0.0625,0.0,0.0,0.7083333333333334
E01006094,Trafford 020B,Trafford,174,174,0.29292929292929293,0.0,0.0,0.0,0.6896551724137931
E01006095,Trafford 019C,Trafford,190,190,0.2777777777777778,0.0,0.0,0.0,0.48947368421052634
E01006096,Trafford 020C,Trafford,189,189,0.32926829268292684,0.0,0.0,0.0,0.5767195767195767
E01006097,Trafford 015A,Trafford,377,377,0.4586374695863747,0.01591511936339518,0.0,0.0,0.4403183023872679
E01006098,Trafford 014A,Trafford,144,144,0.28180039138943247,0.0,0.0,0.0,0.6944444444444444
E01006099,Trafford 014B,Trafford,216,216,0.39344262295081966,0.00462962962962965,0.0,0.0,0.6574074074074074
E01006100,Trafford 020D,Trafford,191,191,0.3178036605657238,0.03141361256544506,0.0,0.0,0.6282722513089005
E01006101,Trafford 021A,Trafford,148,148,0.27056672760511885,0.0,0.0,0.0,0.6891891891891891
E01006102,Trafford 018A,Trafford,185,185,0.32342657342657344,0.0,0.0,0.0,0.5513513513513514
E01006103,Trafford 020E,Trafford,152,152,0.25249169435215946,0.0,0.0,0.0,0.6973684210526315
E01006104,Trafford 017A,Trafford,455,455,0.6091030789825971,0.07252747252747249,0.0,0.0,0.34505494505494505
E01006105,Trafford 017B,Trafford,315,315,0.4666666666666667,0.0031746031746031633,0.0,0.0,0.3746031746031746
E01006106,Trafford 017C,Trafford,314,314,0.5242070116861436,0.0,0.0,0.0,0.3630573248407643
E01006107,Trafford 017D,Trafford,504,504,0.721030042918455,0.0,0.0,0.0,0.25793650793650796
E01006108,Trafford 017E,Trafford,230,230,0.3685897435897436,0.0,0.0,0.0,0.5391304347826087
E01006109,Trafford 001A,Trafford,208,208,0.3902439024390244,0.16826923076923073,0.0,0.0,0.1778846153846154
E01006110,Trafford 001B,Trafford,266,266,0.4054878048780488,0.0,0.0,0.0,0.7631578947368421
E01006111,Trafford 001C,Trafford,322,322,0.5801801801801801,0.0,0.0,0.0,0.6770186335403726
E01006112,Trafford 001D,Trafford,351,351,0.5014285714285714,0.20797720797720798,0.19373219373219375,0.0,0.4843304843304843
E01006113,Trafford 004A,Trafford,143,143,0.3029661016949153,0.0,0.0,0.0,0.8881118881118881
E01006114,Trafford 004B,Trafford,219,219,0.3855633802816901,0.06849315068493156,0.0,0.0,0.5114155251141552
E01006115,Trafford 004C,Trafford,261,261,0.4416243654822335,0.06513409961685823,0.019157088122605415,0.0,0.5900383141762452
E01006116,Trafford 002A,Trafford,139,139,0.25884543761638734,0.0,0.0,0.0,0.7697841726618705
E01006117,Trafford 002B,Trafford,153,153,0.23943661971830985,0.0,0.0,0.0,0.7058823529411765
E01006118,Trafford 002C,Trafford,269,269,0.4020926756352765,0.137546468401487,0.0,0.0,0.5947955390334573
E01006119,Trafford 002D,Trafford,173,173,0.2746031746031746,0.0,0.0,0.0,0.6589595375722543
E01006120,Trafford 010A,Trafford,130,130,0.23255813953488372,0.0,0.0,0.0,0.7307692307692307
E01006121,Trafford 002E,Trafford,183,183,0.3065326633165829,0.0,0.0,0.0,0.6775956284153005
E01006122,Trafford 005A,Trafford,207,207,0.27860026917900405,0.04347826086956519,0.0,0.0,0.6570048309178744
E01006123,Trafford 005B,Trafford,207,207,0.31846153846153846,0.0,0.0,0.0,0.6956521739130435
E01006124,Trafford 005C,Trafford,169,169,0.27569331158238175,0.041420118343195256,0.0,0.0,0.7337278106508875
E01006125,Trafford 007A,Trafford,186,186,0.3069306930693069,0.0,0.0,0.0,0.6344086021505376
E01006126,Trafford 007B,Trafford,304,304,0.4069611780455154,0.13157894736842102,0.0,0.0,0.5164473684210527
E01006127,Trafford 007C,Trafford,152,152,0.2455573505654281,0.02631578947368418,0.0,0.0,0.7039473684210527
E01006128,Trafford 005D,Trafford,267,267,0.3401273885350318,0.16479400749063666,0.0,0.0,0.602996254681648
E01006129,Trafford 010B,Trafford,240,240,0.37676609105180536,0.004166666666666652,0.0,0.0,0.6083333333333333
E01006130,Trafford 007D,Trafford,221,221,0.29905277401894453,0.0,0.0,0.0,0.7239819004524887
E01006131,Trafford 005E,Trafford,186,186,0.2985553772070626,0.0,0.0,0.0,0.7526881720430108
E01006132,Trafford 007E,Trafford,223,223,0.3318452380952381,0.004484304932735439,0.0,0.0,0.6502242152466368
E01006133,Trafford 010C,Trafford,186,186,0.28615384615384615,0.0,0.0,0.0,0.8387096774193549
E01006134,Trafford 028A,Trafford,217,217,0.4117647058823529,0.07834101382488479,0.0,0.0,0.5161290322580645
E01006135,Trafford 028B,Trafford,227,227,0.3486943164362519,0.04405286343612336,0.0,0.0,0.5859030837004405
E01006136,Trafford 028C,Trafford,241,241,0.3893376413570275,0.049792531120331995,0.0,0.0,0.6307053941908713
E01006137,Trafford 028D,Trafford,180,180,0.37422037422037424,0.03888888888888886,0.0,0.0,0.5666666666666667
E01006138,Trafford 028E,Trafford,298,298,0.38107416879795397,0.020134228187919434,0.0,0.0,0.5134228187919463
E01006139,Trafford 026D,Trafford,258,258,0.3588317107093185,0.0,0.0,0.0,0.5310077519379846
E01006140,Trafford 026E,Trafford,243,243,0.3869426751592357,0.004115226337448541,0.0,0.0,0.7078189300411523
E01006141,Trafford 003A,Trafford,392,392,0.6058732612055642,0.14540816326530615,0.0,0.0,0.3112244897959184
E01006142,Trafford 011A,Trafford,283,283,0.37632978723404253,0.021201413427561877,0.0,0.0,0.5229681978798587
E01006143,Trafford 011B,Trafford,269,269,0.3864942528735632,0.01115241635687736,0.0,0.0,0.6394052044609665
E01006144,Trafford 011C,Trafford,313,313,0.4523121387283237,0.006389776357827448,0.0,0.0,0.5175718849840255
E01006145,Trafford 004D,Trafford,496,496,0.6153846153846154,0.2681451612903226,0.0,0.0,0.4112903225806452
E01006146,Trafford 004E,Trafford,172,172,0.26666666666666666,0.0,0.0,0.0,0.6744186046511628
E01006147,Trafford 012A,Trafford,152,152,0.2878787878787879,0.0,0.0,0.0,0.8026315789473685
E01006148,Trafford 016A,Trafford,227,227,0.33187134502923976,0.026431718061673992,0.0,0.0,0.44933920704845814
E01006149,Trafford 012B,Trafford,267,267,0.388646288209607,0.0,0.0,0.0,0.5468164794007491
E01006150,Trafford 012C,Trafford,435,435,0.5028901734104047,0.19999999999999996,0.0,0.0,0.6988505747126437
E01006151,Trafford 016B,Trafford,182,182,0.3215547703180212,0.0,0.0,0.0,0.7197802197802198
E01006152,Trafford 016C,Trafford,183,183,0.2956381260096931,0.010928961748633892,0.0,0.0,0.6338797814207651
E01006153,Trafford 016D,Trafford,178,178,0.2838915470494418,0.0,0.0,0.0,0.6573033707865169
E01006154,Trafford 012D,Trafford,279,279,0.4233687405159332,0.12186379928315416,0.0,0.0,0.6559139784946236
E01006155,Trafford 006A,Trafford,280,280,0.3905160390516039,0.16785714285714282,0.0,0.0,0.5571428571428572
E01006156,Trafford 008A,Trafford,276,276,0.3976945244956772,0.010869565217391353,0.0,0.0,0.44565217391304346
E01006157,Trafford 006B,Trafford,477,477,0.7271341463414634,0.5031446540880503,0.0,0.0,0.2914046121593291
E01006158,Trafford 008B,Trafford,359,359,0.4550063371356147,0.0,0.0,0.0,0.5181058495821727
E01006159,Trafford 006C,Trafford,263,263,0.37252124645892354,0.0038022813688213253,0.0,0.0,0.6539923954372624
E01006160,Trafford 015B,Trafford,629,629,0.578125,0.14149443561208264,0.004769475357710662,0.0,0.4356120826709062
E01006161,Trafford 015C,Trafford,453,453,0.4798728813559322,0.07947019867549665,0.0,0.0,0.4083885209713024
E01006162,Trafford 015D,Trafford,270,270,0.4,0.0037037037037036535,0.0,0.0,0.6666666666666666
E01006163,Trafford 015E,Trafford,350,350,0.4294478527607362,0.02285714285714291,0.0,0.0,0.7742857142857142
E01006164,Trafford 014C,Trafford,247,247,0.3402203856749311,0.04453441295546556,0.0,0.0,0.5748987854251012
E01006165,Trafford 012E,Trafford,551,551,0.6028446389496718,0.07078039927404722,0.0,0.0,0.5480943738656987
E01006166,Trafford 013A,Trafford,289,289,0.4243759177679883,0.0,0.0,0.0,0.4013840830449827
E01006167,Trafford 019D,Trafford,335,335,0.46398891966759004,0.0,0.0,0.0,0.19701492537313434
E01006168,Trafford 019E,Trafford,453,453,0.6171662125340599,0.0,0.0,0.0,0.23620309050772628
E01006169,Trafford 013B,Trafford,236,236,0.3538230884557721,0.0,0.0,0.0,0.6864406779661016
E01006170,Trafford 013C,Trafford,218,218,0.32200886262924666,0.0,0.0,0.0,0.5825688073394495
E01006171,Trafford 013D,Trafford,316,316,0.412532637075718,0.0,0.0,0.0,0.49683544303797467
E01006172,Trafford 016E,Trafford,185,185,0.2854938271604938,0.0,0.0,0.0,0.7621621621621621
E01006173,Trafford 018B,Trafford,179,179,0.29489291598023065,0.011173184357541888,0.0,0.0,0.7374301675977654
E01006174,Trafford 014D,Trafford,346,346,0.4250614250614251,0.034682080924855474,0.0,0.0,0.5838150289017341
E01006175,Trafford 018C,Trafford,309,309,0.4153225806451613,0.029126213592232997,0.0,0.0,0.5566343042071198
E01006176,Trafford 018D,Trafford,300,300,0.4143646408839779,0.033333333333333326,0.0,0.0,0.5133333333333333
E01006177,Trafford 018E,Trafford,240,240,0.39933444259567386,0.0,0.0,0.0,0.6291666666666667
E01006178,Trafford 014E,Trafford,273,273,0.3550065019505852,0.03296703296703296,0.0,0.0,0.7216117216117216
E01006179,Trafford 008C,Trafford,295,295,0.3474676089517079,0.0,0.0,0.0,0.5966101694915255
E01006180,Trafford 011D,Trafford,326,326,0.41581632653061223,0.0,0.0,0.0,0.7423312883435583
E01006181,Trafford 011E,Trafford,240,240,0.3675344563552833,0.0,0.0,0.0,0.6416666666666667
E01006182,Trafford 006D,Trafford,159,159,0.2713310580204778,0.0,0.0,0.0,0.7484276729559748
E01006183,Trafford 006E,Trafford,183,183,0.28818897637795277,0.0,0.0,0.0,0.8032786885245902
E01006184,Trafford 008D,Trafford,327,327,0.4336870026525199,0.00917431192660545,0.0,0.0,0.5840978593272171
E01006186,Trafford 003B,Trafford,680,680,0.7180570221752904,0.3205882352941176,0.1132352941176471,0.0,0.325
E01006187,Trafford 003C,Trafford,500,500,0.43859649122807015,0.014000000000000012,0.0,0.0,0.714
E01006188,Trafford 001F,Trafford,971,971,1.2385204081632653,0.22142121524201852,0.0,0.0,0.20803295571575695
E01006189,Trafford 003D,Trafford,370,370,0.39742212674543503,0.024324324324324298,0.0,0.0,0.6162162162162163
E01006190,Trafford 021B,Trafford,193,193,0.30062305295950154,0.041450777202072575,0.0,0.0,0.6476683937823834
E01006191,Trafford 023B,Trafford,212,212,0.3297045101088647,0.014150943396226467,0.0,0.0,0.5613207547169812
E01006192,Trafford 023C,Trafford,208,208,0.33386837881219905,0.009615384615384581,0.0,0.0,0.5865384615384616
E01006193,Trafford 024D,Trafford,184,184,0.2972536348949919,0.0,0.0,0.0,0.7391304347826086
E01006194,Trafford 024E,Trafford,436,436,0.4448979591836735,0.020642201834862428,0.0,0.0,0.518348623853211
E01006195,Trafford 021C,Trafford,189,189,0.28421052631578947,0.005291005291005346,0.0,0.0,0.7248677248677249
E01006196,Trafford 021D,Trafford,210,210,0.3088235294117647,0.004761904761904745,0.0,0.0,0.7428571428571429
E01006197,Trafford 010D,Trafford,187,187,0.313758389261745,0.021390374331550777,0.0,0.0,0.6737967914438503
E01006198,Trafford 009A,Trafford,366,366,0.5221112696148359,0.08196721311475408,0.0,0.0,0.48360655737704916
E01006199,Trafford 009B,Trafford,302,302,0.4053691275167785,0.009933774834437137,0.0,0.0,0.5860927152317881
E01006200,Trafford 009C,Trafford,291,291,0.4260614934114202,0.05154639175257736,0.0,0.0,0.47079037800687284
E01006201,Trafford 009D,Trafford,278,278,0.42572741194486985,0.010791366906474864,0.0,0.0,0.6402877697841727
E01006202,Trafford 009E,Trafford,280,280,0.4612850082372323,0.014285714285714235,0.0,0.0,0.6642857142857143
E01006203,Trafford 010E,Trafford,144,144,0.277992277992278,0.0625,0.0,0.0,0.7986111111111112
E01006204,Trafford 022A,Trafford,256,256,0.36363636363636365,0.13671875,0.13671875,0.0,0.38671875
E01006205,Trafford 023D,Trafford,147,147,0.2677595628415301,0.006802721088435382,0.0,0.0,0.7006802721088435
E01006206,Trafford 022B,Trafford,282,282,0.375,0.0,0.0,0.0,0.40425531914893614
E01006207,Trafford 022C,Trafford,316,316,0.4056482670089859,0.0,0.0,0.0,0.40189873417721517
E01006208,Trafford 022D,Trafford,218,218,0.34935897435897434,0.0,0.0,0.0,0.5596330275229358
E01006209,Trafford 023E,Trafford,212,212,0.3333333333333333,0.06603773584905659,0.0,0.0,0.6650943396226415
E01006210,Trafford 021E,Trafford,212,212,0.334913112164297,0.0,0.0,0.0,0.5047169811320755
E01006211,Trafford 022E,Trafford,199,199,0.30335365853658536,0.005025125628140725,0.0,0.0,0.6834170854271356
E01034000,Trafford 001G,Trafford,917,917,1.2210386151797603,0.4394765539803708,0.2824427480916031,0.0,0.10905125408942203
E01034001,Trafford 001H,Trafford,422,422,0.5403329065300896,0.22274881516587675,0.0,0.0,0.3459715639810427
E01006212,Wigan 026A,Wigan,156,156,0.26804123711340205,0.012820512820512775,0.0,0.0,0.7435897435897436
E01006213,Wigan 024A,Wigan,316,316,0.44886363636363635,0.006329113924050667,0.0,0.0,0.40189873417721517
E01006214,Wigan 026B,Wigan,262,262,0.4302134646962233,0.022900763358778664,0.0,0.0,0.5801526717557252
E01006215,Wigan 024B,Wigan,365,365,0.48089591567852435,0.03013698630136985,0.0,0.0,0.3424657534246575
E01006216,Wigan 026C,Wigan,260,260,0.29782359679266895,0.019230769230769273,0.0,0.0,0.3576923076923077
E01006217,Wigan 024C,Wigan,363,363,0.38990332975295383,0.030303030303030276,0.0,0.0,0.33608815426997246
E01006218,Wigan 024D,Wigan,475,475,0.4759519038076152,0.18315789473684208,0.0,0.0,0.32210526315789473
E01006219,Wigan 024E,Wigan,154,154,0.29389312977099236,0.01948051948051943,0.0,0.0,0.6363636363636364
E01006220,Wigan 035A,Wigan,237,237,0.3106159895150721,0.05063291139240511,0.0,0.0,0.5021097046413502
E01006221,Wigan 035B,Wigan,245,245,0.3540462427745665,0.0,0.0,0.0,0.5959183673469388
E01006222,Wigan 035C,Wigan,165,165,0.26025236593059936,0.012121212121212088,0.0,0.0,0.593939393939394
E01006223,Wigan 036A,Wigan,278,278,0.3662714097496706,0.06834532374100721,0.0,0.0,0.6402877697841727
E01006224,Wigan 035D,Wigan,119,119,0.23847695390781562,0.0,0.0,0.0,0.6302521008403361
E01006225,Wigan 036B,Wigan,165,165,0.25821596244131456,0.0,0.0,0.0,0.7454545454545455
E01006226,Wigan 035E,Wigan,222,222,0.29403973509933773,0.0,0.0,0.0,0.5765765765765766
E01006227,Wigan 038A,Wigan,169,169,0.2674050632911392,0.0,0.0,0.0,0.5621301775147929
E01006228,Wigan 038B,Wigan,311,311,0.4174496644295302,0.03536977491961413,0.0,0.0,0.6334405144694534
E01006229,Wigan 002A,Wigan,285,285,0.4391371340523883,0.0035087719298245723,0.0,0.0,0.47719298245614034
E01006230,Wigan 002B,Wigan,547,547,0.6360465116279069,0.45155393053016457,0.0,0.0,0.17550274223034734
E01006231,Wigan 004A,Wigan,190,190,0.296875,0.10526315789473684,0.0,0.0,0.631578947368421
E01006232,Wigan 004B,Wigan,299,299,0.3686806411837238,0.02341137123745818,0.0,0.0,0.4280936454849498
E01006233,Wigan 002C,Wigan,130,130,0.23049645390070922,0.0,0.0,0.0,0.6384615384615384
E01006234,Wigan 004C,Wigan,128,128,0.2401500938086304,0.0,0.0,0.0,0.5078125
E01006235,Wigan 004D,Wigan,197,197,0.2790368271954674,0.0,0.0,0.0,0.38071065989847713
E01006236,Wigan 007A,Wigan,194,194,0.27913669064748203,0.061855670103092786,0.0,0.0,0.5309278350515464
E01006237,Wigan 002D,Wigan,468,468,0.5864661654135338,0.3076923076923077,0.0,0.0,0.1794871794871795
E01006238,Wigan 002E,Wigan,251,251,0.33646112600536193,0.0,0.0,0.0,0.4820717131474104
E01006239,Wigan 017A,Wigan,319,319,0.3183632734530938,0.025078369905956133,0.0,0.0,0.3824451410658307
E01006240,Wigan 017B,Wigan,199,199,0.3294701986754967,0.05025125628140703,0.0,0.0,0.39195979899497485
E01006241,Wigan 017C,Wigan,508,508,0.5188968335035751,0.3326771653543307,0.0,0.0,0.1594488188976378
E01006242,Wigan 023A,Wigan,349,349,0.4011494252873563,0.2951289398280802,0.0,0.0,0.44126074498567336
E01006243,Wigan 023B,Wigan,308,308,0.3388338833883388,0.0,0.0,0.0,0.4772727272727273
E01006244,Wigan 023C,Wigan,512,512,0.5752808988764045,0.0,0.0,0.0,0.4765625
E01006245,Wigan 023D,Wigan,481,481,0.4142980189491817,0.14137214137214138,0.0,0.0,0.3804573804573805
E01006246,Wigan 034A,Wigan,298,298,0.41620111731843573,0.030201342281879207,0.0,0.0,0.43288590604026844
E01006247,Wigan 034B,Wigan,131,131,0.23731884057971014,0.0,0.0,0.0,0.6717557251908397
E01006248,Wigan 031A,Wigan,656,656,0.6418786692759295,0.3780487804878049,0.0,0.0,0.10975609756097561
E01006249,Wigan 031B,Wigan,190,190,0.286144578313253,0.17368421052631577,0.0,0.0,0.39473684210526316
E01006250,Wigan 029A,Wigan,360,360,0.39430449069003287,0.44166666666666665,0.0,0.0,0.3638888888888889
E01006251,Wigan 029B,Wigan,219,219,0.3348623853211009,0.23287671232876717,0.0,0.0,0.5707762557077626
E01006252,Wigan 034C,Wigan,199,199,0.3184,0.0,0.0,0.0,0.6884422110552764
E01006253,Wigan 005A,Wigan,241,241,0.35756676557863504,0.0,0.0,0.0,0.6970954356846473
E01006254,Wigan 005B,Wigan,237,237,0.3872549019607843,0.0,0.17721518987341767,0.0,0.43037974683544306
E01006255,Wigan 005C,Wigan,204,204,0.3072289156626506,0.014705882352941124,0.0,0.0,0.6176470588235294
E01006256,Wigan 005D,Wigan,311,311,0.4174496644295302,0.4147909967845659,0.0,0.0,0.3247588424437299
E01006257,Wigan 008A,Wigan,186,186,0.34831460674157305,0.016129032258064502,0.0,0.0,0.6559139784946236
E01006258,Wigan 008B,Wigan,256,256,0.36056338028169016,0.0078125,0.0,0.0,0.56640625
E01006259,Wigan 003A,Wigan,184,184,0.33212996389891697,0.07065217391304346,0.0,0.0,0.5434782608695652
E01006260,Wigan 005E,Wigan,185,185,0.2904238618524333,0.0,0.0,0.0,0.5459459459459459
E01006261,Wigan 036C,Wigan,224,224,0.3446153846153846,0.0,0.0,0.0,0.5669642857142857
E01006262,Wigan 032A,Wigan,332,332,0.47293447293447294,0.06024096385542166,0.0,0.0,0.25
E01006263,Wigan 032B,Wigan,151,151,0.23556942277691106,0.0,0.0,0.0,0.7019867549668874
E01006264,Wigan 036D,Wigan,92,92,0.17898832684824903,0.0,0.0,0.0,0.5978260869565217
E01006265,Wigan 036E,Wigan,204,204,0.3279742765273312,0.004901960784313708,0.0,0.0,0.6715686274509803
E01006266,Wigan 032C,Wigan,148,148,0.2364217252396166,0.0,0.0,0.0,0.777027027027027
E01006267,Wigan 032D,Wigan,232,232,0.31868131868131866,0.07327586206896552,0.0,0.0,0.3448275862068966
E01006268,Wigan 032E,Wigan,273,273,0.39,0.0,0.0,0.0,0.5421245421245421
E01006269,Wigan 013A,Wigan,316,316,0.3863080684596577,0.23734177215189878,0.069620253164557,0.0,0.39556962025316456
E01006270,Wigan 016A,Wigan,204,204,0.3217665615141956,0.0,0.0,0.0,0.3480392156862745
E01006271,Wigan 013B,Wigan,234,234,0.3132530120481928,0.021367521367521403,0.0,0.0,0.6111111111111112
E01006272,Wigan 013C,Wigan,596,596,0.781127129750983,0.07885906040268453,0.01342281879194629,0.0,0.28691275167785235
E01006273,Wigan 013D,Wigan,204,204,0.31097560975609756,0.02941176470588236,0.0,0.0,0.5490196078431373
E01006274,Wigan 016B,Wigan,277,277,0.4128166915052161,0.018050541516245522,0.0,0.0,0.4296028880866426
E01006275,Wigan 016C,Wigan,211,211,0.3093841642228739,0.023696682464455,0.0,0.0,0.45023696682464454
E01006276,Wigan 013E,Wigan,267,267,0.2989921612541993,0.0,0.0,0.0,0.5056179775280899
E01006277,Wigan 016D,Wigan,195,195,0.28846153846153844,0.2564102564102564,0.0,0.0,0.4205128205128205
E01006278,Wigan 019A,Wigan,207,207,0.27860026917900405,0.01449275362318836,0.0,0.0,0.6908212560386473
E01006279,Wigan 019B,Wigan,187,187,0.29264475743348983,0.021390374331550777,0.0,0.0,0.5668449197860963
E01006280,Wigan 019C,Wigan,193,193,0.30203442879499215,0.0,0.0,0.0,0.6373056994818653
E01006281,Wigan 019D,Wigan,278,278,0.3501259445843829,0.14388489208633093,0.0,0.0,0.5
E01006282,Wigan 027A,Wigan,322,322,0.42990654205607476,0.1273291925465838,0.0,0.0,0.33229813664596275
E01006283,Wigan 027B,Wigan,375,375,0.521557719054242,0.07733333333333337,0.0,0.0,0.3413333333333333
E01006284,Wigan 027C,Wigan,272,272,0.40416047548291234,0.018382352941176516,0.0,0.0,0.29044117647058826
E01006285,Wigan 019E,Wigan,253,253,0.30666666666666664,0.33596837944664026,0.0,0.0,0.4901185770750988
E01006286,Wigan 016E,Wigan,197,197,0.2810271041369472,0.14720812182741116,0.0,0.0,0.6345177664974619
E01006287,Wigan 017D,Wigan,99,99,0.2053941908713693,0.0,0.0,0.0,0.6767676767676768
E01006288,Wigan 025A,Wigan,225,225,0.2964426877470356,0.15555555555555556,0.0,0.0,0.36444444444444446
E01006289,Wigan 017E,Wigan,287,287,0.355638166047088,0.017421602787456414,0.0,0.0,0.3170731707317073
E01006290,Wigan 022A,Wigan,184,184,0.2944,0.0,0.0,0.0,0.75
E01006291,Wigan 022B,Wigan,262,262,0.3813682678311499,0.06106870229007633,0.0,0.0,0.6030534351145038
E01006292,Wigan 022C,Wigan,239,239,0.3682588597842835,0.012552301255230103,0.0,0.0,0.6861924686192469
E01006293,Wigan 022D,Wigan,296,296,0.3930942895086321,0.0,0.0,0.0,0.4594594594594595
E01006294,Wigan 025B,Wigan,442,442,0.48518111964873767,0.015837104072398245,0.0,0.0,0.5361990950226244
E01006295,Wigan 025C,Wigan,324,324,0.405,0.0,0.0,0.0,0.5802469135802469
E01006296,Wigan 037A,Wigan,399,399,0.5816326530612245,0.010025062656641603,0.0,0.0,0.19298245614035087
E01006297,Wigan 034D,Wigan,295,295,0.39918809201623817,0.01016949152542368,0.0,0.0,0.4135593220338983
E01006298,Wigan 037B,Wigan,325,325,0.47723935389133626,0.03692307692307695,0.0,0.0,0.30153846153846153
E01006299,Wigan 037C,Wigan,291,291,0.3333333333333333,0.0,0.0,0.0,0.49828178694158076
E01006300,Wigan 037D,Wigan,189,189,0.3113673805601318,0.042328042328042326,0.0,0.0,0.708994708994709
E01006301,Wigan 037E,Wigan,233,233,0.39625850340136054,0.15021459227467815,0.0,0.0,0.44206008583690987
E01006302,Wigan 040A,Wigan,353,353,0.4543114543114543,0.3342776203966006,0.0,0.0,0.41076487252124644
E01006303,Wigan 040B,Wigan,252,252,0.3574468085106383,0.3293650793650794,0.0,0.0,0.4880952380952381
E01006304,Wigan 040C,Wigan,208,208,0.3161094224924012,0.09134615384615385,0.0,0.0,0.5384615384615384
E01006305,Wigan 012A,Wigan,191,191,0.28254437869822485,0.005235602094240788,0.0,0.0,0.32460732984293195
E01006306,Wigan 009A,Wigan,353,353,0.42632850241545894,0.008498583569405138,0.0,0.0,0.49575070821529743
E01006307,Wigan 009B,Wigan,226,226,0.369281045751634,0.0,0.0,0.0,0.4823008849557522
E01006308,Wigan 012B,Wigan,330,330,0.4714285714285714,0.048484848484848464,0.0,0.0,0.5696969696969697
E01006309,Wigan 012C,Wigan,263,263,0.4077519379844961,0.07984790874524716,0.0,0.0,0.4828897338403042
E01006310,Wigan 012D,Wigan,267,267,0.3755274261603376,0.08239700374531833,0.0,0.0,0.48314606741573035
E01006311,Wigan 012E,Wigan,184,184,0.2902208201892745,0.005434782608695676,0.0,0.0,0.4076086956521739
E01006312,Wigan 003B,Wigan,182,182,0.29213483146067415,0.0,0.0,0.0,0.7032967032967034
E01006313,Wigan 003C,Wigan,197,197,0.3338983050847458,0.1624365482233503,0.0,0.0,0.3147208121827411
E01006314,Wigan 003D,Wigan,251,251,0.3161209068010076,0.1155378486055777,0.09561752988047811,0.0,0.47808764940239046
E01006315,Wigan 001A,Wigan,340,340,0.5238828967642527,0.23529411764705888,0.0,0.0,0.34705882352941175
E01006316,Wigan 001B,Wigan,444,444,0.5273159144893111,0.3986486486486487,0.0,0.0,0.20945945945945946
E01006317,Wigan 001C,Wigan,327,327,0.4497936726272352,0.31498470948012236,0.0,0.0,0.3577981651376147
E01006318,Wigan 003E,Wigan,151,151,0.23817034700315456,0.026490066225165587,0.0,0.0,0.7019867549668874
E01006319,Wigan 001D,Wigan,315,315,0.5393835616438356,0.1428571428571429,0.0,0.0,0.2857142857142857
E01006320,Wigan 003F,Wigan,128,128,0.22735346358792186,0.0,0.0,0.0,0.609375
E01006321,Wigan 003G,Wigan,170,170,0.24709302325581395,0.00588235294117645,0.0,0.0,0.5176470588235295
E01006322,Wigan 026D,Wigan,434,434,0.496,0.3709677419354839,0.0,0.0,0.34101382488479265
E01006323,Wigan 033A,Wigan,323,323,0.5046875,0.034055727554179516,0.0,0.0,0.4086687306501548
E01006324,Wigan 033B,Wigan,249,249,0.3952380952380952,0.02409638554216864,0.0,0.0,0.5301204819277109
E01006325,Wigan 033C,Wigan,245,245,0.3864353312302839,0.04081632653061229,0.0,0.0,0.5836734693877551
E01006326,Wigan 033D,Wigan,326,326,0.46839080459770116,0.0,0.0,0.0,0.6656441717791411
E01006327,Wigan 033E,Wigan,622,622,0.5895734597156398,0.4983922829581994,0.0,0.0,0.1045016077170418
E01006328,Wigan 030A,Wigan,399,399,0.5659574468085107,0.022556390977443663,0.010025062656641603,0.0,0.631578947368421
E01006329,Wigan 026E,Wigan,191,191,0.3921971252566735,0.015706806282722474,0.0,0.0,0.518324607329843
E01006330,Wigan 031C,Wigan,224,224,0.33432835820895523,0.004464285714285698,0.0,0.0,0.6607142857142857
E01006331,Wigan 031D,Wigan,151,151,0.23556942277691106,0.0,0.0,0.0,0.7483443708609272
E01006332,Wigan 031E,Wigan,449,449,0.49394939493949397,0.17817371937639204,0.10244988864142535,0.0,0.45434298440979953
E01006333,Wigan 030B,Wigan,530,530,0.5226824457593688,0.049056603773584895,0.0,0.0,0.5924528301886792
E01006334,Wigan 030C,Wigan,564,564,0.5674044265593562,0.16489361702127658,0.0,0.0,0.46808510638297873
E01006335,Wigan 034E,Wigan,333,333,0.43415906127770537,0.0,0.0,0.0,0.5525525525525525
E01006336,Wigan 027D,Wigan,238,238,0.34,0.05882352941176472,0.0,0.0,0.29411764705882354
E01006337,Wigan 027E,Wigan,217,217,0.3248502994011976,0.0,0.0,0.0,0.4930875576036866
E01006338,Wigan 030D,Wigan,324,324,0.41273885350318473,0.021604938271604923,0.0,0.0,0.5246913580246914
E01006339,Wigan 039A,Wigan,125,125,0.2158894645941278,0.0,0.0,0.0,0.744
E01006340,Wigan 039B,Wigan,533,533,0.6476306196840826,0.35272045028142585,0.015009380863039379,0.0,0.1726078799249531
E01006341,Wigan 040D,Wigan,370,370,0.4894179894179894,0.07837837837837835,0.0,0.0,0.25135135135135134
E01006342,Wigan 038C,Wigan,257,257,0.3624823695345557,0.11284046692607008,0.0,0.0,0.4785992217898833
E01006343,Wigan 039C,Wigan,141,141,0.2192846034214619,0.0,0.0,0.0,0.5035460992907801
E01006344,Wigan 038D,Wigan,145,145,0.25261324041811845,0.0,0.0,0.0,0.5724137931034483
E01006345,Wigan 039D,Wigan,278,278,0.41185185185185186,0.08992805755395683,0.0,0.0,0.5899280575539568
E01006346,Wigan 038E,Wigan,409,409,0.4332627118644068,0.009779951100244544,0.0,0.0,0.5330073349633252
E01006347,Wigan 040E,Wigan,189,189,0.29256965944272445,0.042328042328042326,0.0,0.0,0.5608465608465608
E01006348,Wigan 039E,Wigan,617,617,0.5504014272970562,0.5024311183144247,0.0,0.0,0.21231766612641814
E01006349,Wigan 015A,Wigan,563,563,0.5557749259624877,0.12611012433392543,0.0,0.0,0.38010657193605685
E01006350,Wigan 010A,Wigan,220,220,0.2976995940460081,0.0,0.0,0.0,0.4863636363636364
E01006351,Wigan 010B,Wigan,286,286,0.32873563218390806,0.006993006993006978,0.0,0.0,0.548951048951049
E01006352,Wigan 015B,Wigan,400,400,0.4608294930875576,0.18999999999999995,0.0,0.0,0.4275
E01006353,Wigan 014A,Wigan,187,187,0.28205128205128205,0.0,0.0,0.0,0.6363636363636364
E01006354,Wigan 014B,Wigan,271,271,0.43084260731319557,0.0036900369003689537,0.0,0.0,0.4612546125461255
E01006355,Wigan 014C,Wigan,271,271,0.3899280575539568,0.03690036900369009,0.0,0.0,0.5830258302583026
E01006356,Wigan 011A,Wigan,169,169,0.2949389179755672,0.011834319526627168,0.0,0.0,0.40236686390532544
E01006357,Wigan 010C,Wigan,192,192,0.2986003110419907,0.03645833333333337,0.0,0.0,0.4010416666666667
E01006358,Wigan 014D,Wigan,366,366,0.39653304442036835,0.09289617486338797,0.0,0.0,0.4344262295081967
E01006359,Wigan 014E,Wigan,218,218,0.3663865546218487,0.0,0.004587155963302725,0.0,0.5137614678899083
E01006360,Wigan 010D,Wigan,201,201,0.29088277858176553,0.00995024875621886,0.0,0.0,0.263681592039801
E01006361,Wigan 010E,Wigan,211,211,0.31921331316187596,0.0,0.0,0.0,0.38388625592417064
E01006362,Wigan 018A,Wigan,207,207,0.28317373461012313,0.004830917874396157,0.0,0.0,0.7004830917874396
E01006363,Wigan 018B,Wigan,241,241,0.33848314606741575,0.0,0.0,0.0,0.6473029045643154
E01006364,Wigan 018C,Wigan,255,255,0.3083434099153567,0.027450980392156876,0.0,0.0,0.5725490196078431
E01006365,Wigan 018D,Wigan,270,270,0.3099885189437428,0.01851851851851849,0.0,0.0,0.5148148148148148
E01006366,Wigan 018E,Wigan,231,231,0.2661290322580645,0.012987012987012991,0.0,0.0,0.5541125541125541
E01006367,Wigan 018F,Wigan,198,198,0.25647668393782386,0.015151515151515138,0.0,0.0,0.5909090909090909
E01006368,Wigan 018G,Wigan,242,242,0.29404617253948967,0.06611570247933884,0.0,0.0,0.5950413223140496
E01006369,Wigan 008C,Wigan,656,656,0.6295585412667947,0.2164634146341463,0.0,0.0,0.4557926829268293
E01006370,Wigan 006A,Wigan,603,603,0.6360759493670886,0.05472636815920395,0.0,0.0,0.582089552238806
E01006371,Wigan 008D,Wigan,265,265,0.40706605222734255,0.0,0.0,0.0,0.7245283018867924
E01006372,Wigan 006B,Wigan,187,187,0.2833333333333333,0.005347593582887722,0.0,0.0,0.5614973262032086
E01006373,Wigan 006C,Wigan,199,199,0.31437598736176936,0.0,0.0,0.0,0.7035175879396985
E01006374,Wigan 006D,Wigan,216,216,0.31952662721893493,0.0,0.0,0.0,0.6990740740740741
E01006375,Wigan 008E,Wigan,366,366,0.49326145552560646,0.04371584699453557,0.0,0.0,0.7240437158469946
E01006376,Wigan 028A,Wigan,224,224,0.30684931506849317,0.004464285714285698,0.0,0.0,0.39285714285714285
E01006377,Wigan 025D,Wigan,171,171,0.25948406676783003,0.01754385964912286,0.0,0.0,0.695906432748538
E01006378,Wigan 025E,Wigan,174,174,0.2939189189189189,0.0,0.0,0.0,0.7298850574712644
E01006379,Wigan 029C,Wigan,328,328,0.47674418604651164,0.08231707317073167,0.0,0.0,0.3384146341463415
E01006380,Wigan 029D,Wigan,946,946,0.8211805555555556,0.38689217758985206,0.0,0.0,0.14693446088794926
E01006381,Wigan 028B,Wigan,226,226,0.2927461139896373,0.0,0.0,0.0,0.4247787610619469
E01006382,Wigan 028C,Wigan,115,115,0.224609375,0.0,0.0,0.0,0.7043478260869566
E01006383,Wigan 028D,Wigan,150,150,0.2403846153846154,0.0,0.0,0.0,0.54
E01006384,Wigan 028E,Wigan,147,147,0.2508532423208191,0.0,0.0,0.0,0.7006802721088435
E01006385,Wigan 029E,Wigan,152,152,0.25249169435215946,0.013157894736842146,0.0,0.0,0.7039473684210527
E01006386,Wigan 009C,Wigan,325,325,0.3487124463519313,0.058461538461538454,0.058461538461538454,0.0,0.2953846153846154
E01006387,Wigan 009D,Wigan,211,211,0.3682373472949389,0.018957345971563955,0.0,0.0,0.6445497630331753
E01006388,Wigan 007B,Wigan,357,357,0.44183168316831684,0.1876750700280112,0.0,0.0,0.22969187675070027
E01006389,Wigan 007C,Wigan,121,121,0.23865877712031558,0.0,0.0,0.0,0.3884297520661157
E01006390,Wigan 006E,Wigan,291,291,0.377431906614786,0.21993127147766323,0.0,0.0,0.5154639175257731
E01006391,Wigan 007D,Wigan,179,179,0.26917293233082706,0.011173184357541888,0.0,0.0,0.7039106145251397
E01006392,Wigan 009E,Wigan,235,235,0.39232053422370616,0.021276595744680882,0.0,0.0,0.3148936170212766
E01006393,Wigan 021A,Wigan,171,171,0.28217821782178215,0.01754385964912286,0.0,0.0,0.5847953216374269
E01006394,Wigan 021B,Wigan,178,178,0.27596899224806204,0.011235955056179803,0.0,0.0,0.6966292134831461
E01006395,Wigan 021C,Wigan,207,207,0.22330097087378642,0.0,0.0,0.0,0.46859903381642515
E01006396,Wigan 011B,Wigan,169,169,0.2816666666666667,0.0,0.0,0.0,0.5384615384615384
E01006397,Wigan 011C,Wigan,207,207,0.36507936507936506,0.17874396135265702,0.05797101449275366,0.0,0.32367149758454106
E01006398,Wigan 011D,Wigan,174,174,0.35655737704918034,0.0,0.0,0.0,0.41954022988505746
E01006399,Wigan 011E,Wigan,327,327,0.46714285714285714,0.0,0.0,0.0,0.5321100917431193
E01006400,Wigan 021D,Wigan,409,409,0.5610425240054869,0.21760391198044005,0.0,0.0,0.1491442542787286
E01006401,Wigan 021E,Wigan,127,127,0.22678571428571428,0.0,0.0,0.0,0.5669291338582677
E01006402,Wigan 021F,Wigan,100,100,0.21231422505307856,0.0,0.0,0.0,0.74
E01006403,Wigan 021G,Wigan,155,155,0.22928994082840237,0.0,0.0,0.0,0.6645161290322581
E01006404,Wigan 015C,Wigan,322,322,0.4392905866302865,0.12422360248447206,0.08385093167701863,0.0,0.391304347826087
E01006405,Wigan 015D,Wigan,279,279,0.3531645569620253,0.2007168458781362,0.0,0.0,0.3727598566308244
E01006406,Wigan 020A,Wigan,175,175,0.2827140549273021,0.0,0.0,0.0,0.7885714285714286
E01006407,Wigan 020B,Wigan,128,128,0.21548821548821548,0.0,0.0,0.0,0.6171875
E01006408,Wigan 020C,Wigan,218,218,0.3096590909090909,0.20642201834862384,0.0,0.0,0.41284403669724773
E01006409,Wigan 020D,Wigan,148,148,0.2573913043478261,0.006756756756756799,0.0,0.0,0.6756756756756757
E01006410,Wigan 020E,Wigan,113,113,0.21200750469043153,0.008849557522123908,0.0,0.0,0.5752212389380531
E01006411,Wigan 015E,Wigan,343,343,0.5119402985074627,0.0,0.0,0.0,0.19533527696793002
